-- IDF_TARGET is not set, guessed 'esp32p4' from sdkconfig 'C:/Users/BEAST MODE/Desktop/Modulus Convert to ZIG/firmware/tab5/sdkconfig'
-- Found Git: C:/Program Files/Git/cmd/git.exe (found version "2.53.0.windows.1")
-- Component directory C:/Espressif/frameworks/esp-idf-v6.0.1/components/idf_test does not contain a CMakeLists.txt file. No component will be added
-- Minimal build - OFF
-- ccache will be used for faster recompilation
-- The C compiler identification is GNU 15.2.0
-- The CXX compiler identification is GNU 15.2.0
-- The ASM compiler identification is GNU
-- Found assembler: C:/Espressif/tools/riscv32-esp-elf/esp-15.2.0_20251204/riscv32-esp-elf/bin/riscv32-esp-elf-gcc.exe
-- Detecting C compiler ABI info
-- Detecting C compiler ABI info - done
-- Check for working C compiler: C:/Espressif/tools/riscv32-esp-elf/esp-15.2.0_20251204/riscv32-esp-elf/bin/riscv32-esp-elf-gcc.exe - skipped
-- Detecting C compile features
-- Detecting C compile features - done
-- Detecting CXX compiler ABI info
-- Detecting CXX compiler ABI info - done
-- Check for working CXX compiler: C:/Espressif/tools/riscv32-esp-elf/esp-15.2.0_20251204/riscv32-esp-elf/bin/riscv32-esp-elf-g++.exe - skipped
-- Detecting CXX compile features
-- Detecting CXX compile features - done
-- git describe returned 'fatal: bad revision 'HEAD''
-- Could not use 'git describe' to determine PROJECT_VER.
-- Building ESP-IDF components for target esp32p4
NOTICE: Using component placed at C:\Users\BEAST MODE\Desktop\Modulus Convert to ZIG\firmware\tab5\components\espressif__esp_wifi_remote for dependency "espressif/esp_wifi_remote", specified in C:\Users\BEAST MODE\Desktop\Modulus Convert to ZIG\firmware\tab5\main\idf_component.yml
NOTICE: Processing 28 dependencies:
NOTICE: [1/28] chmorgan/esp-audio-player (1.0.7)
NOTICE: [2/28] chmorgan/esp-file-iterator (1.0.0)
NOTICE: [3/28] chmorgan/esp-libhelix-mp3 (1.0.3)
NOTICE: [4/28] espressif/bmi270 (1.0.1~1)
NOTICE: [5/28] espressif/cmake_utilities (0.5.3)
NOTICE: [6/28] espressif/esp_cam_sensor (2.0.1)
NOTICE: [7/28] espressif/esp_codec_dev (1.5.10)
NOTICE: [8/28] espressif/esp_h264 (1.0.4)
NOTICE: [9/28] espressif/esp_hosted (2.11.4)
NOTICE: [10/28] espressif/esp_io_expander (1.2.1)
NOTICE: [11/28] espressif/esp_io_expander_pi4ioe5v6408 (1.0.1)
NOTICE: [12/28] espressif/esp_ipa (1.3.1)
NOTICE: [13/28] espressif/esp_lcd_ili9881c (1.1.0)
NOTICE: [14/28] espressif/esp_lcd_st7123 (1.0.2)
NOTICE: [15/28] espressif/esp_lcd_touch (1.2.1)
NOTICE: [16/28] espressif/esp_lcd_touch_gt911 (1.2.0~2)
NOTICE: [17/28] espressif/esp_lcd_touch_st7123 (1.0.2)
NOTICE: [18/28] espressif/esp_lvgl_port (2.8.0~1)
NOTICE: [19/28] espressif/esp_sccb_intf (0.0.8)
NOTICE: [20/28] espressif/esp_video (2.0.1)
NOTICE: [21/28] espressif/esp_wifi_remote (0.0.1) (C:\Users\BEAST MODE\Desktop\Modulus Convert to ZIG\firmware\tab5\components\espressif__esp_wifi_remote)
NOTICE: [22/28] espressif/i2c_bus (1.5.1)
NOTICE: [23/28] espressif/m5stack_tab5 (1.2.0~1)
NOTICE: [24/28] espressif/sensor_hub (0.1.4)
NOTICE: [25/28] espressif/usb (1.4.1)
NOTICE: [26/28] espressif/usb_host_uvc (2.4.2)
NOTICE: [27/28] lvgl/lvgl (9.5.0)
NOTICE: [28/28] idf (6.2.0)
-- Using new driver components (IDF ╬ô├½├æ 5.0)
-- Using esp_driver_i2c (SRC_FILE=i2c_bus_v2.c, REQ=esp_driver_i2c driver)
-- ESP-TEE is currently supported only on the esp32c6;esp32h2;esp32c5;esp32c61 SoCs
-- KCONFIG_REPORT_VERBOSITY not set, using default
-- Project sdkconfig file C:/Users/BEAST MODE/Desktop/Modulus Convert to ZIG/firmware/tab5/sdkconfig
Loading defaults file C:/Users/BEAST MODE/Desktop/Modulus Convert to ZIG/firmware/tab5/sdkconfig.defaults...
info: C:\Users\BEASTM~1\AppData\Local\Temp\kconfgen_tmp9rv05njm:33 CONFIG_SPIRAM_ALLOW_STACK_EXTERNAL_MEMORY was replaced with CONFIG_FREERTOS_TASK_CREATE_ALLOW_EXT_MEM
warning: unknown kconfig symbol 'COMPILER_WARNINGS_AS_ERRORS' assigned to 'y' in C:/Users/BEAST MODE/Desktop/Modulus Convert to ZIG/firmware/tab5/sdkconfig.defaults
warning: unknown kconfig symbol 'BSP_LCD_COLOR_FORMAT_RGB565' assigned to 'y' in C:/Users/BEAST MODE/Desktop/Modulus Convert to ZIG/firmware/tab5/sdkconfig.defaults
Configuration Report                                                            
 ╬ô├╢├ç╬ô├╢├ç╬ô├╢├ç╬ô├╢├ç╬ô├╢├ç╬ô├╢├ç╬ô├╢├ç╬ô├╢├ç╬ô├╢├ç╬ô├╢├ç╬ô├╢├ç╬ô├╢├ç╬ô├╢├ç╬ô├╢├ç╬ô├╢├ç╬ô├╢├ç╬ô├╢├ç╬ô├╢├ç╬ô├╢├ç╬ô├╢├ç╬ô├╢├ç╬ô├╢├ç╬ô├╢├ç╬ô├╢├ç╬ô├╢├ç╬ô├╢├ç╬ô├╢├ç╬ô├╢├ç╬ô├╢├ç╬ô├╢├ç╬ô├╢├ç╬ô├╢├ç╬ô├╢├ç╬ô├╢├ç╬ô├╢├ç╬ô├╢├ç╬ô├╢├ç╬ô├╢├ç╬ô├╢├ç╬ô├╢├ç╬ô├╢├ç╬ô├╢├ç╬ô├╢├ç╬ô├╢├ç╬ô├╢├ç╬ô├╢├ç╬ô├╢├ç╬ô├╢├ç╬ô├╢├ç╬ô├╢├ç╬ô├╢├ç╬ô├╢├ç╬ô├╢├ç╬ô├╢├ç╬ô├╢├ç╬ô├╢├ç╬ô├╢├ç╬ô├╢├ç╬ô├╢├ç╬ô├╢├ç╬ô├╢├ç╬ô├╢├ç╬ô├╢├ç╬ô├╢├ç╬ô├╢├ç╬ô├╢├ç╬ô├╢├ç╬ô├╢├ç╬ô├╢├ç╬ô├╢├ç╬ô├╢├ç╬ô├╢├ç╬ô├╢├ç╬ô├╢├ç╬ô├╢├ç╬ô├╢├ç╬ô├╢├ç╬ô├╢├ç 
   Parser Version: 1                                                            
   Verbosity: default                                                           
   Defaults policy: sdkconfig                                                   
   Status: Finished with notifications                                          
                                                                                
  Miscellaneous                                                                 
   ╬ô├╢├ç╬ô├╢├ç╬ô├╢├ç╬ô├╢├ç╬ô├╢├ç╬ô├╢├ç╬ô├╢├ç╬ô├╢├ç╬ô├╢├ç╬ô├╢├ç╬ô├╢├ç╬ô├╢├ç╬ô├╢├ç╬ô├╢├ç╬ô├╢├ç╬ô├╢├ç╬ô├╢├ç╬ô├╢├ç╬ô├╢├ç╬ô├╢├ç╬ô├╢├ç╬ô├╢├ç╬ô├╢├ç╬ô├╢├ç╬ô├╢├ç╬ô├╢├ç╬ô├╢├ç╬ô├╢├ç╬ô├╢├ç╬ô├╢├ç╬ô├╢├ç╬ô├╢├ç╬ô├╢├ç╬ô├╢├ç╬ô├╢├ç╬ô├╢├ç╬ô├╢├ç╬ô├╢├ç╬ô├╢├ç╬ô├╢├ç╬ô├╢├ç╬ô├╢├ç╬ô├╢├ç╬ô├╢├ç╬ô├╢├ç╬ô├╢├ç╬ô├╢├ç╬ô├╢├ç╬ô├╢├ç╬ô├╢├ç╬ô├╢├ç╬ô├╢├ç╬ô├╢├ç╬ô├╢├ç╬ô├╢├ç╬ô├╢├ç╬ô├╢├ç╬ô├╢├ç╬ô├╢├ç╬ô├╢├ç╬ô├╢├ç╬ô├╢├ç╬ô├╢├ç╬ô├╢├ç╬ô├╢├ç╬ô├╢├ç╬ô├╢├ç╬ô├╢├ç╬ô├╢├ç╬ô├╢├ç╬ô├╢├ç╬ô├╢├ç╬ô├╢├ç╬ô├╢├ç   
    * Choice PARTITION_TABLE_TYPE has multiple active selections. The last      
    one will be used: PARTITION_TABLE_CUSTOM.                                   
   ╬ô├╢├ç╬ô├╢├ç╬ô├╢├ç╬ô├╢├ç╬ô├╢├ç╬ô├╢├ç╬ô├╢├ç╬ô├╢├ç╬ô├╢├ç╬ô├╢├ç╬ô├╢├ç╬ô├╢├ç╬ô├╢├ç╬ô├╢├ç╬ô├╢├ç╬ô├╢├ç╬ô├╢├ç╬ô├╢├ç╬ô├╢├ç╬ô├╢├ç╬ô├╢├ç╬ô├╢├ç╬ô├╢├ç╬ô├╢├ç╬ô├╢├ç╬ô├╢├ç╬ô├╢├ç╬ô├╢├ç╬ô├╢├ç╬ô├╢├ç╬ô├╢├ç╬ô├╢├ç╬ô├╢├ç╬ô├╢├ç╬ô├╢├ç╬ô├╢├ç╬ô├╢├ç╬ô├╢├ç╬ô├╢├ç╬ô├╢├ç╬ô├╢├ç╬ô├╢├ç╬ô├╢├ç╬ô├╢├ç╬ô├╢├ç╬ô├╢├ç╬ô├╢├ç╬ô├╢├ç╬ô├╢├ç╬ô├╢├ç╬ô├╢├ç╬ô├╢├ç╬ô├╢├ç╬ô├╢├ç╬ô├╢├ç╬ô├╢├ç╬ô├╢├ç╬ô├╢├ç╬ô├╢├ç╬ô├╢├ç╬ô├╢├ç╬ô├╢├ç╬ô├╢├ç╬ô├╢├ç╬ô├╢├ç╬ô├╢├ç╬ô├╢├ç╬ô├╢├ç╬ô├╢├ç╬ô├╢├ç╬ô├╢├ç╬ô├╢├ç╬ô├╢├ç╬ô├╢├ç   
  Multiple Assignments                                                          
   ╬ô├╢├ç╬ô├╢├ç╬ô├╢├ç╬ô├╢├ç╬ô├╢├ç╬ô├╢├ç╬ô├╢├ç╬ô├╢├ç╬ô├╢├ç╬ô├╢├ç╬ô├╢├ç╬ô├╢├ç╬ô├╢├ç╬ô├╢├ç╬ô├╢├ç╬ô├╢├ç╬ô├╢├ç╬ô├╢├ç╬ô├╢├ç╬ô├╢├ç╬ô├╢├ç╬ô├╢├ç╬ô├╢├ç╬ô├╢├ç╬ô├╢├ç╬ô├╢├ç╬ô├╢├ç╬ô├╢├ç╬ô├╢├ç╬ô├╢├ç╬ô├╢├ç╬ô├╢├ç╬ô├╢├ç╬ô├╢├ç╬ô├╢├ç╬ô├╢├ç╬ô├╢├ç╬ô├╢├ç╬ô├╢├ç╬ô├╢├ç╬ô├╢├ç╬ô├╢├ç                                   
    Symbol PARTITION_TABLE_CUSTOM_FILENAME:                                     
        partitions.csv (user-set value)                                         
        partitions.csv (user-set value)                                         
        -> using partitions.csv                                                 
   ╬ô├╢├ç╬ô├╢├ç╬ô├╢├ç╬ô├╢├ç╬ô├╢├ç╬ô├╢├ç╬ô├╢├ç╬ô├╢├ç╬ô├╢├ç╬ô├╢├ç╬ô├╢├ç╬ô├╢├ç╬ô├╢├ç╬ô├╢├ç╬ô├╢├ç╬ô├╢├ç╬ô├╢├ç╬ô├╢├ç╬ô├╢├ç╬ô├╢├ç╬ô├╢├ç╬ô├╢├ç╬ô├╢├ç╬ô├╢├ç╬ô├╢├ç╬ô├╢├ç╬ô├╢├ç╬ô├╢├ç╬ô├╢├ç╬ô├╢├ç╬ô├╢├ç╬ô├╢├ç╬ô├╢├ç╬ô├╢├ç╬ô├╢├ç╬ô├╢├ç╬ô├╢├ç╬ô├╢├ç╬ô├╢├ç╬ô├╢├ç╬ô├╢├ç╬ô├╢├ç                                   
  Disabled Symbols/Choices With User-Set Value                                  
   ╬ô├╢├ç╬ô├╢├ç╬ô├╢├ç╬ô├╢├ç╬ô├╢├ç╬ô├╢├ç╬ô├╢├ç╬ô├╢├ç╬ô├╢├ç╬ô├╢├ç╬ô├╢├ç╬ô├╢├ç╬ô├╢├ç╬ô├╢├ç╬ô├╢├ç╬ô├╢├ç╬ô├╢├ç╬ô├╢├ç╬ô├╢├ç╬ô├╢├ç╬ô├╢├ç╬ô├╢├ç╬ô├╢├ç╬ô├╢├ç╬ô├╢├ç╬ô├╢├ç╬ô├╢├ç╬ô├╢├ç╬ô├╢├ç╬ô├╢├ç╬ô├╢├ç╬ô├╢├ç╬ô├╢├ç╬ô├╢├ç╬ô├╢├ç╬ô├╢├ç╬ô├╢├ç╬ô├╢├ç╬ô├╢├ç╬ô├╢├ç╬ô├╢├ç╬ô├╢├ç╬ô├╢├ç╬ô├╢├ç╬ô├╢├ç╬ô├╢├ç╬ô├╢├ç╬ô├╢├ç╬ô├╢├ç╬ô├╢├ç╬ô├╢├ç╬ô├╢├ç╬ô├╢├ç╬ô├╢├ç╬ô├╢├ç╬ô├╢├ç╬ô├╢├ç╬ô├╢├ç╬ô├╢├ç╬ô├╢├ç╬ô├╢├ç╬ô├╢├ç╬ô├╢├ç╬ô├╢├ç╬ô├╢├ç╬ô├╢├ç╬ô├╢├ç╬ô├╢├ç╬ô├╢├ç╬ô├╢├ç╬ô├╢├ç╬ô├╢├ç╬ô├╢├ç╬ô├╢├ç   
    * ESP_HOSTED_ENABLE_BT_NIMBLE (defined at C:/Users/BEAST                    
    MODE/Desktop/Modulus Convert to                                             
    ZIG/firmware/tab5/managed_components/espressif__esp_hosted/Kconfig:1608)    
    with user-set value y from                                                  
    C:\Users\BEASTM~1\AppData\Local\Temp\kconfgen_tmp9rv05njm                   
    * <choice ESP_HOSTED_NIMBLE_HCI_TYPE> (defined at C:/Users/BEAST            
    MODE/Desktop/Modulus Convert to                                             
    ZIG/firmware/tab5/managed_components/espressif__esp_hosted/Kconfig:1614)    
    with user-set value ESP_HOSTED_NIMBLE_HCI_VHCI from                         
    C:\Users\BEASTM~1\AppData\Local\Temp\kconfgen_tmp9rv05njm                   
   ╬ô├╢├ç╬ô├╢├ç╬ô├╢├ç╬ô├╢├ç╬ô├╢├ç╬ô├╢├ç╬ô├╢├ç╬ô├╢├ç╬ô├╢├ç╬ô├╢├ç╬ô├╢├ç╬ô├╢├ç╬ô├╢├ç╬ô├╢├ç╬ô├╢├ç╬ô├╢├ç╬ô├╢├ç╬ô├╢├ç╬ô├╢├ç╬ô├╢├ç╬ô├╢├ç╬ô├╢├ç╬ô├╢├ç╬ô├╢├ç╬ô├╢├ç╬ô├╢├ç╬ô├╢├ç╬ô├╢├ç╬ô├╢├ç╬ô├╢├ç╬ô├╢├ç╬ô├╢├ç╬ô├╢├ç╬ô├╢├ç╬ô├╢├ç╬ô├╢├ç╬ô├╢├ç╬ô├╢├ç╬ô├╢├ç╬ô├╢├ç╬ô├╢├ç╬ô├╢├ç╬ô├╢├ç╬ô├╢├ç╬ô├╢├ç╬ô├╢├ç╬ô├╢├ç╬ô├╢├ç╬ô├╢├ç╬ô├╢├ç╬ô├╢├ç╬ô├╢├ç╬ô├╢├ç╬ô├╢├ç╬ô├╢├ç╬ô├╢├ç╬ô├╢├ç╬ô├╢├ç╬ô├╢├ç╬ô├╢├ç╬ô├╢├ç╬ô├╢├ç╬ô├╢├ç╬ô├╢├ç╬ô├╢├ç╬ô├╢├ç╬ô├╢├ç╬ô├╢├ç╬ô├╢├ç╬ô├╢├ç╬ô├╢├ç╬ô├╢├ç╬ô├╢├ç╬ô├╢├ç   
 ╬ô├╢├ç╬ô├╢├ç╬ô├╢├ç╬ô├╢├ç╬ô├╢├ç╬ô├╢├ç╬ô├╢├ç╬ô├╢├ç╬ô├╢├ç╬ô├╢├ç╬ô├╢├ç╬ô├╢├ç╬ô├╢├ç╬ô├╢├ç╬ô├╢├ç╬ô├╢├ç╬ô├╢├ç╬ô├╢├ç╬ô├╢├ç╬ô├╢├ç╬ô├╢├ç╬ô├╢├ç╬ô├╢├ç╬ô├╢├ç╬ô├╢├ç╬ô├╢├ç╬ô├╢├ç╬ô├╢├ç╬ô├╢├ç╬ô├╢├ç╬ô├╢├ç╬ô├╢├ç╬ô├╢├ç╬ô├╢├ç╬ô├╢├ç╬ô├╢├ç╬ô├╢├ç╬ô├╢├ç╬ô├╢├ç╬ô├╢├ç╬ô├╢├ç╬ô├╢├ç╬ô├╢├ç╬ô├╢├ç╬ô├╢├ç╬ô├╢├ç╬ô├╢├ç╬ô├╢├ç╬ô├╢├ç╬ô├╢├ç╬ô├╢├ç╬ô├╢├ç╬ô├╢├ç╬ô├╢├ç╬ô├╢├ç╬ô├╢├ç╬ô├╢├ç╬ô├╢├ç╬ô├╢├ç╬ô├╢├ç╬ô├╢├ç╬ô├╢├ç╬ô├╢├ç╬ô├╢├ç╬ô├╢├ç╬ô├╢├ç╬ô├╢├ç╬ô├╢├ç╬ô├╢├ç╬ô├╢├ç╬ô├╢├ç╬ô├╢├ç╬ô├╢├ç╬ô├╢├ç╬ô├╢├ç╬ô├╢├ç╬ô├╢├ç╬ô├╢├ç 
-- Detecting C compiler ABI info
-- Detecting C compiler ABI info - done
-- Detecting CXX compiler ABI info
-- Detecting CXX compiler ABI info - done
-- Detecting C compiler ABI info
-- Detecting C compiler ABI info - done
-- Detecting CXX compiler ABI info
-- Detecting CXX compiler ABI info - done
-- Detecting C compiler ABI info
-- Detecting C compiler ABI info - done
-- Detecting CXX compiler ABI info
-- Detecting CXX compiler ABI info - done
-- Adding linker script C:/Espressif/frameworks/esp-idf-v6.0.1/components/riscv/ld/rom.api.ld
-- App "modulus_tab5" version: 1
-- Found Python3: C:/Espressif/python_env/idf6.2_py3.15_env/Scripts/python.exe (found version "3.15.0") found components: Interpreter
-- Performing Test CMAKE_HAVE_LIBC_PTHREAD
-- Performing Test CMAKE_HAVE_LIBC_PTHREAD - Success
-- Found Threads: TRUE
-- Performing Test C_COMPILER_SUPPORTS_WFORMAT_SIGNEDNESS
-- Performing Test C_COMPILER_SUPPORTS_WFORMAT_SIGNEDNESS - Success
-- Setting up mbedtls configuration
-- Linkage type is PUBLIC
-- Adding linker script C:/Espressif/frameworks/esp-idf-v6.0.1/components/esp_hal_wdt/esp32p4/rom.wdt.ld
-- Adding linker script C:/Espressif/frameworks/esp-idf-v6.0.1/components/esp_system/ld/esp32p4/memory.ld.in
--   -> Preprocessing .in script: C:/Espressif/frameworks/esp-idf-v6.0.1/components/esp_system/ld/esp32p4/memory.ld.in
-- Adding linker script C:/Espressif/frameworks/esp-idf-v6.0.1/components/esp_system/ld/esp32p4/sections.ld.in
--   -> Preprocessing .in script: C:/Espressif/frameworks/esp-idf-v6.0.1/components/esp_system/ld/esp32p4/sections.ld.in
--   -> Applying ldgen processing: C:/Users/BEAST MODE/Desktop/Modulus Convert to ZIG/firmware/tab5/build/esp-idf/esp_system/ld/sections.ld.in
-- Adding linker script C:/Espressif/frameworks/esp-idf-v6.0.1/components/esp_rom/esp32p4/ld/esp32p4.rom.eco0_4.ld
-- Adding linker script C:/Espressif/frameworks/esp-idf-v6.0.1/components/esp_rom/esp32p4/ld/esp32p4.rom.api.ld
-- Adding linker script C:/Espressif/frameworks/esp-idf-v6.0.1/components/esp_rom/esp32p4/ld/esp32p4.rom.eco0_4.rvfp.ld
-- Adding linker script C:/Espressif/frameworks/esp-idf-v6.0.1/components/esp_rom/esp32p4/ld/esp32p4.rom.version.ld
-- Adding linker script C:/Espressif/frameworks/esp-idf-v6.0.1/components/esp_rom/esp32p4/ld/esp32p4.rom.eco0_4.libc.ld
-- Adding linker script C:/Espressif/frameworks/esp-idf-v6.0.1/components/soc/esp32p4/ld/esp32p4.peripherals.ld
-- Adding linker script C:/Espressif/frameworks/esp-idf-v6.0.1/components/esp_hal_systimer/esp32p4/rom.systimer.ld
-- Using esp_driver_i2c (SRC_FILE=i2c_bus_v2.c, REQ=esp_driver_i2c driver)
-- I2C_BUS: 1.5.1
-- LVGL version: 9.5.0
-- ESP_CAM_SENSOR: 2.0.1
-- ESP_IPA: 1.3.1
-- ESP_VIDEO: 2.0.1
-- ESP_LCD_ST7123: 1.0.2
-- ESP_LCD_TOUCH_ST7123: 1.0.2
-- Using Hosted Wi-Fi
-- Using new driver components (IDF ΓëÑ 5.0)
-- Component idf::esp_trace will be linked with -Wl,--whole-archive
-- Component idf::espressif__esp_hosted will be linked with -Wl,--whole-archive
-- Components: app_trace app_update bootloader bootloader_support bt chmorgan__esp-audio-player chmorgan__esp-file-iterator chmorgan__esp-libhelix-mp3 cmock console cxx driver efuse esp-tls esp_adc esp_app_format esp_asrc_adapter esp_blockdev esp_blockdev_util esp_bootloader_format esp_coex esp_common esp_driver_ana_cmpr esp_driver_bitscrambler esp_driver_cam esp_driver_cordic esp_driver_dac esp_driver_dma esp_driver_gpio esp_driver_gptimer esp_driver_i2c esp_driver_i2s esp_driver_i3c esp_driver_isp esp_driver_jpeg esp_driver_ledc esp_driver_mcpwm esp_driver_parlio esp_driver_pcnt esp_driver_ppa esp_driver_rmt esp_driver_sd_intf esp_driver_sdio esp_driver_sdm esp_driver_sdmmc esp_driver_sdspi esp_driver_spi esp_driver_touch_sens esp_driver_tsens esp_driver_twai esp_driver_uart esp_driver_usb_serial_jtag esp_eth esp_event esp_gdbstub esp_hal_ana_cmpr esp_hal_ana_conv esp_hal_asrc esp_hal_cam esp_hal_clock esp_hal_cordic esp_hal_dma esp_hal_emac esp_hal_gpio esp_hal_gpspi esp_hal_i2c esp_hal_i2s esp_hal_i3c esp_hal_ieee802154 esp_hal_jpeg esp_hal_lcd esp_hal_ledc esp_hal_mcpwm esp_hal_mspi esp_hal_parlio esp_hal_pcnt esp_hal_pmu esp_hal_ppa esp_hal_regi2c esp_hal_rmt esp_hal_rtc_timer esp_hal_sd esp_hal_security esp_hal_systimer esp_hal_timg esp_hal_touch_sens esp_hal_twai esp_hal_uart esp_hal_usb esp_hal_wdt esp_hid esp_http_client esp_http_server esp_https_ota esp_https_server esp_hw_support esp_lcd esp_libc esp_local_ctrl esp_mm esp_netif esp_netif_stack esp_partition esp_phy esp_pm esp_psram esp_ringbuf esp_rom esp_security esp_stdio esp_system esp_timer esp_trace esp_usb_cdc_rom_console esp_wifi espcoredump espressif__bmi270 espressif__cmake_utilities espressif__esp_cam_sensor espressif__esp_codec_dev espressif__esp_h264 espressif__esp_hosted espressif__esp_io_expander espressif__esp_io_expander_pi4ioe5v6408 espressif__esp_ipa espressif__esp_lcd_ili9881c espressif__esp_lcd_st7123 espressif__esp_lcd_touch espressif__esp_lcd_touch_gt911 espressif__esp_lcd_touch_st7123 espressif__esp_lvgl_port espressif__esp_sccb_intf espressif__esp_video espressif__esp_wifi_remote espressif__i2c_bus espressif__m5stack_tab5 espressif__sensor_hub espressif__usb espressif__usb_host_uvc esptool_py fatfs freertos hal heap http_parser ieee802154 log lvgl__lvgl lwip main mbedtls modulus_zig nvs_flash nvs_sec_provider openthread partition_table protobuf-c protocomm pthread riscv rt sdmmc soc spi_flash spiffs tcp_transport ulp unity vfs wear_levelling wpa_supplicant
-- Component paths: C:/Espressif/frameworks/esp-idf-v6.0.1/components/app_trace C:/Espressif/frameworks/esp-idf-v6.0.1/components/app_update C:/Espressif/frameworks/esp-idf-v6.0.1/components/bootloader C:/Espressif/frameworks/esp-idf-v6.0.1/components/bootloader_support C:/Espressif/frameworks/esp-idf-v6.0.1/components/bt C:/Users/BEAST MODE/Desktop/Modulus Convert to ZIG/firmware/tab5/managed_components/chmorgan__esp-audio-player C:/Users/BEAST MODE/Desktop/Modulus Convert to ZIG/firmware/tab5/managed_components/chmorgan__esp-file-iterator C:/Users/BEAST MODE/Desktop/Modulus Convert to ZIG/firmware/tab5/managed_components/chmorgan__esp-libhelix-mp3 C:/Espressif/frameworks/esp-idf-v6.0.1/components/cmock C:/Espressif/frameworks/esp-idf-v6.0.1/components/console C:/Espressif/frameworks/esp-idf-v6.0.1/components/cxx C:/Espressif/frameworks/esp-idf-v6.0.1/components/driver C:/Espressif/frameworks/esp-idf-v6.0.1/components/efuse C:/Espressif/frameworks/esp-idf-v6.0.1/components/esp-tls C:/Espressif/frameworks/esp-idf-v6.0.1/components/esp_adc C:/Espressif/frameworks/esp-idf-v6.0.1/components/esp_app_format C:/Espressif/frameworks/esp-idf-v6.0.1/components/esp_asrc_adapter C:/Espressif/frameworks/esp-idf-v6.0.1/components/esp_blockdev C:/Espressif/frameworks/esp-idf-v6.0.1/components/esp_blockdev_util C:/Espressif/frameworks/esp-idf-v6.0.1/components/esp_bootloader_format C:/Espressif/frameworks/esp-idf-v6.0.1/components/esp_coex C:/Espressif/frameworks/esp-idf-v6.0.1/components/esp_common C:/Espressif/frameworks/esp-idf-v6.0.1/components/esp_driver_ana_cmpr C:/Espressif/frameworks/esp-idf-v6.0.1/components/esp_driver_bitscrambler C:/Espressif/frameworks/esp-idf-v6.0.1/components/esp_driver_cam C:/Espressif/frameworks/esp-idf-v6.0.1/components/esp_driver_cordic C:/Espressif/frameworks/esp-idf-v6.0.1/components/esp_driver_dac C:/Espressif/frameworks/esp-idf-v6.0.1/components/esp_driver_dma C:/Espressif/frameworks/esp-idf-v6.0.1/components/esp_driver_gpio C:/Espressif/frameworks/esp-idf-v6.0.1/components/esp_driver_gptimer C:/Espressif/frameworks/esp-idf-v6.0.1/components/esp_driver_i2c C:/Espressif/frameworks/esp-idf-v6.0.1/components/esp_driver_i2s C:/Espressif/frameworks/esp-idf-v6.0.1/components/esp_driver_i3c C:/Espressif/frameworks/esp-idf-v6.0.1/components/esp_driver_isp C:/Espressif/frameworks/esp-idf-v6.0.1/components/esp_driver_jpeg C:/Espressif/frameworks/esp-idf-v6.0.1/components/esp_driver_ledc C:/Espressif/frameworks/esp-idf-v6.0.1/components/esp_driver_mcpwm C:/Espressif/frameworks/esp-idf-v6.0.1/components/esp_driver_parlio C:/Espressif/frameworks/esp-idf-v6.0.1/components/esp_driver_pcnt C:/Espressif/frameworks/esp-idf-v6.0.1/components/esp_driver_ppa C:/Espressif/frameworks/esp-idf-v6.0.1/components/esp_driver_rmt C:/Espressif/frameworks/esp-idf-v6.0.1/components/esp_driver_sd_intf C:/Espressif/frameworks/esp-idf-v6.0.1/components/esp_driver_sdio C:/Espressif/frameworks/esp-idf-v6.0.1/components/esp_driver_sdm C:/Espressif/frameworks/esp-idf-v6.0.1/components/esp_driver_sdmmc C:/Espressif/frameworks/esp-idf-v6.0.1/components/esp_driver_sdspi C:/Espressif/frameworks/esp-idf-v6.0.1/components/esp_driver_spi C:/Espressif/frameworks/esp-idf-v6.0.1/components/esp_driver_touch_sens C:/Espressif/frameworks/esp-idf-v6.0.1/components/esp_driver_tsens C:/Espressif/frameworks/esp-idf-v6.0.1/components/esp_driver_twai C:/Espressif/frameworks/esp-idf-v6.0.1/components/esp_driver_uart C:/Espressif/frameworks/esp-idf-v6.0.1/components/esp_driver_usb_serial_jtag C:/Espressif/frameworks/esp-idf-v6.0.1/components/esp_eth C:/Espressif/frameworks/esp-idf-v6.0.1/components/esp_event C:/Espressif/frameworks/esp-idf-v6.0.1/components/esp_gdbstub C:/Espressif/frameworks/esp-idf-v6.0.1/components/esp_hal_ana_cmpr C:/Espressif/frameworks/esp-idf-v6.0.1/components/esp_hal_ana_conv C:/Espressif/frameworks/esp-idf-v6.0.1/components/esp_hal_asrc C:/Espressif/frameworks/esp-idf-v6.0.1/components/esp_hal_cam C:/Espressif/frameworks/esp-idf-v6.0.1/components/esp_hal_clock C:/Espressif/frameworks/esp-idf-v6.0.1/components/esp_hal_cordic C:/Espressif/frameworks/esp-idf-v6.0.1/components/esp_hal_dma C:/Espressif/frameworks/esp-idf-v6.0.1/components/esp_hal_emac C:/Espressif/frameworks/esp-idf-v6.0.1/components/esp_hal_gpio C:/Espressif/frameworks/esp-idf-v6.0.1/components/esp_hal_gpspi C:/Espressif/frameworks/esp-idf-v6.0.1/components/esp_hal_i2c C:/Espressif/frameworks/esp-idf-v6.0.1/components/esp_hal_i2s C:/Espressif/frameworks/esp-idf-v6.0.1/components/esp_hal_i3c C:/Espressif/frameworks/esp-idf-v6.0.1/components/esp_hal_ieee802154 C:/Espressif/frameworks/esp-idf-v6.0.1/components/esp_hal_jpeg C:/Espressif/frameworks/esp-idf-v6.0.1/components/esp_hal_lcd C:/Espressif/frameworks/esp-idf-v6.0.1/components/esp_hal_ledc C:/Espressif/frameworks/esp-idf-v6.0.1/components/esp_hal_mcpwm C:/Espressif/frameworks/esp-idf-v6.0.1/components/esp_hal_mspi C:/Espressif/frameworks/esp-idf-v6.0.1/components/esp_hal_parlio C:/Espressif/frameworks/esp-idf-v6.0.1/components/esp_hal_pcnt C:/Espressif/frameworks/esp-idf-v6.0.1/components/esp_hal_pmu C:/Espressif/frameworks/esp-idf-v6.0.1/components/esp_hal_ppa C:/Espressif/frameworks/esp-idf-v6.0.1/components/esp_hal_regi2c C:/Espressif/frameworks/esp-idf-v6.0.1/components/esp_hal_rmt C:/Espressif/frameworks/esp-idf-v6.0.1/components/esp_hal_rtc_timer C:/Espressif/frameworks/esp-idf-v6.0.1/components/esp_hal_sd C:/Espressif/frameworks/esp-idf-v6.0.1/components/esp_hal_security C:/Espressif/frameworks/esp-idf-v6.0.1/components/esp_hal_systimer C:/Espressif/frameworks/esp-idf-v6.0.1/components/esp_hal_timg C:/Espressif/frameworks/esp-idf-v6.0.1/components/esp_hal_touch_sens C:/Espressif/frameworks/esp-idf-v6.0.1/components/esp_hal_twai C:/Espressif/frameworks/esp-idf-v6.0.1/components/esp_hal_uart C:/Espressif/frameworks/esp-idf-v6.0.1/components/esp_hal_usb C:/Espressif/frameworks/esp-idf-v6.0.1/components/esp_hal_wdt C:/Espressif/frameworks/esp-idf-v6.0.1/components/esp_hid C:/Espressif/frameworks/esp-idf-v6.0.1/components/esp_http_client C:/Espressif/frameworks/esp-idf-v6.0.1/components/esp_http_server C:/Espressif/frameworks/esp-idf-v6.0.1/components/esp_https_ota C:/Espressif/frameworks/esp-idf-v6.0.1/components/esp_https_server C:/Espressif/frameworks/esp-idf-v6.0.1/components/esp_hw_support C:/Espressif/frameworks/esp-idf-v6.0.1/components/esp_lcd C:/Espressif/frameworks/esp-idf-v6.0.1/components/esp_libc C:/Espressif/frameworks/esp-idf-v6.0.1/components/esp_local_ctrl C:/Espressif/frameworks/esp-idf-v6.0.1/components/esp_mm C:/Espressif/frameworks/esp-idf-v6.0.1/components/esp_netif C:/Espressif/frameworks/esp-idf-v6.0.1/components/esp_netif_stack C:/Espressif/frameworks/esp-idf-v6.0.1/components/esp_partition C:/Espressif/frameworks/esp-idf-v6.0.1/components/esp_phy C:/Espressif/frameworks/esp-idf-v6.0.1/components/esp_pm C:/Espressif/frameworks/esp-idf-v6.0.1/components/esp_psram C:/Espressif/frameworks/esp-idf-v6.0.1/components/esp_ringbuf C:/Espressif/frameworks/esp-idf-v6.0.1/components/esp_rom C:/Espressif/frameworks/esp-idf-v6.0.1/components/esp_security C:/Espressif/frameworks/esp-idf-v6.0.1/components/esp_stdio C:/Espressif/frameworks/esp-idf-v6.0.1/components/esp_system C:/Espressif/frameworks/esp-idf-v6.0.1/components/esp_timer C:/Espressif/frameworks/esp-idf-v6.0.1/components/esp_trace C:/Espressif/frameworks/esp-idf-v6.0.1/components/esp_usb_cdc_rom_console C:/Espressif/frameworks/esp-idf-v6.0.1/components/esp_wifi C:/Espressif/frameworks/esp-idf-v6.0.1/components/espcoredump C:/Users/BEAST MODE/Desktop/Modulus Convert to ZIG/firmware/tab5/managed_components/espressif__bmi270 C:/Users/BEAST MODE/Desktop/Modulus Convert to ZIG/firmware/tab5/managed_components/espressif__cmake_utilities C:/Users/BEAST MODE/Desktop/Modulus Convert to ZIG/firmware/tab5/managed_components/espressif__esp_cam_sensor C:/Users/BEAST MODE/Desktop/Modulus Convert to ZIG/firmware/tab5/managed_components/espressif__esp_codec_dev C:/Users/BEAST MODE/Desktop/Modulus Convert to ZIG/firmware/tab5/managed_components/espressif__esp_h264 C:/Users/BEAST MODE/Desktop/Modulus Convert to ZIG/firmware/tab5/managed_components/espressif__esp_hosted C:/Users/BEAST MODE/Desktop/Modulus Convert to ZIG/firmware/tab5/managed_components/espressif__esp_io_expander C:/Users/BEAST MODE/Desktop/Modulus Convert to ZIG/firmware/tab5/managed_components/espressif__esp_io_expander_pi4ioe5v6408 C:/Users/BEAST MODE/Desktop/Modulus Convert to ZIG/firmware/tab5/managed_components/espressif__esp_ipa C:/Users/BEAST MODE/Desktop/Modulus Convert to ZIG/firmware/tab5/managed_components/espressif__esp_lcd_ili9881c C:/Users/BEAST MODE/Desktop/Modulus Convert to ZIG/firmware/tab5/managed_components/espressif__esp_lcd_st7123 C:/Users/BEAST MODE/Desktop/Modulus Convert to ZIG/firmware/tab5/managed_components/espressif__esp_lcd_touch C:/Users/BEAST MODE/Desktop/Modulus Convert to ZIG/firmware/tab5/managed_components/espressif__esp_lcd_touch_gt911 C:/Users/BEAST MODE/Desktop/Modulus Convert to ZIG/firmware/tab5/managed_components/espressif__esp_lcd_touch_st7123 C:/Users/BEAST MODE/Desktop/Modulus Convert to ZIG/firmware/tab5/managed_components/espressif__esp_lvgl_port C:/Users/BEAST MODE/Desktop/Modulus Convert to ZIG/firmware/tab5/managed_components/espressif__esp_sccb_intf C:/Users/BEAST MODE/Desktop/Modulus Convert to ZIG/firmware/tab5/managed_components/espressif__esp_video C:/Users/BEAST MODE/Desktop/Modulus Convert to ZIG/firmware/tab5/components/espressif__esp_wifi_remote C:/Users/BEAST MODE/Desktop/Modulus Convert to ZIG/firmware/tab5/managed_components/espressif__i2c_bus C:/Users/BEAST MODE/Desktop/Modulus Convert to ZIG/firmware/tab5/managed_components/espressif__m5stack_tab5 C:/Users/BEAST MODE/Desktop/Modulus Convert to ZIG/firmware/tab5/managed_components/espressif__sensor_hub C:/Users/BEAST MODE/Desktop/Modulus Convert to ZIG/firmware/tab5/managed_components/espressif__usb C:/Users/BEAST MODE/Desktop/Modulus Convert to ZIG/firmware/tab5/managed_components/espressif__usb_host_uvc C:/Espressif/frameworks/esp-idf-v6.0.1/components/esptool_py C:/Espressif/frameworks/esp-idf-v6.0.1/components/fatfs C:/Espressif/frameworks/esp-idf-v6.0.1/components/freertos C:/Espressif/frameworks/esp-idf-v6.0.1/components/hal C:/Espressif/frameworks/esp-idf-v6.0.1/components/heap C:/Espressif/frameworks/esp-idf-v6.0.1/components/http_parser C:/Espressif/frameworks/esp-idf-v6.0.1/components/ieee802154 C:/Espressif/frameworks/esp-idf-v6.0.1/components/log C:/Users/BEAST MODE/Desktop/Modulus Convert to ZIG/firmware/tab5/managed_components/lvgl__lvgl C:/Espressif/frameworks/esp-idf-v6.0.1/components/lwip C:/Users/BEAST MODE/Desktop/Modulus Convert to ZIG/firmware/tab5/main C:/Espressif/frameworks/esp-idf-v6.0.1/components/mbedtls C:/Users/BEAST MODE/Desktop/Modulus Convert to ZIG/firmware/tab5/components/modulus_zig C:/Espressif/frameworks/esp-idf-v6.0.1/components/nvs_flash C:/Espressif/frameworks/esp-idf-v6.0.1/components/nvs_sec_provider C:/Espressif/frameworks/esp-idf-v6.0.1/components/openthread C:/Espressif/frameworks/esp-idf-v6.0.1/components/partition_table C:/Espressif/frameworks/esp-idf-v6.0.1/components/protobuf-c C:/Espressif/frameworks/esp-idf-v6.0.1/components/protocomm C:/Espressif/frameworks/esp-idf-v6.0.1/components/pthread C:/Espressif/frameworks/esp-idf-v6.0.1/components/riscv C:/Espressif/frameworks/esp-idf-v6.0.1/components/rt C:/Espressif/frameworks/esp-idf-v6.0.1/components/sdmmc C:/Espressif/frameworks/esp-idf-v6.0.1/components/soc C:/Espressif/frameworks/esp-idf-v6.0.1/components/spi_flash C:/Espressif/frameworks/esp-idf-v6.0.1/components/spiffs C:/Espressif/frameworks/esp-idf-v6.0.1/components/tcp_transport C:/Espressif/frameworks/esp-idf-v6.0.1/components/ulp C:/Espressif/frameworks/esp-idf-v6.0.1/components/unity C:/Espressif/frameworks/esp-idf-v6.0.1/components/vfs C:/Espressif/frameworks/esp-idf-v6.0.1/components/wear_levelling C:/Espressif/frameworks/esp-idf-v6.0.1/components/wpa_supplicant
-- Configuring done (41.9s)
-- Generating done (2.7s)
-- Build files have been written to: C:/Users/BEAST MODE/Desktop/Modulus Convert to ZIG/firmware/tab5/build
[1/2138] Generating project_elf_src_esp32p4.c
[2/2138] Preprocessing linker script C:/Espressif/frameworks/esp-idf-v6.0.1/components/esp_system/ld/esp32p4/memory.ld.in -> C:/Users/BEAST MODE/Desktop/Modulus Convert to ZIG/firmware/tab5/build/esp-idf/esp_system/ld/memory.ld
[3/2138] Preprocessing linker script C:/Espressif/frameworks/esp-idf-v6.0.1/components/esp_system/ld/esp32p4/sections.ld.in -> C:/Users/BEAST MODE/Desktop/Modulus Convert to ZIG/firmware/tab5/build/esp-idf/esp_system/ld/sections.ld.in
[4/2138] Building C object esp-idf/esp_https_ota/CMakeFiles/__idf_esp_https_ota.dir/src/esp_https_ota.c.obj
[5/2138] Building C object esp-idf/esp_http_server/CMakeFiles/__idf_esp_http_server.dir/src/httpd_main.c.obj
[6/2138] Building C object esp-idf/esp_http_server/CMakeFiles/__idf_esp_http_server.dir/src/httpd_parse.c.obj
[7/2138] Building C object esp-idf/esp_http_server/CMakeFiles/__idf_esp_http_server.dir/src/httpd_sess.c.obj
[8/2138] Building C object esp-idf/esp_http_server/CMakeFiles/__idf_esp_http_server.dir/src/httpd_txrx.c.obj
[9/2138] Building C object esp-idf/esp_http_server/CMakeFiles/__idf_esp_http_server.dir/src/httpd_uri.c.obj
[10/2138] Building C object esp-idf/esp_http_server/CMakeFiles/__idf_esp_http_server.dir/src/httpd_ws.c.obj
[11/2138] Building C object esp-idf/esp_http_server/CMakeFiles/__idf_esp_http_server.dir/src/util/ctrl_sock.c.obj
[12/2138] Building C object esp-idf/esp_http_client/CMakeFiles/__idf_esp_http_client.dir/esp_http_client.c.obj
[13/2138] Building C object esp-idf/esp_http_client/CMakeFiles/__idf_esp_http_client.dir/lib/http_auth.c.obj
[14/2138] Building C object esp-idf/esp_http_client/CMakeFiles/__idf_esp_http_client.dir/lib/http_header.c.obj
[15/2138] Building C object esp-idf/esp_http_client/CMakeFiles/__idf_esp_http_client.dir/lib/http_utils.c.obj
[16/2138] Building C object esp-idf/tcp_transport/CMakeFiles/__idf_tcp_transport.dir/transport.c.obj
[17/2138] Building Modulus Zig static library (tab5-lib)
[18/2138] Building C object esp-idf/tcp_transport/CMakeFiles/__idf_tcp_transport.dir/transport_ssl.c.obj
[19/2138] Building C object esp-idf/tcp_transport/CMakeFiles/__idf_tcp_transport.dir/transport_internal.c.obj
[20/2138] Building C object esp-idf/tcp_transport/CMakeFiles/__idf_tcp_transport.dir/transport_socks_proxy.c.obj
[21/2138] Building C object esp-idf/tcp_transport/CMakeFiles/__idf_tcp_transport.dir/transport_ws.c.obj
[22/2138] Building C object esp-idf/esp_driver_i2s/CMakeFiles/__idf_esp_driver_i2s.dir/i2s_common.c.obj
[23/2138] Building C object esp-idf/esp_driver_i2s/CMakeFiles/__idf_esp_driver_i2s.dir/i2s_std.c.obj
[24/2138] Building C object esp-idf/esp_driver_i2s/CMakeFiles/__idf_esp_driver_i2s.dir/i2s_pdm.c.obj
[25/2138] Building C object esp-idf/esp_driver_i2s/CMakeFiles/__idf_esp_driver_i2s.dir/i2s_tdm.c.obj
[26/2138] Building C object esp-idf/esp_driver_i2s/CMakeFiles/__idf_esp_driver_i2s.dir/i2s_etm.c.obj
[27/2138] Building C object esp-idf/esp_driver_i2s/CMakeFiles/__idf_esp_driver_i2s.dir/i2s_platform.c.obj
[28/2138] Building C object esp-idf/esp_driver_i2s/CMakeFiles/__idf_esp_driver_i2s.dir/lp_i2s.c.obj
[29/2138] Linking C static library esp-idf\esp_https_ota\libesp_https_ota.a
[30/2138] Building C object esp-idf/esp_driver_i2s/CMakeFiles/__idf_esp_driver_i2s.dir/lp_i2s_std.c.obj
[31/2138] Building C object esp-idf/esp_driver_i2s/CMakeFiles/__idf_esp_driver_i2s.dir/lp_i2s_pdm.c.obj
[32/2138] Building C object esp-idf/esp_driver_i2s/CMakeFiles/__idf_esp_driver_i2s.dir/lp_i2s_vad.c.obj
[33/2138] Building C object esp-idf/esp_hal_i2s/CMakeFiles/__idf_esp_hal_i2s.dir/i2s_hal.c.obj
[34/2138] Building C object esp-idf/esp_hal_i2s/CMakeFiles/__idf_esp_hal_i2s.dir/esp32p4/i2s_periph.c.obj
[35/2138] Building C object esp-idf/esp_hal_i2s/CMakeFiles/__idf_esp_hal_i2s.dir/lp_i2s_hal.c.obj
[36/2138] Building C object esp-idf/esp_adc/CMakeFiles/__idf_esp_adc.dir/adc_oneshot.c.obj
[37/2138] Building C object esp-idf/esp_adc/CMakeFiles/__idf_esp_adc.dir/adc_common.c.obj
[38/2138] Building C object esp-idf/esp_adc/CMakeFiles/__idf_esp_adc.dir/adc_cali.c.obj
[39/2138] Building C object esp-idf/esp_adc/CMakeFiles/__idf_esp_adc.dir/adc_cali_curve_fitting.c.obj
[40/2138] Building C object esp-idf/esp_adc/CMakeFiles/__idf_esp_adc.dir/adc_continuous.c.obj
[41/2138] Building C object esp-idf/esp_adc/CMakeFiles/__idf_esp_adc.dir/gdma/adc_dma.c.obj
[42/2138] Building C object esp-idf/esp_adc/CMakeFiles/__idf_esp_adc.dir/esp32p4/curve_fitting_coefficients.c.obj
[43/2138] Building C object esp-idf/esp-tls/CMakeFiles/__idf_esp-tls.dir/esp_tls.c.obj
[44/2138] Building C object esp-idf/esp-tls/CMakeFiles/__idf_esp-tls.dir/esp-tls-crypto/esp_tls_crypto.c.obj
[45/2138] Building C object esp-idf/esp-tls/CMakeFiles/__idf_esp-tls.dir/esp_tls_error_capture.c.obj
[46/2138] Building C object esp-idf/esp-tls/CMakeFiles/__idf_esp-tls.dir/esp_tls_platform_port.c.obj
[47/2138] Building C object esp-idf/esp-tls/CMakeFiles/__idf_esp-tls.dir/esp_tls_mbedtls.c.obj
[48/2138] Building C object esp-idf/http_parser/CMakeFiles/__idf_http_parser.dir/http_parser.c.obj
[49/2138] Building C object esp-idf/esp_hal_i2c/CMakeFiles/__idf_esp_hal_i2c.dir/i2c_hal.c.obj
[50/2138] Building C object esp-idf/esp_hal_i2c/CMakeFiles/__idf_esp_hal_i2c.dir/i2c_hal_iram.c.obj
[51/2138] Building C object esp-idf/esp_hal_i2c/CMakeFiles/__idf_esp_hal_i2c.dir/esp32p4/i2c_periph.c.obj
[52/2138] Building C object esp-idf/esp_gdbstub/CMakeFiles/__idf_esp_gdbstub.dir/src/gdbstub.c.obj
[53/2138] Building C object esp-idf/esp_gdbstub/CMakeFiles/__idf_esp_gdbstub.dir/src/gdbstub_transport.c.obj
[54/2138] Building C object esp-idf/esp_gdbstub/CMakeFiles/__idf_esp_gdbstub.dir/src/packet.c.obj
[55/2138] Building C object esp-idf/esp_gdbstub/CMakeFiles/__idf_esp_gdbstub.dir/src/port/riscv/gdbstub_riscv.c.obj
[56/2138] Building C object esp-idf/esp_gdbstub/CMakeFiles/__idf_esp_gdbstub.dir/src/port/riscv/rv_decode.c.obj
[57/2138] Building C object esp-idf/esp_gdbstub/CMakeFiles/__idf_esp_gdbstub.dir/src/port/riscv/target_xml.c.obj
[58/2138] Building C object esp-idf/esp_wifi/CMakeFiles/__idf_esp_wifi.dir/src/wifi_default.c.obj
[59/2138] Building C object esp-idf/esp_wifi/CMakeFiles/__idf_esp_wifi.dir/src/wifi_netif.c.obj
[60/2138] Building C object esp-idf/esp_wifi/CMakeFiles/__idf_esp_wifi.dir/src/wifi_default_ap.c.obj
[61/2138] Building C object esp-idf/esp_wifi/CMakeFiles/__idf_esp_wifi.dir/remote/esp_wifi_remote_weak.c.obj
[62/2138] Building C object esp-idf/esp_wifi/CMakeFiles/__idf_esp_wifi.dir/remote/esp_eap_client_remote_weak.c.obj
[63/2138] Building C object esp-idf/esp_wifi/CMakeFiles/__idf_esp_wifi.dir/remote/esp_wifi_with_remote.c.obj
[64/2138] Building C object esp-idf/esp_wifi/CMakeFiles/__idf_esp_wifi.dir/remote/esp_eap_client_with_remote.c.obj
[65/2138] Building C object esp-idf/esp_wifi/CMakeFiles/__idf_esp_wifi.dir/remote/esp_wifi_remote.c.obj
[66/2138] Building C object esp-idf/esp_wifi/CMakeFiles/__idf_esp_wifi.dir/remote/esp_wifi_remote_net.c.obj
[67/2138] Building CXX object esp-idf/nvs_flash/CMakeFiles/__idf_nvs_flash.dir/src/nvs_api.cpp.obj
[68/2138] Building CXX object esp-idf/nvs_flash/CMakeFiles/__idf_nvs_flash.dir/src/nvs_cxx_api.cpp.obj
[69/2138] Building CXX object esp-idf/nvs_flash/CMakeFiles/__idf_nvs_flash.dir/src/nvs_item_hash_list.cpp.obj
[70/2138] Building CXX object esp-idf/nvs_flash/CMakeFiles/__idf_nvs_flash.dir/src/nvs_page.cpp.obj
[71/2138] Building CXX object esp-idf/nvs_flash/CMakeFiles/__idf_nvs_flash.dir/src/nvs_pagemanager.cpp.obj
[72/2138] Building CXX object esp-idf/nvs_flash/CMakeFiles/__idf_nvs_flash.dir/src/nvs_storage.cpp.obj
[73/2138] Building CXX object esp-idf/nvs_flash/CMakeFiles/__idf_nvs_flash.dir/src/nvs_handle_simple.cpp.obj
[74/2138] Building CXX object esp-idf/nvs_flash/CMakeFiles/__idf_nvs_flash.dir/src/nvs_handle_locked.cpp.obj
[75/2138] Building CXX object esp-idf/nvs_flash/CMakeFiles/__idf_nvs_flash.dir/src/nvs_partition.cpp.obj
[76/2138] Building CXX object esp-idf/nvs_flash/CMakeFiles/__idf_nvs_flash.dir/src/nvs_partition_lookup.cpp.obj
[77/2138] Building CXX object esp-idf/nvs_flash/CMakeFiles/__idf_nvs_flash.dir/src/nvs_partition_manager.cpp.obj
[78/2138] Building CXX object esp-idf/nvs_flash/CMakeFiles/__idf_nvs_flash.dir/src/nvs_types.cpp.obj
[79/2138] Building CXX object esp-idf/nvs_flash/CMakeFiles/__idf_nvs_flash.dir/src/nvs_platform.cpp.obj
[80/2138] Building C object esp-idf/nvs_flash/CMakeFiles/__idf_nvs_flash.dir/src/nvs_bootloader.c.obj
[81/2138] Building CXX object esp-idf/nvs_flash/CMakeFiles/__idf_nvs_flash.dir/src/nvs_encrypted_partition.cpp.obj
[82/2138] Building C object esp-idf/nvs_flash/CMakeFiles/__idf_nvs_flash.dir/src/nvs_bootloader_aes.c.obj
[83/2138] Linking C static library esp-idf\esp_http_server\libesp_http_server.a
[84/2138] Building C object esp-idf/nvs_flash/CMakeFiles/__idf_nvs_flash.dir/src/nvs_bootloader_xts_aes.c.obj
[85/2138] Building C object esp-idf/nvs_sec_provider/CMakeFiles/__idf_nvs_sec_provider.dir/nvs_sec_provider.c.obj
[86/2138] Generating ../../partition_table/partition-table.bin
Partition table binary generated. Contents:
*******************************************************************************
# ESP-IDF Partition Table

# Name, Type, SubType, Offset, Size, Flags

nvs,data,nvs,0x9000,24K,

phy_init,data,phy,0xf000,4K,

factory,app,factory,0x10000,3M,

*******************************************************************************
[87/2138] Building C object esp-idf/esp_netif/CMakeFiles/__idf_esp_netif.dir/esp_netif_handlers.c.obj
[88/2138] Building C object esp-idf/esp_netif/CMakeFiles/__idf_esp_netif.dir/esp_netif_objects.c.obj
[89/2138] Building C object esp-idf/esp_netif/CMakeFiles/__idf_esp_netif.dir/esp_netif_defaults.c.obj
[90/2138] Building C object esp-idf/esp_netif/CMakeFiles/__idf_esp_netif.dir/lwip/esp_netif_lwip.c.obj
[91/2138] Building C object esp-idf/esp_netif/CMakeFiles/__idf_esp_netif.dir/lwip/esp_netif_sntp.c.obj
[92/2138] Building C object esp-idf/esp_netif/CMakeFiles/__idf_esp_netif.dir/lwip/esp_netif_lwip_defaults.c.obj
[93/2138] Building C object esp-idf/esp_netif/CMakeFiles/__idf_esp_netif.dir/lwip/netif/wlanif.c.obj
[94/2138] Building C object esp-idf/esp_netif/CMakeFiles/__idf_esp_netif.dir/lwip/netif/ethernetif.c.obj
[95/2138] Building C object esp-idf/esp_netif/CMakeFiles/__idf_esp_netif.dir/lwip/netif/esp_pbuf_ref.c.obj
[96/2138] Building C object esp-idf/lwip/CMakeFiles/__idf_lwip.dir/apps/sntp/sntp.c.obj
[97/2138] Building C object esp-idf/lwip/CMakeFiles/__idf_lwip.dir/lwip/src/api/api_lib.c.obj
[98/2138] Building C object esp-idf/lwip/CMakeFiles/__idf_lwip.dir/lwip/src/api/api_msg.c.obj
[99/2138] Building C object esp-idf/lwip/CMakeFiles/__idf_lwip.dir/lwip/src/api/err.c.obj
[100/2138] Building C object esp-idf/lwip/CMakeFiles/__idf_lwip.dir/lwip/src/api/if_api.c.obj
[101/2138] Building C object esp-idf/lwip/CMakeFiles/__idf_lwip.dir/lwip/src/api/netbuf.c.obj
[102/2138] Building C object esp-idf/lwip/CMakeFiles/__idf_lwip.dir/lwip/src/api/netdb.c.obj
[103/2138] Building C object esp-idf/lwip/CMakeFiles/__idf_lwip.dir/lwip/src/api/netifapi.c.obj
[104/2138] Building C object esp-idf/lwip/CMakeFiles/__idf_lwip.dir/lwip/src/api/sockets.c.obj
[105/2138] Building C object esp-idf/lwip/CMakeFiles/__idf_lwip.dir/lwip/src/api/tcpip.c.obj
[106/2138] Building C object esp-idf/lwip/CMakeFiles/__idf_lwip.dir/lwip/src/apps/sntp/sntp.c.obj
[107/2138] Building C object esp-idf/lwip/CMakeFiles/__idf_lwip.dir/lwip/src/apps/netbiosns/netbiosns.c.obj
[108/2138] Building C object esp-idf/lwip/CMakeFiles/__idf_lwip.dir/lwip/src/core/def.c.obj
[109/2138] Building C object esp-idf/lwip/CMakeFiles/__idf_lwip.dir/lwip/src/core/dns.c.obj
[110/2138] Building C object esp-idf/lwip/CMakeFiles/__idf_lwip.dir/lwip/src/core/inet_chksum.c.obj
[111/2138] Building C object esp-idf/lwip/CMakeFiles/__idf_lwip.dir/lwip/src/core/init.c.obj
[112/2138] Building C object esp-idf/lwip/CMakeFiles/__idf_lwip.dir/lwip/src/core/ip.c.obj
[113/2138] Building C object esp-idf/lwip/CMakeFiles/__idf_lwip.dir/lwip/src/core/mem.c.obj
[114/2138] Building C object esp-idf/lwip/CMakeFiles/__idf_lwip.dir/lwip/src/core/memp.c.obj
[115/2138] Building C object esp-idf/lwip/CMakeFiles/__idf_lwip.dir/lwip/src/core/netif.c.obj
[116/2138] Building C object esp-idf/lwip/CMakeFiles/__idf_lwip.dir/lwip/src/core/pbuf.c.obj
[117/2138] Building C object esp-idf/lwip/CMakeFiles/__idf_lwip.dir/lwip/src/core/raw.c.obj
[118/2138] Building C object esp-idf/lwip/CMakeFiles/__idf_lwip.dir/lwip/src/core/stats.c.obj
[119/2138] Building C object esp-idf/lwip/CMakeFiles/__idf_lwip.dir/lwip/src/core/sys.c.obj
[120/2138] Building C object esp-idf/lwip/CMakeFiles/__idf_lwip.dir/lwip/src/core/tcp.c.obj
[121/2138] Building C object esp-idf/lwip/CMakeFiles/__idf_lwip.dir/lwip/src/core/tcp_in.c.obj
[122/2138] Building C object esp-idf/lwip/CMakeFiles/__idf_lwip.dir/lwip/src/core/tcp_out.c.obj
[123/2138] Building C object esp-idf/lwip/CMakeFiles/__idf_lwip.dir/lwip/src/core/timeouts.c.obj
[124/2138] Building C object esp-idf/lwip/CMakeFiles/__idf_lwip.dir/lwip/src/core/udp.c.obj
[125/2138] Building C object esp-idf/lwip/CMakeFiles/__idf_lwip.dir/lwip/src/core/ipv4/autoip.c.obj
[126/2138] Building C object esp-idf/lwip/CMakeFiles/__idf_lwip.dir/lwip/src/core/ipv4/dhcp.c.obj
[127/2138] Building C object esp-idf/lwip/CMakeFiles/__idf_lwip.dir/lwip/src/core/ipv4/etharp.c.obj
[128/2138] Building C object esp-idf/lwip/CMakeFiles/__idf_lwip.dir/lwip/src/core/ipv4/icmp.c.obj
[129/2138] Building C object esp-idf/lwip/CMakeFiles/__idf_lwip.dir/lwip/src/core/ipv4/igmp.c.obj
[130/2138] Building C object esp-idf/lwip/CMakeFiles/__idf_lwip.dir/lwip/src/core/ipv4/ip4.c.obj
[131/2138] Building C object esp-idf/lwip/CMakeFiles/__idf_lwip.dir/lwip/src/core/ipv4/ip4_napt.c.obj
[132/2138] Building C object esp-idf/lwip/CMakeFiles/__idf_lwip.dir/lwip/src/core/ipv4/ip4_addr.c.obj
[133/2138] Building C object esp-idf/lwip/CMakeFiles/__idf_lwip.dir/lwip/src/core/ipv4/ip4_frag.c.obj
[134/2138] Building C object esp-idf/lwip/CMakeFiles/__idf_lwip.dir/lwip/src/core/ipv6/dhcp6.c.obj
[135/2138] Building C object esp-idf/lwip/CMakeFiles/__idf_lwip.dir/lwip/src/core/ipv6/ethip6.c.obj
[136/2138] Linking C static library esp-idf\esp_http_client\libesp_http_client.a
[137/2138] Building C object esp-idf/lwip/CMakeFiles/__idf_lwip.dir/lwip/src/core/ipv6/icmp6.c.obj
[138/2138] Building C object esp-idf/lwip/CMakeFiles/__idf_lwip.dir/lwip/src/core/ipv6/inet6.c.obj
[139/2138] Building C object esp-idf/lwip/CMakeFiles/__idf_lwip.dir/lwip/src/core/ipv6/ip6.c.obj
[140/2138] Building C object esp-idf/lwip/CMakeFiles/__idf_lwip.dir/lwip/src/core/ipv6/ip6_addr.c.obj
[141/2138] Building C object esp-idf/lwip/CMakeFiles/__idf_lwip.dir/lwip/src/core/ipv6/ip6_frag.c.obj
[142/2138] Building C object esp-idf/lwip/CMakeFiles/__idf_lwip.dir/lwip/src/core/ipv6/mld6.c.obj
[143/2138] Building C object esp-idf/lwip/CMakeFiles/__idf_lwip.dir/lwip/src/core/ipv6/nd6.c.obj
[144/2138] Building C object esp-idf/lwip/CMakeFiles/__idf_lwip.dir/lwip/src/netif/ethernet.c.obj
[145/2138] Building C object esp-idf/lwip/CMakeFiles/__idf_lwip.dir/lwip/src/netif/bridgeif.c.obj
[146/2138] Building C object esp-idf/lwip/CMakeFiles/__idf_lwip.dir/lwip/src/netif/bridgeif_fdb.c.obj
[147/2138] Building C object esp-idf/lwip/CMakeFiles/__idf_lwip.dir/lwip/src/netif/slipif.c.obj
[148/2138] Building C object esp-idf/lwip/CMakeFiles/__idf_lwip.dir/lwip/src/netif/ppp/auth.c.obj
[149/2138] Building C object esp-idf/lwip/CMakeFiles/__idf_lwip.dir/lwip/src/netif/ppp/ccp.c.obj
[150/2138] Building C object esp-idf/lwip/CMakeFiles/__idf_lwip.dir/lwip/src/netif/ppp/chap-md5.c.obj
[151/2138] Building C object esp-idf/lwip/CMakeFiles/__idf_lwip.dir/lwip/src/netif/ppp/chap-new.c.obj
[152/2138] Building C object esp-idf/lwip/CMakeFiles/__idf_lwip.dir/lwip/src/netif/ppp/chap_ms.c.obj
[153/2138] Building C object esp-idf/lwip/CMakeFiles/__idf_lwip.dir/lwip/src/netif/ppp/demand.c.obj
[154/2138] Building C object esp-idf/lwip/CMakeFiles/__idf_lwip.dir/lwip/src/netif/ppp/eap.c.obj
[155/2138] Building C object esp-idf/lwip/CMakeFiles/__idf_lwip.dir/lwip/src/netif/ppp/ecp.c.obj
[156/2138] Building C object esp-idf/lwip/CMakeFiles/__idf_lwip.dir/lwip/src/netif/ppp/eui64.c.obj
[157/2138] Building C object esp-idf/lwip/CMakeFiles/__idf_lwip.dir/lwip/src/netif/ppp/fsm.c.obj
[158/2138] Building C object esp-idf/lwip/CMakeFiles/__idf_lwip.dir/lwip/src/netif/ppp/ipcp.c.obj
[159/2138] Building C object esp-idf/lwip/CMakeFiles/__idf_lwip.dir/lwip/src/netif/ppp/ipv6cp.c.obj
[160/2138] Building C object esp-idf/lwip/CMakeFiles/__idf_lwip.dir/lwip/src/netif/ppp/lcp.c.obj
[161/2138] Building C object esp-idf/lwip/CMakeFiles/__idf_lwip.dir/lwip/src/netif/ppp/magic.c.obj
[162/2138] Building C object esp-idf/lwip/CMakeFiles/__idf_lwip.dir/lwip/src/netif/ppp/mppe.c.obj
[163/2138] Building C object esp-idf/lwip/CMakeFiles/__idf_lwip.dir/lwip/src/netif/ppp/multilink.c.obj
[164/2138] Building C object esp-idf/lwip/CMakeFiles/__idf_lwip.dir/lwip/src/netif/ppp/ppp.c.obj
[165/2138] Building C object esp-idf/lwip/CMakeFiles/__idf_lwip.dir/lwip/src/netif/ppp/pppapi.c.obj
[166/2138] Building C object esp-idf/lwip/CMakeFiles/__idf_lwip.dir/lwip/src/netif/ppp/pppcrypt.c.obj
[167/2138] Building C object esp-idf/lwip/CMakeFiles/__idf_lwip.dir/lwip/src/netif/ppp/pppoe.c.obj
[168/2138] Building C object esp-idf/lwip/CMakeFiles/__idf_lwip.dir/lwip/src/netif/ppp/pppol2tp.c.obj
[169/2138] Building C object esp-idf/lwip/CMakeFiles/__idf_lwip.dir/lwip/src/netif/ppp/pppos.c.obj
[170/2138] Building C object esp-idf/lwip/CMakeFiles/__idf_lwip.dir/lwip/src/netif/ppp/upap.c.obj
[171/2138] Building C object esp-idf/lwip/CMakeFiles/__idf_lwip.dir/lwip/src/netif/ppp/utils.c.obj
[172/2138] Building C object esp-idf/lwip/CMakeFiles/__idf_lwip.dir/lwip/src/netif/ppp/vj.c.obj
[173/2138] Building C object esp-idf/lwip/CMakeFiles/__idf_lwip.dir/port/hooks/tcp_isn_default.c.obj
[174/2138] Building C object esp-idf/lwip/CMakeFiles/__idf_lwip.dir/port/hooks/lwip_default_hooks.c.obj
[175/2138] Building C object esp-idf/lwip/CMakeFiles/__idf_lwip.dir/port/debug/lwip_debug.c.obj
[176/2138] Building C object esp-idf/lwip/CMakeFiles/__idf_lwip.dir/port/sockets_ext.c.obj
[177/2138] Building C object esp-idf/lwip/CMakeFiles/__idf_lwip.dir/port/freertos/sys_arch.c.obj
[178/2138] Building C object esp-idf/lwip/CMakeFiles/__idf_lwip.dir/port/if_index.c.obj
[179/2138] Building C object esp-idf/lwip/CMakeFiles/__idf_lwip.dir/port/acd_dhcp_check.c.obj
[180/2138] Building C object esp-idf/lwip/CMakeFiles/__idf_lwip.dir/port/esp32xx/vfs_lwip.c.obj
[181/2138] Building C object esp-idf/lwip/CMakeFiles/__idf_lwip.dir/apps/ping/ping_sock.c.obj
[182/2138] Building C object esp-idf/lwip/CMakeFiles/__idf_lwip.dir/lwip/src/netif/ppp/polarssl/arc4.c.obj
[183/2138] Building C object esp-idf/lwip/CMakeFiles/__idf_lwip.dir/lwip/src/netif/ppp/polarssl/des.c.obj
[184/2138] Building C object esp-idf/lwip/CMakeFiles/__idf_lwip.dir/lwip/src/netif/ppp/polarssl/md4.c.obj
[185/2138] Building C object esp-idf/lwip/CMakeFiles/__idf_lwip.dir/lwip/src/netif/ppp/polarssl/md5.c.obj
[186/2138] Building C object esp-idf/lwip/CMakeFiles/__idf_lwip.dir/lwip/src/netif/ppp/polarssl/sha1.c.obj
[187/2138] Building C object esp-idf/lwip/CMakeFiles/__idf_lwip.dir/apps/dhcpserver/dhcpserver.c.obj
[188/2138] Building C object esp-idf/vfs/CMakeFiles/__idf_vfs.dir/vfs.c.obj
[189/2138] Building C object esp-idf/vfs/CMakeFiles/__idf_vfs.dir/vfs_calls.c.obj
[190/2138] Building C object esp-idf/vfs/CMakeFiles/__idf_vfs.dir/vfs_eventfd.c.obj
[191/2138] Building C object esp-idf/vfs/CMakeFiles/__idf_vfs.dir/vfs_semihost.c.obj
[192/2138] Building C object esp-idf/vfs/CMakeFiles/__idf_vfs.dir/nullfs.c.obj
[193/2138] Building C object esp-idf/esp_driver_usb_serial_jtag/CMakeFiles/__idf_esp_driver_usb_serial_jtag.dir/src/usb_serial_jtag.c.obj
[194/2138] Building C object esp-idf/esp_driver_usb_serial_jtag/CMakeFiles/__idf_esp_driver_usb_serial_jtag.dir/src/usb_serial_jtag_connection_monitor.c.obj
[195/2138] Linking C static library esp-idf\tcp_transport\libtcp_transport.a
[196/2138] Building C object esp-idf/esp_driver_usb_serial_jtag/CMakeFiles/__idf_esp_driver_usb_serial_jtag.dir/src/usb_serial_jtag_vfs.c.obj
[197/2138] Building C object esp-idf/esp_event/CMakeFiles/__idf_esp_event.dir/default_event_loop.c.obj
[198/2138] Building C object esp-idf/esp_event/CMakeFiles/__idf_esp_event.dir/esp_event.c.obj
[199/2138] Building C object esp-idf/esp_event/CMakeFiles/__idf_esp_event.dir/esp_event_private.c.obj
[200/2138] Building C object esp-idf/esp_driver_uart/CMakeFiles/__idf_esp_driver_uart.dir/src/uart.c.obj
[201/2138] Building C object esp-idf/esp_driver_uart/CMakeFiles/__idf_esp_driver_uart.dir/src/uart_wakeup.c.obj
[202/2138] Building C object esp-idf/esp_driver_uart/CMakeFiles/__idf_esp_driver_uart.dir/src/uhci.c.obj
[203/2138] Building C object esp-idf/esp_driver_uart/CMakeFiles/__idf_esp_driver_uart.dir/src/uart_vfs.c.obj
[204/2138] Building C object esp-idf/esp_psram/CMakeFiles/__idf_esp_psram.dir/system_layer/esp_psram_mspi.c.obj
[205/2138] Building C object esp-idf/esp_psram/CMakeFiles/__idf_esp_psram.dir/system_layer/esp_psram.c.obj
[206/2138] Building C object esp-idf/esp_psram/CMakeFiles/__idf_esp_psram.dir/device/esp_psram_impl_ap_hex.c.obj
[207/2138] Building C object esp-idf/esp_psram/CMakeFiles/__idf_esp_psram.dir/xip_impl/mmu_psram_flash_v2.c.obj
[208/2138] Building C object esp-idf/esp_ringbuf/CMakeFiles/__idf_esp_ringbuf.dir/ringbuf.c.obj
[209/2138] Building C object esp-idf/esp_timer/CMakeFiles/__idf_esp_timer.dir/src/esp_timer.c.obj
[210/2138] Building C object esp-idf/esp_timer/CMakeFiles/__idf_esp_timer.dir/src/esp_timer_init.c.obj
[211/2138] Building C object esp-idf/esp_timer/CMakeFiles/__idf_esp_timer.dir/src/ets_timer_legacy.c.obj
[212/2138] Building C object esp-idf/esp_timer/CMakeFiles/__idf_esp_timer.dir/src/system_time.c.obj
[213/2138] Building C object esp-idf/esp_timer/CMakeFiles/__idf_esp_timer.dir/src/esp_timer_impl_common.c.obj
[214/2138] Building C object esp-idf/esp_timer/CMakeFiles/__idf_esp_timer.dir/src/esp_timer_impl_systimer.c.obj
[215/2138] Building C object esp-idf/esp_timer/CMakeFiles/__idf_esp_timer.dir/src/esp_timer_etm.c.obj
[216/2138] Building CXX object esp-idf/cxx/CMakeFiles/__idf_cxx.dir/cxx_exception_stubs.cpp.obj
[217/2138] Building CXX object esp-idf/cxx/CMakeFiles/__idf_cxx.dir/cxx_guards.cpp.obj
[218/2138] Building CXX object esp-idf/cxx/CMakeFiles/__idf_cxx.dir/cxx_init.cpp.obj
[219/2138] Building C object esp-idf/pthread/CMakeFiles/__idf_pthread.dir/pthread.c.obj
[220/2138] Building C object esp-idf/pthread/CMakeFiles/__idf_pthread.dir/pthread_cond_var.c.obj
[221/2138] Building C object esp-idf/pthread/CMakeFiles/__idf_pthread.dir/pthread_local_storage.c.obj
[222/2138] Building C object esp-idf/pthread/CMakeFiles/__idf_pthread.dir/pthread_rwlock.c.obj
[223/2138] Building C object esp-idf/pthread/CMakeFiles/__idf_pthread.dir/pthread_semaphore.c.obj
[224/2138] Building C object esp-idf/esp_libc/CMakeFiles/__idf_esp_libc.dir/src/init.c.obj
[225/2138] Building C object esp-idf/esp_libc/CMakeFiles/__idf_esp_libc.dir/src/abort.c.obj
[226/2138] Building C object esp-idf/esp_libc/CMakeFiles/__idf_esp_libc.dir/src/assert.c.obj
[227/2138] Building C object esp-idf/esp_libc/CMakeFiles/__idf_esp_libc.dir/src/heap.c.obj
[228/2138] Building C object esp-idf/esp_libc/CMakeFiles/__idf_esp_libc.dir/src/locks.c.obj
[229/2138] Building C object esp-idf/esp_libc/CMakeFiles/__idf_esp_libc.dir/src/poll.c.obj
[230/2138] Building C object esp-idf/esp_libc/CMakeFiles/__idf_esp_libc.dir/src/pthread.c.obj
[231/2138] Building C object esp-idf/esp_libc/CMakeFiles/__idf_esp_libc.dir/src/random.c.obj
[232/2138] Building C object esp-idf/esp_libc/CMakeFiles/__idf_esp_libc.dir/src/getentropy.c.obj
[233/2138] Building C object esp-idf/esp_libc/CMakeFiles/__idf_esp_libc.dir/src/termios.c.obj
[234/2138] Building C object esp-idf/esp_libc/CMakeFiles/__idf_esp_libc.dir/src/stdatomic.c.obj
[235/2138] Building C object esp-idf/esp_libc/CMakeFiles/__idf_esp_libc.dir/src/time.c.obj
[236/2138] Building C object esp-idf/esp_libc/CMakeFiles/__idf_esp_libc.dir/src/timekeeping.c.obj
[237/2138] Building C object esp-idf/esp_libc/CMakeFiles/__idf_esp_libc.dir/src/sysconf.c.obj
[238/2138] Building C object esp-idf/esp_libc/CMakeFiles/__idf_esp_libc.dir/src/realpath.c.obj
[239/2138] Building C object esp-idf/esp_libc/CMakeFiles/__idf_esp_libc.dir/src/scandir.c.obj
[240/2138] Building C object esp-idf/esp_libc/CMakeFiles/__idf_esp_libc.dir/src/syscalls.c.obj
[241/2138] Building C object esp-idf/esp_libc/CMakeFiles/__idf_esp_libc.dir/src/reent_syscalls.c.obj
[242/2138] Building C object esp-idf/esp_libc/CMakeFiles/__idf_esp_libc.dir/src/port/esp_time_impl.c.obj
[243/2138] Building C object esp-idf/esp_libc/CMakeFiles/__idf_esp_libc.dir/src/port/riscv/memcpy.c.obj
[244/2138] Building C object esp-idf/esp_libc/CMakeFiles/__idf_esp_libc.dir/src/port/riscv/memmove.c.obj
[245/2138] Building C object esp-idf/esp_libc/CMakeFiles/__idf_esp_libc.dir/src/string/memcmp.c.obj
[246/2138] Building C object esp-idf/esp_libc/CMakeFiles/__idf_esp_libc.dir/src/port/riscv/strcpy.c.obj
[247/2138] Building C object esp-idf/esp_libc/CMakeFiles/__idf_esp_libc.dir/src/string/strncpy.c.obj
[248/2138] Building C object esp-idf/esp_libc/CMakeFiles/__idf_esp_libc.dir/src/string/strncmp.c.obj
[249/2138] Building ASM object esp-idf/esp_libc/CMakeFiles/__idf_esp_libc.dir/src/port/riscv/strcmp.S.obj
[250/2138] Building C object esp-idf/esp_libc/CMakeFiles/__idf_esp_libc.dir/src/picolibc/picolibc_init.c.obj
[251/2138] Building C object esp-idf/esp_libc/CMakeFiles/__idf_esp_libc.dir/src/picolibc/rand.c.obj
[252/2138] Building C object esp-idf/esp_libc/CMakeFiles/__idf_esp_libc.dir/src/picolibc/open_memstream.c.obj
[253/2138] Building C object esp-idf/esp_libc/CMakeFiles/__idf_esp_libc.dir/src/picolibc/errno.c.obj
[254/2138] Building C object esp-idf/esp_libc/CMakeFiles/__idf_esp_libc.dir/src/picolibc/bufio_setvbuf.c.obj
[255/2138] Building C object esp-idf/esp_libc/CMakeFiles/__idf_esp_libc.dir/src/picolibc/getreent.c.obj
[256/2138] Building C object esp-idf/esp_libc/CMakeFiles/__idf_esp_libc.dir/src/picolibc/fopencookie.c.obj
[257/2138] Building C object esp-idf/freertos/CMakeFiles/__idf_freertos.dir/heap_idf.c.obj
[258/2138] Linking C static library esp-idf\esp_driver_i2s\libesp_driver_i2s.a
[259/2138] Building C object esp-idf/freertos/CMakeFiles/__idf_freertos.dir/app_startup.c.obj
[260/2138] Building C object esp-idf/freertos/CMakeFiles/__idf_freertos.dir/port_common.c.obj
[261/2138] Building C object esp-idf/freertos/CMakeFiles/__idf_freertos.dir/port_systick.c.obj
[262/2138] Building C object esp-idf/freertos/CMakeFiles/__idf_freertos.dir/FreeRTOS-Kernel/list.c.obj
[263/2138] Building C object esp-idf/freertos/CMakeFiles/__idf_freertos.dir/FreeRTOS-Kernel/queue.c.obj
[264/2138] Building C object esp-idf/freertos/CMakeFiles/__idf_freertos.dir/FreeRTOS-Kernel/tasks.c.obj
[265/2138] Building C object esp-idf/freertos/CMakeFiles/__idf_freertos.dir/FreeRTOS-Kernel/timers.c.obj
[266/2138] Building C object esp-idf/freertos/CMakeFiles/__idf_freertos.dir/FreeRTOS-Kernel/event_groups.c.obj
[267/2138] Building C object esp-idf/freertos/CMakeFiles/__idf_freertos.dir/FreeRTOS-Kernel/stream_buffer.c.obj
[268/2138] Building C object esp-idf/freertos/CMakeFiles/__idf_freertos.dir/FreeRTOS-Kernel/portable/riscv/port.c.obj
[269/2138] Building ASM object esp-idf/freertos/CMakeFiles/__idf_freertos.dir/FreeRTOS-Kernel/portable/riscv/portasm.S.obj
[270/2138] Building C object esp-idf/freertos/CMakeFiles/__idf_freertos.dir/esp_additions/idf_additions_event_groups.c.obj
[271/2138] Building C object esp-idf/freertos/CMakeFiles/__idf_freertos.dir/esp_additions/idf_additions.c.obj
[272/2138] Building C object esp-idf/esp_hw_support/CMakeFiles/__idf_esp_hw_support.dir/cpu.c.obj
[273/2138] Building C object esp-idf/esp_hw_support/CMakeFiles/__idf_esp_hw_support.dir/port/esp32p4/esp_cpu_intr.c.obj
[274/2138] Building C object esp-idf/esp_hw_support/CMakeFiles/__idf_esp_hw_support.dir/esp_memory_utils.c.obj
[275/2138] Building C object esp-idf/esp_hw_support/CMakeFiles/__idf_esp_hw_support.dir/port/esp32p4/cpu_region_protect.c.obj
[276/2138] Building C object esp-idf/esp_hw_support/CMakeFiles/__idf_esp_hw_support.dir/esp_clk.c.obj
[277/2138] Building C object esp-idf/esp_hw_support/CMakeFiles/__idf_esp_hw_support.dir/clk_ctrl_os.c.obj
[278/2138] Building C object esp-idf/esp_hw_support/CMakeFiles/__idf_esp_hw_support.dir/hw_random.c.obj
[279/2138] Building C object esp-idf/esp_hw_support/CMakeFiles/__idf_esp_hw_support.dir/intr_alloc.c.obj
[280/2138] Building C object esp-idf/esp_hw_support/CMakeFiles/__idf_esp_hw_support.dir/mac_addr.c.obj
[281/2138] Building C object esp-idf/esp_hw_support/CMakeFiles/__idf_esp_hw_support.dir/periph_ctrl.c.obj
[282/2138] Building C object esp-idf/esp_hw_support/CMakeFiles/__idf_esp_hw_support.dir/revision.c.obj
[283/2138] Building C object esp-idf/esp_hw_support/CMakeFiles/__idf_esp_hw_support.dir/rtc_module.c.obj
[284/2138] Linking C static library esp-idf\esp_hal_i2s\libesp_hal_i2s.a
[285/2138] Building C object esp-idf/esp_hw_support/CMakeFiles/__idf_esp_hw_support.dir/regi2c_ctrl.c.obj
[286/2138] Building C object esp-idf/esp_hw_support/CMakeFiles/__idf_esp_hw_support.dir/esp_gpio_reserve.c.obj
[287/2138] Building C object esp-idf/esp_hw_support/CMakeFiles/__idf_esp_hw_support.dir/sar_tsens_ctrl.c.obj
[288/2138] Building C object esp-idf/esp_hw_support/CMakeFiles/__idf_esp_hw_support.dir/sar_periph_ctrl_common.c.obj
[289/2138] Building C object esp-idf/esp_hw_support/CMakeFiles/__idf_esp_hw_support.dir/io_mux.c.obj
[290/2138] Building C object esp-idf/esp_hw_support/CMakeFiles/__idf_esp_hw_support.dir/port/esp32p4/io_mux.c.obj
[291/2138] Building C object esp-idf/esp_hw_support/CMakeFiles/__idf_esp_hw_support.dir/port/esp32p4/esp_clk_tree.c.obj
[292/2138] Building C object esp-idf/esp_hw_support/CMakeFiles/__idf_esp_hw_support.dir/spi_bus_lock.c.obj
[293/2138] Building C object esp-idf/esp_hw_support/CMakeFiles/__idf_esp_hw_support.dir/heap_align_hw.c.obj
[294/2138] Building C object esp-idf/esp_hw_support/CMakeFiles/__idf_esp_hw_support.dir/clk_utils.c.obj
[295/2138] Building C object esp-idf/esp_hw_support/CMakeFiles/__idf_esp_hw_support.dir/usb_phy/usb_phy.c.obj
[296/2138] Building C object esp-idf/esp_hw_support/CMakeFiles/__idf_esp_hw_support.dir/port/esp_clk_tree_common.c.obj
[297/2138] Building C object esp-idf/esp_hw_support/CMakeFiles/__idf_esp_hw_support.dir/spi_share_hw_ctrl.c.obj
[298/2138] Building C object esp-idf/esp_hw_support/CMakeFiles/__idf_esp_hw_support.dir/adc_share_hw_ctrl.c.obj
[299/2138] Building C object esp-idf/esp_hw_support/CMakeFiles/__idf_esp_hw_support.dir/mipi_csi_share_hw_ctrl.c.obj
[300/2138] Building C object esp-idf/esp_hw_support/CMakeFiles/__idf_esp_hw_support.dir/sleep_retention.c.obj
[301/2138] Building C object esp-idf/esp_hw_support/CMakeFiles/__idf_esp_hw_support.dir/pmu_share_hw.c.obj
[302/2138] Building C object esp-idf/esp_hw_support/CMakeFiles/__idf_esp_hw_support.dir/sleep_modem.c.obj
[303/2138] Building C object esp-idf/esp_hw_support/CMakeFiles/__idf_esp_hw_support.dir/sleep_cache.c.obj
[304/2138] Building C object esp-idf/esp_hw_support/CMakeFiles/__idf_esp_hw_support.dir/sleep_modes.c.obj
[305/2138] Building C object esp-idf/esp_hw_support/CMakeFiles/__idf_esp_hw_support.dir/sleep_uart.c.obj
[306/2138] Building C object esp-idf/esp_hw_support/CMakeFiles/__idf_esp_hw_support.dir/sleep_console.c.obj
[307/2138] Building C object esp-idf/esp_hw_support/CMakeFiles/__idf_esp_hw_support.dir/sleep_mspi.c.obj
[308/2138] Building C object esp-idf/esp_hw_support/CMakeFiles/__idf_esp_hw_support.dir/sleep_usb.c.obj
[309/2138] Building C object esp-idf/esp_hw_support/CMakeFiles/__idf_esp_hw_support.dir/sleep_gpio.c.obj
[310/2138] Linking C static library esp-idf\esp_adc\libesp_adc.a
[311/2138] Building C object esp-idf/esp_hw_support/CMakeFiles/__idf_esp_hw_support.dir/sleep_event.c.obj
[312/2138] Building C object esp-idf/esp_hw_support/CMakeFiles/__idf_esp_hw_support.dir/sleep_system_peripheral.c.obj
[313/2138] Building C object esp-idf/esp_hw_support/CMakeFiles/__idf_esp_hw_support.dir/port/esp32p4/peripheral_domain_pd.c.obj
[314/2138] Building C object esp-idf/esp_hw_support/CMakeFiles/__idf_esp_hw_support.dir/ldo/esp_ldo_regulator.c.obj
[315/2138] Building C object esp-idf/esp_hw_support/CMakeFiles/__idf_esp_hw_support.dir/debug_probe/debug_probe.c.obj
[316/2138] Building C object esp-idf/esp_hw_support/CMakeFiles/__idf_esp_hw_support.dir/port/esp32p4/systimer.c.obj
[317/2138] Building C object esp-idf/esp_hw_support/CMakeFiles/__idf_esp_hw_support.dir/etm/esp_etm.c.obj
[318/2138] Building C object esp-idf/esp_hw_support/CMakeFiles/__idf_esp_hw_support.dir/port/pau_regdma.c.obj
[319/2138] Building C object esp-idf/esp_hw_support/CMakeFiles/__idf_esp_hw_support.dir/port/regdma_link.c.obj
[320/2138] Building C object esp-idf/esp_hw_support/CMakeFiles/__idf_esp_hw_support.dir/mspi/mspi_timing_tuning/mspi_timing_tuning.c.obj
[321/2138] Building C object esp-idf/esp_hw_support/CMakeFiles/__idf_esp_hw_support.dir/mspi/mspi_timing_tuning/tuning_scheme_impl/mspi_timing_by_dqs.c.obj
[322/2138] Building C object esp-idf/esp_hw_support/CMakeFiles/__idf_esp_hw_support.dir/mspi/mspi_timing_tuning/tuning_scheme_impl/mspi_timing_by_flash_delay.c.obj
[323/2138] Building C object esp-idf/esp_hw_support/CMakeFiles/__idf_esp_hw_support.dir/mspi/mspi_intr/mspi_intr.c.obj
[324/2138] Building C object esp-idf/esp_hw_support/CMakeFiles/__idf_esp_hw_support.dir/esp_clock_output.c.obj
[325/2138] Building C object esp-idf/esp_hw_support/CMakeFiles/__idf_esp_hw_support.dir/power_supply/brownout.c.obj
[326/2138] Building C object esp-idf/esp_hw_support/CMakeFiles/__idf_esp_hw_support.dir/power_supply/vbat.c.obj
[327/2138] Building C object esp-idf/esp_hw_support/CMakeFiles/__idf_esp_hw_support.dir/port/esp32p4/rtc_clk_init.c.obj
[328/2138] Building C object esp-idf/esp_hw_support/CMakeFiles/__idf_esp_hw_support.dir/port/esp32p4/rtc_clk.c.obj
[329/2138] Building C object esp-idf/esp_hw_support/CMakeFiles/__idf_esp_hw_support.dir/port/esp32p4/pmu_param.c.obj
[330/2138] Building C object esp-idf/esp_hw_support/CMakeFiles/__idf_esp_hw_support.dir/port/esp32p4/pmu_init.c.obj
[331/2138] Building C object esp-idf/esp_hw_support/CMakeFiles/__idf_esp_hw_support.dir/port/esp32p4/pmu_sleep.c.obj
[332/2138] Building C object esp-idf/esp_hw_support/CMakeFiles/__idf_esp_hw_support.dir/port/esp32p4/rtc_time.c.obj
[333/2138] Building C object esp-idf/esp_hw_support/CMakeFiles/__idf_esp_hw_support.dir/port/esp32p4/chip_info.c.obj
[334/2138] Building C object esp-idf/esp_hw_support/CMakeFiles/__idf_esp_hw_support.dir/port/esp32p4/sar_periph_ctrl.c.obj
[335/2138] Building C object esp-idf/esp_hw_support/CMakeFiles/__idf_esp_hw_support.dir/port/esp32p4/pmu_sleep_clock_icg.c.obj
[336/2138] Linking C static library esp-idf\esp-tls\libesp-tls.a
[337/2138] Building C object esp-idf/esp_hw_support/CMakeFiles/__idf_esp_hw_support.dir/port/esp32p4/pmu_pvt.c.obj
[338/2138] Building C object esp-idf/esp_hw_support/CMakeFiles/__idf_esp_hw_support.dir/mspi/mspi_timing_tuning/port/esp32p4/mspi_timing_config.c.obj
[339/2138] Building C object esp-idf/esp_hw_support/CMakeFiles/__idf_esp_hw_support.dir/lowpower/port/esp32p4/sleep_clock.c.obj
[340/2138] Building C object esp-idf/esp_hal_cam/CMakeFiles/__idf_esp_hal_cam.dir/cam_hal.c.obj
[341/2138] Building C object esp-idf/esp_hal_cam/CMakeFiles/__idf_esp_hal_cam.dir/esp32p4/cam_periph.c.obj
[342/2138] Building C object esp-idf/esp_hal_cam/CMakeFiles/__idf_esp_hal_cam.dir/mipi_csi_hal.c.obj
[343/2138] Building C object esp-idf/esp_hal_cam/CMakeFiles/__idf_esp_hal_cam.dir/esp32p4/mipi_csi_periph.c.obj
[344/2138] Building C object esp-idf/esp_hal_cam/CMakeFiles/__idf_esp_hal_cam.dir/isp_hal.c.obj
[345/2138] Building C object esp-idf/esp_hal_cam/CMakeFiles/__idf_esp_hal_cam.dir/esp32p4/isp_periph.c.obj
[346/2138] Building C object esp-idf/esp_hal_touch_sens/CMakeFiles/__idf_esp_hal_touch_sens.dir/touch_sens_hal.c.obj
[347/2138] Building C object esp-idf/esp_hal_touch_sens/CMakeFiles/__idf_esp_hal_touch_sens.dir/esp32p4/touch_sensor_periph.c.obj
[348/2138] Building C object esp-idf/esp_hal_systimer/CMakeFiles/__idf_esp_hal_systimer.dir/rom_patch.c.obj
[349/2138] Building C object esp-idf/esp_hal_regi2c/CMakeFiles/__idf_esp_hal_regi2c.dir/esp32p4/regi2c_impl.c.obj
[350/2138] Building C object esp-idf/esp_hal_pmu/CMakeFiles/__idf_esp_hal_pmu.dir/esp32p4/pmu_hal.c.obj
[351/2138] Building C object esp-idf/esp_hal_pmu/CMakeFiles/__idf_esp_hal_pmu.dir/esp32p4/pau_hal.c.obj
[352/2138] Building C object esp-idf/esp_hal_pmu/CMakeFiles/__idf_esp_hal_pmu.dir/brownout_hal.c.obj
[353/2138] Building C object esp-idf/esp_hal_pmu/CMakeFiles/__idf_esp_hal_pmu.dir/vbat_hal.c.obj
[354/2138] Building C object esp-idf/esp_hal_usb/CMakeFiles/__idf_esp_hal_usb.dir/usb_dwc_hal.c.obj
[355/2138] Building C object esp-idf/esp_hal_usb/CMakeFiles/__idf_esp_hal_usb.dir/esp32p4/usb_dwc_periph.c.obj
[356/2138] Building C object esp-idf/esp_hal_usb/CMakeFiles/__idf_esp_hal_usb.dir/usb_wrap_hal.c.obj
[357/2138] Building C object esp-idf/esp_hal_usb/CMakeFiles/__idf_esp_hal_usb.dir/usb_utmi_hal.c.obj
[358/2138] Building C object esp-idf/esp_hal_usb/CMakeFiles/__idf_esp_hal_usb.dir/usb_serial_jtag_hal.c.obj
[359/2138] Building C object esp-idf/esp_hal_gpio/CMakeFiles/__idf_esp_hal_gpio.dir/gpio_hal.c.obj
[360/2138] Building C object esp-idf/esp_hal_gpio/CMakeFiles/__idf_esp_hal_gpio.dir/rtc_io_hal.c.obj
[361/2138] Building C object esp-idf/esp_hal_gpio/CMakeFiles/__idf_esp_hal_gpio.dir/esp32p4/rtc_io_periph.c.obj
[362/2138] Linking C static library esp-idf\http_parser\libhttp_parser.a
[363/2138] Building C object esp-idf/esp_hal_gpio/CMakeFiles/__idf_esp_hal_gpio.dir/esp32p4/dedic_gpio_periph.c.obj
[364/2138] Building C object esp-idf/esp_hal_gpio/CMakeFiles/__idf_esp_hal_gpio.dir/sdm_hal.c.obj
[365/2138] Building C object esp-idf/esp_hal_gpio/CMakeFiles/__idf_esp_hal_gpio.dir/esp32p4/sdm_periph.c.obj
[366/2138] Building C object esp-idf/soc/CMakeFiles/__idf_soc.dir/lldesc.c.obj
[367/2138] Building C object esp-idf/soc/CMakeFiles/__idf_soc.dir/dport_access_common.c.obj
[368/2138] Building C object esp-idf/soc/CMakeFiles/__idf_soc.dir/esp32p4/interrupts.c.obj
[369/2138] Building C object esp-idf/soc/CMakeFiles/__idf_soc.dir/esp32p4/gpio_periph.c.obj
[370/2138] Building C object esp-idf/soc/CMakeFiles/__idf_soc.dir/esp32p4/debug_probe_periph.c.obj
[371/2138] Building C object esp-idf/soc/CMakeFiles/__idf_soc.dir/esp32p4/mpi_periph.c.obj
[372/2138] Building C object esp-idf/soc/CMakeFiles/__idf_soc.dir/esp32p4/system_retention_periph.c.obj
[373/2138] Building C object esp-idf/soc/CMakeFiles/__idf_soc.dir/esp32p4/power_supply_periph.c.obj
[374/2138] Building C object esp-idf/heap/CMakeFiles/__idf_heap.dir/heap_caps_base.c.obj
[375/2138] Building C object esp-idf/heap/CMakeFiles/__idf_heap.dir/heap_caps.c.obj
[376/2138] Building C object esp-idf/heap/CMakeFiles/__idf_heap.dir/heap_caps_init.c.obj
[377/2138] Building C object esp-idf/heap/CMakeFiles/__idf_heap.dir/multi_heap.c.obj
[378/2138] Building C object esp-idf/heap/CMakeFiles/__idf_heap.dir/tlsf/tlsf.c.obj
[379/2138] Building C object esp-idf/heap/CMakeFiles/__idf_heap.dir/port/memory_layout_utils.c.obj
[380/2138] Building C object esp-idf/heap/CMakeFiles/__idf_heap.dir/port/esp32p4/memory_layout.c.obj
[381/2138] Building C object esp-idf/log/CMakeFiles/__idf_log.dir/src/os/log_timestamp.c.obj
[382/2138] Building C object esp-idf/log/CMakeFiles/__idf_log.dir/src/log_timestamp_common.c.obj
[383/2138] Building C object esp-idf/log/CMakeFiles/__idf_log.dir/src/os/log_lock.c.obj
[384/2138] Building C object esp-idf/log/CMakeFiles/__idf_log.dir/src/buffer/log_buffers.c.obj
[385/2138] Building C object esp-idf/log/CMakeFiles/__idf_log.dir/src/os/util.c.obj
[386/2138] Building C object esp-idf/log/CMakeFiles/__idf_log.dir/src/util.c.obj
[387/2138] Building C object esp-idf/log/CMakeFiles/__idf_log.dir/src/log_format_text.c.obj
[388/2138] Linking C static library esp-idf\esp_hal_i2c\libesp_hal_i2c.a
[389/2138] Building C object esp-idf/log/CMakeFiles/__idf_log.dir/src/log_print.c.obj
[390/2138] Building C object esp-idf/log/CMakeFiles/__idf_log.dir/src/log.c.obj
[391/2138] Building C object esp-idf/log/CMakeFiles/__idf_log.dir/src/os/log_write.c.obj
[392/2138] Building C object esp-idf/log/CMakeFiles/__idf_log.dir/src/log_level/log_level.c.obj
[393/2138] Building C object esp-idf/log/CMakeFiles/__idf_log.dir/src/log_level/tag_log_level/tag_log_level.c.obj
[394/2138] Building C object esp-idf/log/CMakeFiles/__idf_log.dir/src/log_level/tag_log_level/linked_list/log_linked_list.c.obj
[395/2138] Building C object esp-idf/log/CMakeFiles/__idf_log.dir/src/log_level/tag_log_level/cache/log_binary_heap.c.obj
[396/2138] Building C object esp-idf/hal/CMakeFiles/__idf_hal.dir/hal_utils.c.obj
[397/2138] Building C object esp-idf/hal/CMakeFiles/__idf_hal.dir/efuse_hal.c.obj
[398/2138] Building C object esp-idf/hal/CMakeFiles/__idf_hal.dir/esp32p4/efuse_hal.c.obj
[399/2138] Building C object esp-idf/hal/CMakeFiles/__idf_hal.dir/mmu_hal.c.obj
[400/2138] Building C object esp-idf/hal/CMakeFiles/__idf_hal.dir/cache_hal.c.obj
[401/2138] Building C object esp-idf/hal/CMakeFiles/__idf_hal.dir/color_hal.c.obj
[402/2138] Building C object esp-idf/hal/CMakeFiles/__idf_hal.dir/etm_hal.c.obj
[403/2138] Building C object esp-idf/hal/CMakeFiles/__idf_hal.dir/esp32p4/etm_periph.c.obj
[404/2138] Building C object esp-idf/esp_rom/CMakeFiles/__idf_esp_rom.dir/patches/esp_rom_sys.c.obj
[405/2138] Building C object esp-idf/esp_rom/CMakeFiles/__idf_esp_rom.dir/patches/esp_rom_print.c.obj
[406/2138] Building C object esp-idf/esp_rom/CMakeFiles/__idf_esp_rom.dir/patches/esp_rom_crc.c.obj
[407/2138] Building C object esp-idf/esp_rom/CMakeFiles/__idf_esp_rom.dir/patches/esp_rom_serial_output.c.obj
[408/2138] Building C object esp-idf/esp_rom/CMakeFiles/__idf_esp_rom.dir/patches/esp_rom_spiflash.c.obj
[409/2138] Building C object esp-idf/esp_rom/CMakeFiles/__idf_esp_rom.dir/patches/esp_rom_efuse.c.obj
[410/2138] Building C object esp-idf/esp_rom/CMakeFiles/__idf_esp_rom.dir/patches/esp_rom_gpio.c.obj
[411/2138] Building C object esp-idf/esp_rom/CMakeFiles/__idf_esp_rom.dir/patches/esp_rom_clic.c.obj
[412/2138] Building C object esp-idf/esp_rom/CMakeFiles/__idf_esp_rom.dir/patches/esp_rom_cache_writeback_esp32p4_esp32s31.c.obj
[413/2138] Building C object esp-idf/esp_common/CMakeFiles/__idf_esp_common.dir/src/esp_err_to_name.c.obj
[414/2138] Linking C static library esp-idf\esp_gdbstub\libesp_gdbstub.a
[415/2138] Building C object esp-idf/esp_system/CMakeFiles/__idf_esp_system.dir/esp_err.c.obj
[416/2138] Building C object esp-idf/esp_system/CMakeFiles/__idf_esp_system.dir/crosscore_int.c.obj
[417/2138] Building C object esp-idf/esp_system/CMakeFiles/__idf_esp_system.dir/esp_ipc.c.obj
[418/2138] Building C object esp-idf/esp_system/CMakeFiles/__idf_esp_system.dir/freertos_hooks.c.obj
[419/2138] Building C object esp-idf/esp_system/CMakeFiles/__idf_esp_system.dir/panic.c.obj
[420/2138] Building C object esp-idf/esp_system/CMakeFiles/__idf_esp_system.dir/esp_system.c.obj
[421/2138] Building C object esp-idf/esp_system/CMakeFiles/__idf_esp_system.dir/startup.c.obj
[422/2138] Building C object esp-idf/esp_system/CMakeFiles/__idf_esp_system.dir/startup_funcs.c.obj
[423/2138] Building C object esp-idf/esp_system/CMakeFiles/__idf_esp_system.dir/system_time.c.obj
[424/2138] Building C object esp-idf/esp_system/CMakeFiles/__idf_esp_system.dir/stack_check.c.obj
[425/2138] Building C object esp-idf/esp_system/CMakeFiles/__idf_esp_system.dir/ubsan.c.obj
[426/2138] Building C object esp-idf/esp_system/CMakeFiles/__idf_esp_system.dir/int_wdt.c.obj
[427/2138] Building C object esp-idf/esp_system/CMakeFiles/__idf_esp_system.dir/task_wdt/task_wdt.c.obj
[428/2138] Building C object esp-idf/esp_system/CMakeFiles/__idf_esp_system.dir/task_wdt/task_wdt_impl_timergroup.c.obj
[429/2138] Building C object esp-idf/esp_system/CMakeFiles/__idf_esp_system.dir/systick_etm.c.obj
[430/2138] Building C object esp-idf/esp_system/CMakeFiles/__idf_esp_system.dir/debug_assist.c.obj
[431/2138] Building C object esp-idf/esp_system/CMakeFiles/__idf_esp_system.dir/port/cpu_start.c.obj
[432/2138] Building C object esp-idf/esp_system/CMakeFiles/__idf_esp_system.dir/port/panic_handler.c.obj
[433/2138] Building C object esp-idf/esp_system/CMakeFiles/__idf_esp_system.dir/port/esp_system_chip.c.obj
[434/2138] Building C object esp-idf/esp_system/CMakeFiles/__idf_esp_system.dir/port/image_process.c.obj
[435/2138] Building C object esp-idf/esp_system/CMakeFiles/__idf_esp_system.dir/port/esp_ipc_isr.c.obj
[436/2138] Building C object esp-idf/esp_system/CMakeFiles/__idf_esp_system.dir/port/arch/riscv/esp_ipc_isr_port.c.obj
[437/2138] Building ASM object esp-idf/esp_system/CMakeFiles/__idf_esp_system.dir/port/arch/riscv/esp_ipc_isr_handler.S.obj
[438/2138] Building C object esp-idf/esp_system/CMakeFiles/__idf_esp_system.dir/port/arch/riscv/esp_ipc_isr_routines.c.obj
[439/2138] Building C object esp-idf/esp_system/CMakeFiles/__idf_esp_system.dir/port/arch/riscv/expression_with_stack.c.obj
[440/2138] Building C object esp-idf/esp_system/CMakeFiles/__idf_esp_system.dir/port/arch/riscv/panic_arch.c.obj
[441/2138] Building C object esp-idf/esp_system/CMakeFiles/__idf_esp_system.dir/port/arch/riscv/debug_helpers.c.obj
[442/2138] Building C object esp-idf/esp_system/CMakeFiles/__idf_esp_system.dir/port/arch/riscv/debug_stubs.c.obj
[443/2138] Building C object esp-idf/esp_system/CMakeFiles/__idf_esp_system.dir/port/soc/esp32p4/clk.c.obj
[444/2138] Building C object esp-idf/esp_system/CMakeFiles/__idf_esp_system.dir/port/soc/esp32p4/reset_reason.c.obj
[445/2138] Building C object esp-idf/esp_system/CMakeFiles/__idf_esp_system.dir/port/soc/esp32p4/system_internal.c.obj
[446/2138] Building C object esp-idf/esp_system/CMakeFiles/__idf_esp_system.dir/port/soc/esp32p4/cache_err_int.c.obj
[447/2138] Building C object esp-idf/spi_flash/CMakeFiles/__idf_spi_flash.dir/flash_brownout_hook.c.obj
[448/2138] Building C object esp-idf/spi_flash/CMakeFiles/__idf_spi_flash.dir/spi_flash_hpm_enable.c.obj
[449/2138] Building C object esp-idf/spi_flash/CMakeFiles/__idf_spi_flash.dir/spi_flash_dpd_enable.c.obj
[450/2138] Building C object esp-idf/spi_flash/CMakeFiles/__idf_spi_flash.dir/spi_flash_chip_drivers.c.obj
[451/2138] Building C object esp-idf/spi_flash/CMakeFiles/__idf_spi_flash.dir/spi_flash_chip_generic.c.obj
[452/2138] Building C object esp-idf/spi_flash/CMakeFiles/__idf_spi_flash.dir/spi_flash_chip_issi.c.obj
[453/2138] Building C object esp-idf/spi_flash/CMakeFiles/__idf_spi_flash.dir/spi_flash_chip_mxic.c.obj
[454/2138] Building C object esp-idf/spi_flash/CMakeFiles/__idf_spi_flash.dir/spi_flash_chip_gd.c.obj
[455/2138] Building C object esp-idf/spi_flash/CMakeFiles/__idf_spi_flash.dir/spi_flash_chip_winbond.c.obj
[456/2138] Building C object esp-idf/spi_flash/CMakeFiles/__idf_spi_flash.dir/spi_flash_chip_boya.c.obj
[457/2138] Building C object esp-idf/spi_flash/CMakeFiles/__idf_spi_flash.dir/spi_flash_chip_mxic_opi.c.obj
[458/2138] Building C object esp-idf/spi_flash/CMakeFiles/__idf_spi_flash.dir/spi_flash_chip_th.c.obj
[459/2138] Building C object esp-idf/spi_flash/CMakeFiles/__idf_spi_flash.dir/memspi_host_driver.c.obj
[460/2138] Building C object esp-idf/spi_flash/CMakeFiles/__idf_spi_flash.dir/spi_flash_blockdev.c.obj
[461/2138] Building C object esp-idf/spi_flash/CMakeFiles/__idf_spi_flash.dir/cache_utils.c.obj
[462/2138] Building C object esp-idf/spi_flash/CMakeFiles/__idf_spi_flash.dir/flash_mmap.c.obj
[463/2138] Building C object esp-idf/spi_flash/CMakeFiles/__idf_spi_flash.dir/flash_ops.c.obj
[464/2138] Building C object esp-idf/spi_flash/CMakeFiles/__idf_spi_flash.dir/spi_flash_wrap.c.obj
[465/2138] Building C object esp-idf/spi_flash/CMakeFiles/__idf_spi_flash.dir/esp_flash_api.c.obj
[466/2138] Building C object esp-idf/spi_flash/CMakeFiles/__idf_spi_flash.dir/esp_flash_spi_init.c.obj
[467/2138] Building C object esp-idf/spi_flash/CMakeFiles/__idf_spi_flash.dir/spi_flash_os_func_app.c.obj
[468/2138] Building C object esp-idf/spi_flash/CMakeFiles/__idf_spi_flash.dir/spi_flash_os_func_noos.c.obj
[469/2138] Building C object esp-idf/bootloader_support/CMakeFiles/__idf_bootloader_support.dir/src/bootloader_common.c.obj
[470/2138] Linking C static library esp-idf\esp_wifi\libesp_wifi.a
[471/2138] Building C object esp-idf/bootloader_support/CMakeFiles/__idf_bootloader_support.dir/src/bootloader_common_loader.c.obj
[472/2138] Building C object esp-idf/bootloader_support/CMakeFiles/__idf_bootloader_support.dir/src/bootloader_clock_init.c.obj
[473/2138] Building C object esp-idf/bootloader_support/CMakeFiles/__idf_bootloader_support.dir/src/bootloader_mem.c.obj
[474/2138] Building C object esp-idf/bootloader_support/CMakeFiles/__idf_bootloader_support.dir/src/bootloader_random.c.obj
[475/2138] Building C object esp-idf/bootloader_support/CMakeFiles/__idf_bootloader_support.dir/src/bootloader_efuse.c.obj
[476/2138] Building C object esp-idf/bootloader_support/CMakeFiles/__idf_bootloader_support.dir/src/flash_encrypt.c.obj
[477/2138] Building C object esp-idf/bootloader_support/CMakeFiles/__idf_bootloader_support.dir/src/secure_boot.c.obj
[478/2138] Building C object esp-idf/bootloader_support/CMakeFiles/__idf_bootloader_support.dir/src/bootloader_random_esp32p4.c.obj
[479/2138] Building C object esp-idf/bootloader_support/CMakeFiles/__idf_bootloader_support.dir/bootloader_flash/src/bootloader_flash.c.obj
[480/2138] Building C object esp-idf/bootloader_support/CMakeFiles/__idf_bootloader_support.dir/bootloader_flash/src/flash_qio_mode.c.obj
[481/2138] Building C object esp-idf/bootloader_support/CMakeFiles/__idf_bootloader_support.dir/bootloader_flash/src/bootloader_flash_config_esp32p4.c.obj
[482/2138] Building C object esp-idf/bootloader_support/CMakeFiles/__idf_bootloader_support.dir/src/bootloader_utility.c.obj
[483/2138] Building C object esp-idf/bootloader_support/CMakeFiles/__idf_bootloader_support.dir/src/flash_partitions.c.obj
[484/2138] Building C object esp-idf/bootloader_support/CMakeFiles/__idf_bootloader_support.dir/src/esp_image_format.c.obj
[485/2138] Building C object esp-idf/bootloader_support/CMakeFiles/__idf_bootloader_support.dir/src/bootloader_sha.c.obj
[486/2138] Building C object esp-idf/bootloader_support/CMakeFiles/__idf_bootloader_support.dir/src/esp32p4/secure_boot_secure_features.c.obj
[487/2138] Building C object esp-idf/esp_hal_ana_conv/CMakeFiles/__idf_esp_hal_ana_conv.dir/esp32p4/adc_periph.c.obj
[488/2138] Building C object esp-idf/esp_hal_ana_conv/CMakeFiles/__idf_esp_hal_ana_conv.dir/adc_hal_common.c.obj
[489/2138] Building C object esp-idf/esp_hal_ana_conv/CMakeFiles/__idf_esp_hal_ana_conv.dir/adc_oneshot_hal.c.obj
[490/2138] Building C object esp-idf/esp_hal_ana_conv/CMakeFiles/__idf_esp_hal_ana_conv.dir/adc_hal.c.obj
[491/2138] Building C object esp-idf/esp_hal_ana_conv/CMakeFiles/__idf_esp_hal_ana_conv.dir/temperature_sensor_hal.c.obj
[492/2138] Building C object esp-idf/esp_hal_ana_conv/CMakeFiles/__idf_esp_hal_ana_conv.dir/esp32p4/temperature_sensor_periph.c.obj
[493/2138] Building C object esp-idf/esp_hal_wdt/CMakeFiles/__idf_esp_hal_wdt.dir/esp32p4/mwdt_periph.c.obj
[494/2138] Building C object esp-idf/esp_hal_wdt/CMakeFiles/__idf_esp_hal_wdt.dir/rom_patch.c.obj
[495/2138] Building C object esp-idf/esp_hal_timg/CMakeFiles/__idf_esp_hal_timg.dir/timer_hal.c.obj
[496/2138] Building C object esp-idf/esp_hal_timg/CMakeFiles/__idf_esp_hal_timg.dir/esp32p4/timer_periph.c.obj
[497/2138] Building C object esp-idf/mbedtls/mbedtls/tf-psa-crypto/drivers/everest/CMakeFiles/everest.dir/library/x25519.c.obj
[498/2138] Building C object esp-idf/mbedtls/mbedtls/tf-psa-crypto/drivers/everest/CMakeFiles/everest.dir/library/Hacl_Curve25519_joined.c.obj
[499/2138] Building C object esp-idf/mbedtls/mbedtls/tf-psa-crypto/drivers/p256-m/CMakeFiles/p256-m.dir/p256-m_driver_entrypoints.c.obj
[500/2138] Building C object esp-idf/mbedtls/mbedtls/tf-psa-crypto/drivers/p256-m/CMakeFiles/p256-m.dir/p256-m/p256-m.c.obj
[501/2138] Building C object esp-idf/mbedtls/mbedtls/tf-psa-crypto/drivers/builtin/CMakeFiles/builtin.dir/src/aes.c.obj
[502/2138] Building C object esp-idf/mbedtls/mbedtls/tf-psa-crypto/drivers/builtin/CMakeFiles/builtin.dir/src/aesce.c.obj
[503/2138] Building C object esp-idf/mbedtls/mbedtls/tf-psa-crypto/drivers/builtin/CMakeFiles/builtin.dir/src/aesni.c.obj
[504/2138] Building C object esp-idf/mbedtls/mbedtls/tf-psa-crypto/drivers/builtin/CMakeFiles/builtin.dir/src/aria.c.obj
[505/2138] Building C object esp-idf/mbedtls/mbedtls/tf-psa-crypto/drivers/builtin/CMakeFiles/builtin.dir/src/bignum.c.obj
[506/2138] Building C object esp-idf/mbedtls/mbedtls/tf-psa-crypto/drivers/builtin/CMakeFiles/builtin.dir/src/bignum_core.c.obj
[507/2138] Building C object esp-idf/mbedtls/mbedtls/tf-psa-crypto/drivers/builtin/CMakeFiles/builtin.dir/src/bignum_mod.c.obj
[508/2138] Building C object esp-idf/mbedtls/mbedtls/tf-psa-crypto/drivers/builtin/CMakeFiles/builtin.dir/src/bignum_mod_raw.c.obj
[509/2138] Building C object esp-idf/mbedtls/mbedtls/tf-psa-crypto/drivers/builtin/CMakeFiles/builtin.dir/src/block_cipher.c.obj
[510/2138] Building C object esp-idf/mbedtls/mbedtls/tf-psa-crypto/drivers/builtin/CMakeFiles/builtin.dir/src/camellia.c.obj
[511/2138] Building C object esp-idf/mbedtls/mbedtls/tf-psa-crypto/drivers/builtin/CMakeFiles/builtin.dir/src/ccm.c.obj
[512/2138] Building C object esp-idf/mbedtls/mbedtls/tf-psa-crypto/drivers/builtin/CMakeFiles/builtin.dir/src/chacha20.c.obj
[513/2138] Building C object esp-idf/mbedtls/mbedtls/tf-psa-crypto/drivers/builtin/CMakeFiles/builtin.dir/src/chacha20_neon.c.obj
[514/2138] Building C object esp-idf/mbedtls/mbedtls/tf-psa-crypto/drivers/builtin/CMakeFiles/builtin.dir/src/chachapoly.c.obj
[515/2138] Building C object esp-idf/mbedtls/mbedtls/tf-psa-crypto/drivers/builtin/CMakeFiles/builtin.dir/src/cipher.c.obj
[516/2138] Building C object esp-idf/mbedtls/mbedtls/tf-psa-crypto/drivers/builtin/CMakeFiles/builtin.dir/src/cipher_wrap.c.obj
[517/2138] Building C object esp-idf/mbedtls/mbedtls/tf-psa-crypto/drivers/builtin/CMakeFiles/builtin.dir/src/cmac.c.obj
[518/2138] Building C object esp-idf/mbedtls/mbedtls/tf-psa-crypto/drivers/builtin/CMakeFiles/builtin.dir/src/ctr_drbg.c.obj
[519/2138] Building C object esp-idf/mbedtls/mbedtls/tf-psa-crypto/drivers/builtin/CMakeFiles/builtin.dir/src/ecdsa.c.obj
[520/2138] Building C object esp-idf/mbedtls/mbedtls/tf-psa-crypto/drivers/builtin/CMakeFiles/builtin.dir/src/ecjpake.c.obj
[521/2138] Building C object esp-idf/mbedtls/mbedtls/tf-psa-crypto/drivers/builtin/CMakeFiles/builtin.dir/src/ecp.c.obj
[522/2138] Building C object esp-idf/mbedtls/mbedtls/tf-psa-crypto/drivers/builtin/CMakeFiles/builtin.dir/src/ecp_curves.c.obj
[523/2138] Building C object esp-idf/mbedtls/mbedtls/tf-psa-crypto/drivers/builtin/CMakeFiles/builtin.dir/src/ecp_curves_new.c.obj
[524/2138] Building C object esp-idf/mbedtls/mbedtls/tf-psa-crypto/drivers/builtin/CMakeFiles/builtin.dir/src/entropy.c.obj
[525/2138] Building C object esp-idf/mbedtls/mbedtls/tf-psa-crypto/drivers/builtin/CMakeFiles/builtin.dir/src/entropy_poll.c.obj
[526/2138] Building C object esp-idf/mbedtls/mbedtls/tf-psa-crypto/drivers/builtin/CMakeFiles/builtin.dir/src/gcm.c.obj
[527/2138] Building C object esp-idf/mbedtls/mbedtls/tf-psa-crypto/drivers/builtin/CMakeFiles/builtin.dir/src/hmac_drbg.c.obj
[528/2138] Building C object esp-idf/mbedtls/mbedtls/tf-psa-crypto/drivers/builtin/CMakeFiles/builtin.dir/src/md5.c.obj
[529/2138] Building C object esp-idf/mbedtls/mbedtls/tf-psa-crypto/drivers/builtin/CMakeFiles/builtin.dir/src/poly1305.c.obj
[530/2138] Building C object esp-idf/mbedtls/mbedtls/tf-psa-crypto/drivers/builtin/CMakeFiles/builtin.dir/src/psa_crypto_aead.c.obj
[531/2138] Building C object esp-idf/mbedtls/mbedtls/tf-psa-crypto/drivers/builtin/CMakeFiles/builtin.dir/src/psa_crypto_cipher.c.obj
[532/2138] Building C object esp-idf/mbedtls/mbedtls/tf-psa-crypto/drivers/builtin/CMakeFiles/builtin.dir/src/psa_crypto_ecp.c.obj
[533/2138] Building C object esp-idf/mbedtls/mbedtls/tf-psa-crypto/drivers/builtin/CMakeFiles/builtin.dir/src/psa_crypto_ffdh.c.obj
[534/2138] Building C object esp-idf/mbedtls/mbedtls/tf-psa-crypto/drivers/builtin/CMakeFiles/builtin.dir/src/psa_crypto_hash.c.obj
[535/2138] Building C object esp-idf/mbedtls/mbedtls/tf-psa-crypto/drivers/builtin/CMakeFiles/builtin.dir/src/psa_crypto_mac.c.obj
[536/2138] Building C object esp-idf/mbedtls/mbedtls/tf-psa-crypto/drivers/builtin/CMakeFiles/builtin.dir/src/psa_crypto_pake.c.obj
[537/2138] Building C object esp-idf/mbedtls/mbedtls/tf-psa-crypto/drivers/builtin/CMakeFiles/builtin.dir/src/psa_crypto_rsa.c.obj
[538/2138] Linking C static library esp-idf\nvs_flash\libnvs_flash.a
[539/2138] Building C object esp-idf/mbedtls/mbedtls/tf-psa-crypto/drivers/builtin/CMakeFiles/builtin.dir/src/psa_crypto_xof.c.obj
[540/2138] Building C object esp-idf/mbedtls/mbedtls/tf-psa-crypto/drivers/builtin/CMakeFiles/builtin.dir/src/psa_util_internal.c.obj
[541/2138] Building C object esp-idf/mbedtls/mbedtls/tf-psa-crypto/drivers/builtin/CMakeFiles/builtin.dir/src/ripemd160.c.obj
[542/2138] Building C object esp-idf/mbedtls/mbedtls/tf-psa-crypto/drivers/builtin/CMakeFiles/builtin.dir/src/rsa.c.obj
[543/2138] Building C object esp-idf/mbedtls/mbedtls/tf-psa-crypto/drivers/builtin/CMakeFiles/builtin.dir/src/rsa_alt_helpers.c.obj
[544/2138] Building C object esp-idf/mbedtls/mbedtls/tf-psa-crypto/drivers/builtin/CMakeFiles/builtin.dir/src/sha1.c.obj
[545/2138] Building C object esp-idf/mbedtls/mbedtls/tf-psa-crypto/drivers/builtin/CMakeFiles/builtin.dir/src/sha256.c.obj
[546/2138] Building C object esp-idf/mbedtls/mbedtls/tf-psa-crypto/drivers/builtin/CMakeFiles/builtin.dir/src/sha3.c.obj
[547/2138] Building C object esp-idf/mbedtls/mbedtls/tf-psa-crypto/drivers/builtin/CMakeFiles/builtin.dir/src/sha512.c.obj
[548/2138] Building C object esp-idf/mbedtls/mbedtls/tf-psa-crypto/drivers/builtin/CMakeFiles/builtin.dir/C_/Espressif/frameworks/esp-idf-v6.0.1/components/mbedtls/port/ecc/esp_ecc.c.obj
[549/2138] Building C object esp-idf/mbedtls/mbedtls/tf-psa-crypto/drivers/builtin/CMakeFiles/builtin.dir/C_/Espressif/frameworks/esp-idf-v6.0.1/components/mbedtls/port/ecc/ecc_alt.c.obj
[550/2138] Building C object esp-idf/mbedtls/mbedtls/tf-psa-crypto/drivers/pqcp/CMakeFiles/pqcp.dir/src/psa_crypto_mldsa.c.obj
[551/2138] Building C object esp-idf/mbedtls/mbedtls/tf-psa-crypto/drivers/pqcp/CMakeFiles/pqcp.dir/src/wrap_mldsa_native.c.obj
[552/2138] Building C object esp-idf/mbedtls/mbedtls/tf-psa-crypto/extras/CMakeFiles/extras.dir/lmots.c.obj
[553/2138] Building C object esp-idf/mbedtls/mbedtls/tf-psa-crypto/extras/CMakeFiles/extras.dir/lms.c.obj
[554/2138] Building C object esp-idf/mbedtls/mbedtls/tf-psa-crypto/extras/CMakeFiles/extras.dir/md.c.obj
[555/2138] Building C object esp-idf/mbedtls/mbedtls/tf-psa-crypto/extras/CMakeFiles/extras.dir/nist_kw.c.obj
[556/2138] Building C object esp-idf/mbedtls/mbedtls/tf-psa-crypto/extras/CMakeFiles/extras.dir/pk.c.obj
[557/2138] Building C object esp-idf/mbedtls/mbedtls/tf-psa-crypto/extras/CMakeFiles/extras.dir/pk_ecc.c.obj
[558/2138] Building C object esp-idf/mbedtls/mbedtls/tf-psa-crypto/extras/CMakeFiles/extras.dir/pk_rsa.c.obj
[559/2138] Building C object esp-idf/mbedtls/mbedtls/tf-psa-crypto/extras/CMakeFiles/extras.dir/pk_wrap.c.obj
[560/2138] Building C object esp-idf/mbedtls/mbedtls/tf-psa-crypto/extras/CMakeFiles/extras.dir/pkparse.c.obj
[561/2138] Building C object esp-idf/mbedtls/mbedtls/tf-psa-crypto/extras/CMakeFiles/extras.dir/pkwrite.c.obj
[562/2138] Building C object esp-idf/mbedtls/mbedtls/tf-psa-crypto/platform/CMakeFiles/platform.dir/memory_buffer_alloc.c.obj
[563/2138] Building C object esp-idf/mbedtls/mbedtls/tf-psa-crypto/platform/CMakeFiles/platform.dir/platform.c.obj
[564/2138] Linking C static library esp-idf\nvs_sec_provider\libnvs_sec_provider.a
[565/2138] Building C object esp-idf/mbedtls/mbedtls/tf-psa-crypto/platform/CMakeFiles/platform.dir/platform_util.c.obj
[566/2138] Building C object esp-idf/mbedtls/mbedtls/tf-psa-crypto/platform/CMakeFiles/platform.dir/threading.c.obj
[567/2138] Building C object esp-idf/mbedtls/mbedtls/tf-psa-crypto/utilities/CMakeFiles/utilities.dir/asn1parse.c.obj
[568/2138] Building C object esp-idf/mbedtls/mbedtls/tf-psa-crypto/utilities/CMakeFiles/utilities.dir/asn1write.c.obj
[569/2138] Building C object esp-idf/mbedtls/mbedtls/tf-psa-crypto/utilities/CMakeFiles/utilities.dir/base64.c.obj
[570/2138] Building C object esp-idf/mbedtls/mbedtls/tf-psa-crypto/utilities/CMakeFiles/utilities.dir/constant_time.c.obj
[571/2138] Building C object esp-idf/mbedtls/mbedtls/tf-psa-crypto/utilities/CMakeFiles/utilities.dir/oid.c.obj
[572/2138] Building C object esp-idf/mbedtls/mbedtls/tf-psa-crypto/utilities/CMakeFiles/utilities.dir/pem.c.obj
[573/2138] Building C object esp-idf/mbedtls/mbedtls/tf-psa-crypto/utilities/CMakeFiles/utilities.dir/pkcs5.c.obj
[574/2138] Building C object esp-idf/mbedtls/mbedtls/tf-psa-crypto/core/CMakeFiles/tfpsacrypto.dir/psa_crypto.c.obj
[575/2138] Building C object esp-idf/mbedtls/mbedtls/tf-psa-crypto/core/CMakeFiles/tfpsacrypto.dir/psa_crypto_client.c.obj
[576/2138] Building C object esp-idf/mbedtls/mbedtls/tf-psa-crypto/core/CMakeFiles/tfpsacrypto.dir/psa_crypto_random.c.obj
[577/2138] Building C object esp-idf/mbedtls/mbedtls/tf-psa-crypto/core/CMakeFiles/tfpsacrypto.dir/psa_crypto_slot_management.c.obj
[578/2138] Building C object esp-idf/mbedtls/mbedtls/tf-psa-crypto/core/CMakeFiles/tfpsacrypto.dir/psa_crypto_storage.c.obj
[579/2138] Building C object esp-idf/mbedtls/mbedtls/tf-psa-crypto/core/CMakeFiles/tfpsacrypto.dir/psa_its_file.c.obj
[580/2138] Building C object esp-idf/mbedtls/mbedtls/tf-psa-crypto/core/CMakeFiles/tfpsacrypto.dir/psa_util.c.obj
[581/2138] Building C object esp-idf/mbedtls/mbedtls/tf-psa-crypto/core/CMakeFiles/tfpsacrypto.dir/tf_psa_crypto_config.c.obj
[582/2138] Building C object esp-idf/mbedtls/mbedtls/tf-psa-crypto/core/CMakeFiles/tfpsacrypto.dir/tf_psa_crypto_version.c.obj
[583/2138] Building C object esp-idf/mbedtls/mbedtls/tf-psa-crypto/core/CMakeFiles/tfpsacrypto.dir/psa_crypto_driver_wrappers_no_static.c.obj
[584/2138] Building C object esp-idf/mbedtls/mbedtls/tf-psa-crypto/core/CMakeFiles/tfpsacrypto.dir/C_/Espressif/frameworks/esp-idf-v6.0.1/components/mbedtls/port/psa_crypto_storage/esp_psa_its.c.obj
[585/2138] Building C object esp-idf/mbedtls/mbedtls/tf-psa-crypto/core/CMakeFiles/tfpsacrypto.dir/C_/Espressif/frameworks/esp-idf-v6.0.1/components/mbedtls/port/sha/core/esp_sha_gdma_impl.c.obj
[586/2138] Building C object esp-idf/mbedtls/mbedtls/tf-psa-crypto/core/CMakeFiles/tfpsacrypto.dir/C_/Espressif/frameworks/esp-idf-v6.0.1/components/mbedtls/port/aes/dma/esp_aes_gdma_impl.c.obj
[587/2138] Building C object esp-idf/mbedtls/mbedtls/tf-psa-crypto/core/CMakeFiles/tfpsacrypto.dir/C_/Espressif/frameworks/esp-idf-v6.0.1/components/mbedtls/port/aes/dma/esp_aes_dma_core.c.obj
[588/2138] Building C object esp-idf/mbedtls/mbedtls/tf-psa-crypto/core/CMakeFiles/tfpsacrypto.dir/26f24adfb44572db017f751193978b2b/components/mbedtls/port/crypto_shared_gdma/esp_crypto_shared_gdma.c.obj
[589/2138] Building C object esp-idf/mbedtls/mbedtls/tf-psa-crypto/core/CMakeFiles/tfpsacrypto.dir/C_/Espressif/frameworks/esp-idf-v6.0.1/components/mbedtls/port/esp_hardware.c.obj
[590/2138] Building C object esp-idf/mbedtls/mbedtls/tf-psa-crypto/core/CMakeFiles/tfpsacrypto.dir/C_/Espressif/frameworks/esp-idf-v6.0.1/components/mbedtls/port/aes/esp_aes_xts.c.obj
[591/2138] Building C object esp-idf/mbedtls/mbedtls/tf-psa-crypto/core/CMakeFiles/tfpsacrypto.dir/C_/Espressif/frameworks/esp-idf-v6.0.1/components/mbedtls/port/aes/esp_aes_common.c.obj
[592/2138] Building C object esp-idf/mbedtls/mbedtls/tf-psa-crypto/core/CMakeFiles/tfpsacrypto.dir/C_/Espressif/frameworks/esp-idf-v6.0.1/components/mbedtls/port/aes/esp_aes.c.obj
[593/2138] Building C object esp-idf/mbedtls/mbedtls/tf-psa-crypto/core/CMakeFiles/tfpsacrypto.dir/C_/Espressif/frameworks/esp-idf-v6.0.1/components/mbedtls/port/aes/esp_aes_gcm.c.obj
[594/2138] Building C object esp-idf/mbedtls/mbedtls/tf-psa-crypto/core/CMakeFiles/tfpsacrypto.dir/26f24adfb44572db017f751193978b2b/components/mbedtls/port/psa_driver/esp_sha/psa_crypto_driver_esp_sha.c.obj
[595/2138] Building C object esp-idf/mbedtls/mbedtls/tf-psa-crypto/core/CMakeFiles/tfpsacrypto.dir/07725550a628bf10720c629c3a1602da/mbedtls/port/psa_driver/esp_sha/core/psa_crypto_driver_esp_sha256.c.obj
[596/2138] Building C object esp-idf/mbedtls/mbedtls/tf-psa-crypto/core/CMakeFiles/tfpsacrypto.dir/07725550a628bf10720c629c3a1602da/mbedtls/port/psa_driver/esp_sha/core/psa_crypto_driver_esp_sha512.c.obj
[597/2138] Building C object esp-idf/mbedtls/mbedtls/tf-psa-crypto/core/CMakeFiles/tfpsacrypto.dir/C_/Espressif/frameworks/esp-idf-v6.0.1/components/mbedtls/port/sha/esp_sha.c.obj
[598/2138] Building C object esp-idf/mbedtls/mbedtls/tf-psa-crypto/core/CMakeFiles/tfpsacrypto.dir/015e5e985754ea0d5bbcf19df0e017fa/port/psa_driver/esp_mac/psa_crypto_driver_esp_hmac_transparent.c.obj
[599/2138] Building C object esp-idf/mbedtls/mbedtls/tf-psa-crypto/core/CMakeFiles/tfpsacrypto.dir/07725550a628bf10720c629c3a1602da/mbedtls/port/psa_driver/esp_sha/core/psa_crypto_driver_esp_sha1.c.obj
[600/2138] Building C object esp-idf/mbedtls/mbedtls/tf-psa-crypto/core/CMakeFiles/tfpsacrypto.dir/C_/Espressif/frameworks/esp-idf-v6.0.1/components/mbedtls/port/sha/core/sha.c.obj
[601/2138] Building C object esp-idf/mbedtls/mbedtls/tf-psa-crypto/core/CMakeFiles/tfpsacrypto.dir/26f24adfb44572db017f751193978b2b/components/mbedtls/port/psa_driver/esp_md/psa_crypto_driver_esp_md5.c.obj
[602/2138] Building C object esp-idf/mbedtls/mbedtls/tf-psa-crypto/core/CMakeFiles/tfpsacrypto.dir/07725550a628bf10720c629c3a1602da/mbedtls/port/psa_driver/esp_mac/psa_crypto_driver_esp_hmac_opaque.c.obj
[603/2138] Building C object esp-idf/mbedtls/mbedtls/tf-psa-crypto/core/CMakeFiles/tfpsacrypto.dir/07725550a628bf10720c629c3a1602da/mbedtls/port/psa_driver/esp_rsa_ds/psa_crypto_driver_esp_rsa_ds.c.obj
[604/2138] Building C object esp-idf/mbedtls/mbedtls/tf-psa-crypto/core/CMakeFiles/tfpsacrypto.dir/015e5e985754ea0d5bbcf19df0e017fa/port/psa_driver/esp_rsa_ds/psa_crypto_driver_esp_rsa_ds_utilities.c.obj
[605/2138] Building C object esp-idf/mbedtls/mbedtls/tf-psa-crypto/core/CMakeFiles/tfpsacrypto.dir/C_/Espressif/frameworks/esp-idf-v6.0.1/components/mbedtls/port/esp_hmac_pbkdf2.c.obj
[606/2138] Building C object esp-idf/mbedtls/mbedtls/tf-psa-crypto/core/CMakeFiles/tfpsacrypto.dir/C_/Espressif/frameworks/esp-idf-v6.0.1/components/mbedtls/port/bignum/esp_bignum.c.obj
[607/2138] Building C object esp-idf/mbedtls/mbedtls/tf-psa-crypto/core/CMakeFiles/tfpsacrypto.dir/C_/Espressif/frameworks/esp-idf-v6.0.1/components/mbedtls/port/bignum/bignum_alt.c.obj
[608/2138] Building C object esp-idf/mbedtls/mbedtls/tf-psa-crypto/core/CMakeFiles/tfpsacrypto.dir/26f24adfb44572db017f751193978b2b/components/mbedtls/port/psa_driver/esp_aes/psa_crypto_driver_esp_aes.c.obj
[609/2138] Building C object esp-idf/mbedtls/mbedtls/tf-psa-crypto/core/CMakeFiles/tfpsacrypto.dir/07725550a628bf10720c629c3a1602da/mbedtls/port/psa_driver/esp_aes/psa_crypto_driver_esp_aes_gcm.c.obj
[610/2138] Building C object esp-idf/mbedtls/mbedtls/tf-psa-crypto/core/CMakeFiles/tfpsacrypto.dir/07725550a628bf10720c629c3a1602da/mbedtls/port/psa_driver/esp_mac/psa_crypto_driver_esp_cmac.c.obj
[611/2138] Building C object esp-idf/mbedtls/mbedtls/tf-psa-crypto/core/CMakeFiles/tfpsacrypto.dir/07725550a628bf10720c629c3a1602da/mbedtls/port/psa_driver/esp_ecdsa/psa_crypto_driver_esp_ecdsa.c.obj
[612/2138] Building C object esp-idf/mbedtls/mbedtls/library/CMakeFiles/mbedtls.dir/debug.c.obj
[613/2138] Building C object esp-idf/mbedtls/mbedtls/library/CMakeFiles/mbedtls.dir/mps_reader.c.obj
[614/2138] Building C object esp-idf/mbedtls/mbedtls/library/CMakeFiles/mbedtls.dir/mps_trace.c.obj
[615/2138] Building C object esp-idf/mbedtls/mbedtls/library/CMakeFiles/mbedtls.dir/ssl_cache.c.obj
[616/2138] Building C object esp-idf/mbedtls/mbedtls/library/CMakeFiles/mbedtls.dir/ssl_ciphersuites.c.obj
[617/2138] Building C object esp-idf/mbedtls/mbedtls/library/CMakeFiles/mbedtls.dir/ssl_client.c.obj
[618/2138] Building C object esp-idf/mbedtls/mbedtls/library/CMakeFiles/mbedtls.dir/ssl_cookie.c.obj
[619/2138] Building C object esp-idf/mbedtls/mbedtls/library/CMakeFiles/mbedtls.dir/ssl_debug_helpers_generated.c.obj
[620/2138] Linking C static library esp-idf\esp_netif\libesp_netif.a
[621/2138] Building C object esp-idf/mbedtls/mbedtls/library/CMakeFiles/mbedtls.dir/ssl_msg.c.obj
[622/2138] Building C object esp-idf/mbedtls/mbedtls/library/CMakeFiles/mbedtls.dir/ssl_ticket.c.obj
[623/2138] Building C object esp-idf/mbedtls/mbedtls/library/CMakeFiles/mbedtls.dir/ssl_tls.c.obj
[624/2138] Building C object esp-idf/mbedtls/mbedtls/library/CMakeFiles/mbedtls.dir/ssl_tls12_client.c.obj
[625/2138] Building C object esp-idf/mbedtls/mbedtls/library/CMakeFiles/mbedtls.dir/ssl_tls12_server.c.obj
[626/2138] Building C object esp-idf/mbedtls/mbedtls/library/CMakeFiles/mbedtls.dir/ssl_tls13_keys.c.obj
[627/2138] Building C object esp-idf/mbedtls/mbedtls/library/CMakeFiles/mbedtls.dir/ssl_tls13_server.c.obj
[628/2138] Building C object esp-idf/mbedtls/mbedtls/library/CMakeFiles/mbedtls.dir/ssl_tls13_client.c.obj
[629/2138] Building C object esp-idf/mbedtls/mbedtls/library/CMakeFiles/mbedtls.dir/ssl_tls13_generic.c.obj
[630/2138] Building C object esp-idf/mbedtls/mbedtls/library/CMakeFiles/mbedtls.dir/timing.c.obj
[631/2138] Building C object esp-idf/mbedtls/mbedtls/library/CMakeFiles/mbedtls.dir/version.c.obj
[632/2138] Building C object esp-idf/mbedtls/mbedtls/library/CMakeFiles/mbedtls.dir/version_features.c.obj
[633/2138] Building C object esp-idf/mbedtls/mbedtls/library/CMakeFiles/mbedtls.dir/C_/Espressif/frameworks/esp-idf-v6.0.1/components/mbedtls/port/mbedtls_debug.c.obj
[634/2138] Building C object esp-idf/mbedtls/mbedtls/library/CMakeFiles/mbedtls.dir/C_/Espressif/frameworks/esp-idf-v6.0.1/components/mbedtls/port/esp_platform_time.c.obj
[635/2138] Building C object esp-idf/mbedtls/mbedtls/library/CMakeFiles/mbedtls.dir/C_/Espressif/frameworks/esp-idf-v6.0.1/components/mbedtls/port/esp_timing.c.obj
[636/2138] Building C object esp-idf/mbedtls/mbedtls/library/CMakeFiles/mbedtls.dir/C_/Espressif/frameworks/esp-idf-v6.0.1/components/mbedtls/port/esp_psa_crypto_init.c.obj
[637/2138] Building C object esp-idf/mbedtls/mbedtls/library/CMakeFiles/mbedtls.dir/C_/Espressif/frameworks/esp-idf-v6.0.1/components/mbedtls/port/net_sockets.c.obj
[638/2138] Building C object esp-idf/mbedtls/mbedtls/library/CMakeFiles/mbedx509.dir/error.c.obj
[639/2138] Building C object esp-idf/mbedtls/mbedtls/library/CMakeFiles/mbedx509.dir/mbedtls_config.c.obj
[640/2138] Building C object esp-idf/mbedtls/mbedtls/library/CMakeFiles/mbedx509.dir/pkcs7.c.obj
[641/2138] Building C object esp-idf/mbedtls/mbedtls/library/CMakeFiles/mbedx509.dir/x509.c.obj
[642/2138] Building C object esp-idf/mbedtls/mbedtls/library/CMakeFiles/mbedx509.dir/x509_create.c.obj
[643/2138] Building C object esp-idf/mbedtls/mbedtls/library/CMakeFiles/mbedx509.dir/x509_crl.c.obj
[644/2138] Building C object esp-idf/mbedtls/mbedtls/library/CMakeFiles/mbedx509.dir/x509_csr.c.obj
[645/2138] Building C object esp-idf/mbedtls/mbedtls/library/CMakeFiles/mbedx509.dir/x509_crt.c.obj
[646/2138] Building C object esp-idf/mbedtls/mbedtls/library/CMakeFiles/mbedx509.dir/x509_oid.c.obj
[647/2138] Building C object esp-idf/mbedtls/mbedtls/library/CMakeFiles/mbedx509.dir/x509write.c.obj
[648/2138] Building C object esp-idf/mbedtls/mbedtls/library/CMakeFiles/mbedx509.dir/x509write_crt.c.obj
[649/2138] Building C object esp-idf/mbedtls/mbedtls/library/CMakeFiles/mbedx509.dir/x509write_csr.c.obj
[650/2138] Creating directories for 'bootloader'
[651/2138] No download step for 'bootloader'
[652/2138] No update step for 'bootloader'
[653/2138] No patch step for 'bootloader'
[654/2138] Linking C static library esp-idf\lwip\liblwip.a
[655/2138] Linking C static library esp-idf\vfs\libvfs.a
[656/2138] Linking C static library esp-idf\esp_driver_usb_serial_jtag\libesp_driver_usb_serial_jtag.a
[657/2138] Linking C static library esp-idf\esp_event\libesp_event.a
[658/2138] Linking C static library esp-idf\esp_driver_uart\libesp_driver_uart.a
[659/2138] Linking C static library esp-idf\esp_psram\libesp_psram.a
[660/2138] Linking C static library esp-idf\esp_ringbuf\libesp_ringbuf.a
[661/2138] Linking C static library esp-idf\esp_timer\libesp_timer.a
[662/2138] Linking C static library esp-idf\cxx\libcxx.a
[663/2138] Linking C static library esp-idf\pthread\libpthread.a
[664/2138] Linking C static library esp-idf\esp_libc\libesp_libc.a
[665/2138] Linking C static library esp-idf\freertos\libfreertos.a
[666/2138] Linking C static library esp-idf\esp_hw_support\libesp_hw_support.a
[667/2138] Linking C static library esp-idf\esp_hal_cam\libesp_hal_cam.a
[668/2138] Linking C static library esp-idf\esp_hal_touch_sens\libesp_hal_touch_sens.a
[669/2138] Linking C static library esp-idf\esp_hal_systimer\libesp_hal_systimer.a
[670/2138] Linking C static library esp-idf\esp_hal_regi2c\libesp_hal_regi2c.a
[671/2138] Linking C static library esp-idf\esp_hal_pmu\libesp_hal_pmu.a
[672/2138] Linking C static library esp-idf\esp_hal_usb\libesp_hal_usb.a
[673/2138] Linking C static library esp-idf\esp_hal_gpio\libesp_hal_gpio.a
[674/2138] Linking C static library esp-idf\soc\libsoc.a
[675/2138] Linking C static library esp-idf\heap\libheap.a
[676/2138] Linking C static library esp-idf\log\liblog.a
[677/2138] Linking C static library esp-idf\hal\libhal.a
[678/2138] Linking C static library esp-idf\esp_rom\libesp_rom.a
[679/2138] Linking C static library esp-idf\esp_common\libesp_common.a
[680/2138] Linking C static library esp-idf\esp_system\libesp_system.a
[681/2138] Linking C static library esp-idf\spi_flash\libspi_flash.a
[682/2138] Linking C static library esp-idf\bootloader_support\libbootloader_support.a
[683/2138] Linking C static library esp-idf\esp_hal_ana_conv\libesp_hal_ana_conv.a
[684/2138] Linking C static library esp-idf\esp_hal_wdt\libesp_hal_wdt.a
[685/2138] Linking C static library esp-idf\esp_hal_timg\libesp_hal_timg.a
[686/2138] Linking CXX static library esp-idf\mbedtls\mbedtls\tf-psa-crypto\drivers\everest\libeverest.a
[687/2138] Linking CXX static library esp-idf\mbedtls\mbedtls\tf-psa-crypto\drivers\p256-m\libp256-m.a
[688/2138] Linking CXX static library esp-idf\mbedtls\mbedtls\tf-psa-crypto\drivers\builtin\libmbed-builtin.a
[689/2138] Linking CXX static library esp-idf\mbedtls\mbedtls\tf-psa-crypto\drivers\pqcp\libpqcp.a
[690/2138] Linking CXX static library esp-idf\mbedtls\mbedtls\tf-psa-crypto\extras\libextras.a
[691/2138] Linking CXX static library esp-idf\mbedtls\mbedtls\tf-psa-crypto\platform\libplatform.a
[692/2138] Linking CXX static library esp-idf\mbedtls\mbedtls\tf-psa-crypto\utilities\libutilities.a
[693/2138] Linking CXX static library esp-idf\mbedtls\mbedtls\tf-psa-crypto\core\libtfpsacrypto.a
[694/2138] Linking CXX static library esp-idf\mbedtls\mbedtls\library\libmbedtls.a
[695/2138] Linking CXX static library esp-idf\mbedtls\mbedtls\library\libmbedx509.a
[696/2138] Generating x509_crt_bundle
[697/2138] Generating ../../x509_crt_bundle.S
[698/2138] Building C object esp-idf/mbedtls/CMakeFiles/__idf_mbedtls.dir/port/esp_mem.c.obj
[699/2138] Building C object esp-idf/mbedtls/CMakeFiles/__idf_mbedtls.dir/esp_crt_bundle/esp_crt_bundle.c.obj
[700/2138] Building ASM object esp-idf/mbedtls/CMakeFiles/__idf_mbedtls.dir/__/__/x509_crt_bundle.S.obj
[701/2138] Building C object esp-idf/esp_driver_dma/CMakeFiles/__idf_esp_driver_dma.dir/src/esp_dma_utils.c.obj
[702/2138] Building C object esp-idf/esp_driver_dma/CMakeFiles/__idf_esp_driver_dma.dir/src/gdma_link.c.obj
[703/2138] Building C object esp-idf/esp_driver_dma/CMakeFiles/__idf_esp_driver_dma.dir/src/gdma.c.obj
[704/2138] Building C object esp-idf/esp_driver_dma/CMakeFiles/__idf_esp_driver_dma.dir/src/gdma_sleep.c.obj
[705/2138] Building C object esp-idf/esp_driver_dma/CMakeFiles/__idf_esp_driver_dma.dir/esp32p4/gdma_retention.c.obj
[706/2138] Building C object esp-idf/esp_driver_dma/CMakeFiles/__idf_esp_driver_dma.dir/src/gdma_etm.c.obj
[707/2138] Building C object esp-idf/esp_driver_dma/CMakeFiles/__idf_esp_driver_dma.dir/src/gdma_crc.c.obj
[708/2138] Building C object esp-idf/esp_driver_dma/CMakeFiles/__idf_esp_driver_dma.dir/src/esp_async_crc.c.obj
[709/2138] Building C object esp-idf/esp_driver_dma/CMakeFiles/__idf_esp_driver_dma.dir/src/async_crc_gdma.c.obj
[710/2138] Building C object esp-idf/esp_driver_dma/CMakeFiles/__idf_esp_driver_dma.dir/src/esp_async_memcpy.c.obj
[711/2138] Building C object esp-idf/esp_driver_dma/CMakeFiles/__idf_esp_driver_dma.dir/src/async_memcpy_gdma.c.obj
[712/2138] Building C object esp-idf/esp_driver_dma/CMakeFiles/__idf_esp_driver_dma.dir/src/dw_gdma.c.obj
[713/2138] Building C object esp-idf/esp_driver_dma/CMakeFiles/__idf_esp_driver_dma.dir/src/dma2d.c.obj
[714/2138] Building C object esp-idf/esp_mm/CMakeFiles/__idf_esp_mm.dir/esp_mmu_map.c.obj
[715/2138] Building C object esp-idf/esp_mm/CMakeFiles/__idf_esp_mm.dir/port/esp32p4/ext_mem_layout.c.obj
[716/2138] Building C object esp-idf/esp_mm/CMakeFiles/__idf_esp_mm.dir/esp_cache_msync.c.obj
[717/2138] Building C object esp-idf/esp_mm/CMakeFiles/__idf_esp_mm.dir/esp_cache_utils.c.obj
[718/2138] Building C object esp-idf/esp_pm/CMakeFiles/__idf_esp_pm.dir/pm_locks.c.obj
[719/2138] Building C object esp-idf/esp_pm/CMakeFiles/__idf_esp_pm.dir/pm_trace.c.obj
[720/2138] Building C object esp-idf/esp_pm/CMakeFiles/__idf_esp_pm.dir/pm_impl.c.obj
[721/2138] Building C object esp-idf/esp_hal_uart/CMakeFiles/__idf_esp_hal_uart.dir/uart_hal.c.obj
[722/2138] Building C object esp-idf/esp_hal_uart/CMakeFiles/__idf_esp_hal_uart.dir/uart_hal_iram.c.obj
[723/2138] Building C object esp-idf/esp_hal_uart/CMakeFiles/__idf_esp_hal_uart.dir/esp32p4/uart_periph.c.obj
[724/2138] Building C object esp-idf/esp_hal_uart/CMakeFiles/__idf_esp_hal_uart.dir/uhci_hal.c.obj
[725/2138] Linking C static library esp-idf\mbedtls\libmbedtls.a
[726/2138] Building C object esp-idf/esp_driver_gpio/CMakeFiles/__idf_esp_driver_gpio.dir/src/gpio.c.obj
[727/2138] Building C object esp-idf/esp_driver_gpio/CMakeFiles/__idf_esp_driver_gpio.dir/src/gpio_glitch_filter_ops.c.obj
[728/2138] Building C object esp-idf/esp_driver_gpio/CMakeFiles/__idf_esp_driver_gpio.dir/src/rtc_io.c.obj
[729/2138] Building C object esp-idf/esp_driver_gpio/CMakeFiles/__idf_esp_driver_gpio.dir/src/dedic_gpio.c.obj
[730/2138] Building C object esp-idf/esp_driver_gpio/CMakeFiles/__idf_esp_driver_gpio.dir/src/gpio_pin_glitch_filter.c.obj
[731/2138] Building C object esp-idf/esp_driver_gpio/CMakeFiles/__idf_esp_driver_gpio.dir/src/gpio_flex_glitch_filter.c.obj
[732/2138] Building C object esp-idf/esp_driver_gpio/CMakeFiles/__idf_esp_driver_gpio.dir/src/gpio_etm.c.obj
[733/2138] Building C object esp-idf/esp_security/CMakeFiles/__idf_esp_security.dir/src/init.c.obj
[734/2138] Building C object esp-idf/esp_security/CMakeFiles/__idf_esp_security.dir/src/esp_hmac.c.obj
[735/2138] Building C object esp-idf/esp_security/CMakeFiles/__idf_esp_security.dir/src/esp_ds.c.obj
[736/2138] Building C object esp-idf/esp_security/CMakeFiles/__idf_esp_security.dir/src/esp_key_mgr.c.obj
[737/2138] Building C object esp-idf/esp_security/CMakeFiles/__idf_esp_security.dir/src/esp_crypto_lock.c.obj
[738/2138] Building C object esp-idf/esp_security/CMakeFiles/__idf_esp_security.dir/src/esp_crypto_periph_clk.c.obj
[739/2138] Building C object esp-idf/efuse/CMakeFiles/__idf_efuse.dir/esp32p4/esp_efuse_utility.c.obj
[740/2138] Building C object esp-idf/efuse/CMakeFiles/__idf_efuse.dir/esp32p4/esp_efuse_fields.c.obj
[741/2138] Building C object esp-idf/efuse/CMakeFiles/__idf_efuse.dir/esp32p4/esp_efuse_table.c.obj
[742/2138] Building C object esp-idf/efuse/CMakeFiles/__idf_efuse.dir/esp32p4/esp_efuse_rtc_calib.c.obj
[743/2138] Building C object esp-idf/efuse/CMakeFiles/__idf_efuse.dir/src/esp_efuse_api.c.obj
[744/2138] Building C object esp-idf/efuse/CMakeFiles/__idf_efuse.dir/src/esp_efuse_fields.c.obj
[745/2138] Building C object esp-idf/efuse/CMakeFiles/__idf_efuse.dir/src/esp_efuse_utility.c.obj
[746/2138] Building C object esp-idf/efuse/CMakeFiles/__idf_efuse.dir/src/efuse_controller/keys/with_key_purposes/esp_efuse_api_key.c.obj
[747/2138] Building C object esp-idf/efuse/CMakeFiles/__idf_efuse.dir/src/esp_efuse_startup.c.obj
[748/2138] Building C object esp-idf/esp_partition/CMakeFiles/__idf_esp_partition.dir/partition.c.obj
[749/2138] Building C object esp-idf/esp_partition/CMakeFiles/__idf_esp_partition.dir/partition_target.c.obj
[750/2138] Building C object esp-idf/app_update/CMakeFiles/__idf_app_update.dir/esp_ota_ops.c.obj
[751/2138] Building C object esp-idf/esp_hal_security/CMakeFiles/__idf_esp_hal_security.dir/ecc_hal.c.obj
[752/2138] Building C object esp-idf/esp_hal_security/CMakeFiles/__idf_esp_hal_security.dir/ecdsa_hal.c.obj
[753/2138] Building C object esp-idf/esp_hal_security/CMakeFiles/__idf_esp_hal_security.dir/mpi_hal.c.obj
[754/2138] Building C object esp-idf/esp_hal_security/CMakeFiles/__idf_esp_hal_security.dir/sha_hal.c.obj
[755/2138] Building C object esp-idf/esp_hal_security/CMakeFiles/__idf_esp_hal_security.dir/aes_hal.c.obj
[756/2138] Building C object esp-idf/esp_hal_security/CMakeFiles/__idf_esp_hal_security.dir/hmac_hal.c.obj
[757/2138] Building C object esp-idf/esp_hal_security/CMakeFiles/__idf_esp_hal_security.dir/ds_hal.c.obj
[758/2138] Building C object esp-idf/esp_hal_security/CMakeFiles/__idf_esp_hal_security.dir/apm_hal.c.obj
[759/2138] Building C object esp-idf/esp_hal_security/CMakeFiles/__idf_esp_hal_security.dir/key_mgr_hal.c.obj
[760/2138] Building C object esp-idf/esp_hal_security/CMakeFiles/__idf_esp_hal_security.dir/huk_hal.c.obj
[761/2138] Building C object esp-idf/esp_hal_mspi/CMakeFiles/__idf_esp_hal_mspi.dir/spi_flash_hal.c.obj
[762/2138] Building C object esp-idf/esp_hal_mspi/CMakeFiles/__idf_esp_hal_mspi.dir/spi_flash_hal_iram.c.obj
[763/2138] Building C object esp-idf/esp_hal_mspi/CMakeFiles/__idf_esp_hal_mspi.dir/spi_flash_encrypt_hal_iram.c.obj
[764/2138] Building C object esp-idf/esp_hal_mspi/CMakeFiles/__idf_esp_hal_mspi.dir/spi_flash_hal_gpspi.c.obj
[765/2138] Building C object esp-idf/esp_hal_mspi/CMakeFiles/__idf_esp_hal_mspi.dir/esp32p4/mspi_periph.c.obj
[766/2138] Building C object esp-idf/esp_hal_clock/CMakeFiles/__idf_esp_hal_clock.dir/esp32p4/clk_tree_hal.c.obj
[767/2138] Building C object esp-idf/esp_hal_gpspi/CMakeFiles/__idf_esp_hal_gpspi.dir/esp32p4/spi_periph.c.obj
[768/2138] Building C object esp-idf/esp_hal_gpspi/CMakeFiles/__idf_esp_hal_gpspi.dir/spi_hal.c.obj
[769/2138] Building C object esp-idf/esp_hal_gpspi/CMakeFiles/__idf_esp_hal_gpspi.dir/spi_hal_iram.c.obj
[770/2138] Building C object esp-idf/esp_hal_gpspi/CMakeFiles/__idf_esp_hal_gpspi.dir/spi_slave_hal.c.obj
[771/2138] Building C object esp-idf/esp_hal_gpspi/CMakeFiles/__idf_esp_hal_gpspi.dir/spi_slave_hal_iram.c.obj
[772/2138] Building C object esp-idf/esp_hal_gpspi/CMakeFiles/__idf_esp_hal_gpspi.dir/spi_slave_hd_hal.c.obj
[773/2138] Building C object esp-idf/esp_hal_dma/CMakeFiles/__idf_esp_hal_dma.dir/gdma_hal_top.c.obj
[774/2138] Building C object esp-idf/esp_hal_dma/CMakeFiles/__idf_esp_hal_dma.dir/esp32p4/gdma_periph.c.obj
[775/2138] Building C object esp-idf/esp_hal_dma/CMakeFiles/__idf_esp_hal_dma.dir/gdma_hal_crc_gen.c.obj
[776/2138] Building C object esp-idf/esp_hal_dma/CMakeFiles/__idf_esp_hal_dma.dir/gdma_hal_ahb_v2.c.obj
[777/2138] Building C object esp-idf/esp_hal_dma/CMakeFiles/__idf_esp_hal_dma.dir/gdma_hal_axi.c.obj
[778/2138] Building C object esp-idf/esp_hal_dma/CMakeFiles/__idf_esp_hal_dma.dir/dw_gdma_hal.c.obj
[779/2138] Building C object esp-idf/esp_hal_dma/CMakeFiles/__idf_esp_hal_dma.dir/dma2d_hal.c.obj
[780/2138] Building C object esp-idf/esp_hal_dma/CMakeFiles/__idf_esp_hal_dma.dir/esp32p4/dma2d_periph.c.obj
[781/2138] Building C object esp-idf/esp_stdio/CMakeFiles/__idf_esp_stdio.dir/stdio_port.c.obj
[782/2138] Building C object esp-idf/esp_stdio/CMakeFiles/__idf_esp_stdio.dir/stdio_simple.c.obj
[783/2138] Building C object esp-idf/esp_stdio/CMakeFiles/__idf_esp_stdio.dir/stdio_syscalls_simple.c.obj
[784/2138] Building C object esp-idf/esp_stdio/CMakeFiles/__idf_esp_stdio.dir/stdio_vfs.c.obj
[785/2138] Building C object esp-idf/riscv/CMakeFiles/__idf_riscv.dir/instruction_decode.c.obj
[786/2138] Building C object esp-idf/riscv/CMakeFiles/__idf_riscv.dir/interrupt.c.obj
[787/2138] Building C object esp-idf/riscv/CMakeFiles/__idf_riscv.dir/rv_utils.c.obj
[788/2138] Building ASM object esp-idf/riscv/CMakeFiles/__idf_riscv.dir/vectors.S.obj
[789/2138] Building C object esp-idf/riscv/CMakeFiles/__idf_riscv.dir/interrupt_clic.c.obj
[790/2138] Building ASM object esp-idf/riscv/CMakeFiles/__idf_riscv.dir/vectors_clic.S.obj
[791/2138] Building C object esp-idf/esp_hal_twai/CMakeFiles/__idf_esp_hal_twai.dir/esp32p4/twai_periph.c.obj
[792/2138] Building C object esp-idf/esp_hal_twai/CMakeFiles/__idf_esp_hal_twai.dir/twai_hal_v1.c.obj
[793/2138] Linking C static library esp-idf\esp_driver_dma\libesp_driver_dma.a
[794/2138] Building C object esp-idf/esp_driver_bitscrambler/CMakeFiles/__idf_esp_driver_bitscrambler.dir/src/bitscrambler.c.obj
[795/2138] Building C object esp-idf/esp_driver_bitscrambler/CMakeFiles/__idf_esp_driver_bitscrambler.dir/src/bitscrambler_loopback.c.obj
[796/2138] Building C object esp-idf/esp_driver_bitscrambler/CMakeFiles/__idf_esp_driver_bitscrambler.dir/src/bitscrambler_esp32p4.c.obj
[797/2138] Building C object esp-idf/esp_driver_isp/CMakeFiles/__idf_esp_driver_isp.dir/src/isp_core.c.obj
[798/2138] Building C object esp-idf/esp_driver_isp/CMakeFiles/__idf_esp_driver_isp.dir/src/isp_af.c.obj
[799/2138] Building C object esp-idf/esp_driver_isp/CMakeFiles/__idf_esp_driver_isp.dir/src/isp_ccm.c.obj
[800/2138] Building C object esp-idf/esp_driver_isp/CMakeFiles/__idf_esp_driver_isp.dir/src/isp_awb.c.obj
[801/2138] Building C object esp-idf/esp_driver_isp/CMakeFiles/__idf_esp_driver_isp.dir/src/isp_ae.c.obj
[802/2138] Building C object esp-idf/esp_driver_isp/CMakeFiles/__idf_esp_driver_isp.dir/src/isp_gamma.c.obj
[803/2138] Building C object esp-idf/esp_driver_isp/CMakeFiles/__idf_esp_driver_isp.dir/src/isp_hist.c.obj
[804/2138] Building C object esp-idf/esp_driver_isp/CMakeFiles/__idf_esp_driver_isp.dir/src/isp_bf.c.obj
[805/2138] Building C object esp-idf/esp_driver_isp/CMakeFiles/__idf_esp_driver_isp.dir/src/isp_blc.c.obj
[806/2138] Building C object esp-idf/esp_driver_isp/CMakeFiles/__idf_esp_driver_isp.dir/src/isp_demosaic.c.obj
[807/2138] Building C object esp-idf/esp_driver_isp/CMakeFiles/__idf_esp_driver_isp.dir/src/isp_sharpen.c.obj
[808/2138] Building C object esp-idf/esp_driver_isp/CMakeFiles/__idf_esp_driver_isp.dir/src/isp_color.c.obj
[809/2138] Building C object esp-idf/esp_driver_isp/CMakeFiles/__idf_esp_driver_isp.dir/src/isp_lsc.c.obj
[810/2138] Building C object esp-idf/esp_driver_isp/CMakeFiles/__idf_esp_driver_isp.dir/src/isp_wbg.c.obj
[811/2138] Building C object esp-idf/esp_driver_isp/CMakeFiles/__idf_esp_driver_isp.dir/src/isp_crop.c.obj
[812/2138] Building C object esp-idf/esp_hal_parlio/CMakeFiles/__idf_esp_hal_parlio.dir/esp32p4/parlio_periph.c.obj
[813/2138] Building C object esp-idf/esp_hal_parlio/CMakeFiles/__idf_esp_hal_parlio.dir/parlio_hal.c.obj
[814/2138] Building C object esp-idf/esp_hal_sd/CMakeFiles/__idf_esp_hal_sd.dir/sdmmc_hal.c.obj
[815/2138] Building C object esp-idf/esp_hal_sd/CMakeFiles/__idf_esp_hal_sd.dir/esp32p4/sdmmc_periph.c.obj
[816/2138] Building C object esp-idf/esp_bootloader_format/CMakeFiles/__idf_esp_bootloader_format.dir/esp_bootloader_desc.c.obj
[817/2138] Building C object esp-idf/esp_driver_spi/CMakeFiles/__idf_esp_driver_spi.dir/src/gpspi/spi_common.c.obj
[818/2138] Building C object esp-idf/esp_driver_spi/CMakeFiles/__idf_esp_driver_spi.dir/src/gpspi/spi_master.c.obj
[819/2138] Building C object esp-idf/esp_driver_spi/CMakeFiles/__idf_esp_driver_spi.dir/src/gpspi/spi_slave.c.obj
[820/2138] Building C object esp-idf/esp_driver_spi/CMakeFiles/__idf_esp_driver_spi.dir/src/gpspi/spi_slave_hd.c.obj
[821/2138] Building C object esp-idf/driver/CMakeFiles/__idf_driver.dir/i2c/i2c.c.obj
[822/2138] Building C object esp-idf/driver/CMakeFiles/__idf_driver.dir/twai/twai.c.obj
[823/2138] Building C object esp-idf/esp_driver_i2c/CMakeFiles/__idf_esp_driver_i2c.dir/i2c_master.c.obj
[824/2138] Building C object esp-idf/esp_driver_i2c/CMakeFiles/__idf_esp_driver_i2c.dir/i2c_common.c.obj
[825/2138] Building C object esp-idf/esp_driver_i2c/CMakeFiles/__idf_esp_driver_i2c.dir/i2c_slave.c.obj
[826/2138] Building C object esp-idf/esp_hal_ledc/CMakeFiles/__idf_esp_hal_ledc.dir/ledc_hal.c.obj
[827/2138] Building C object esp-idf/esp_hal_ledc/CMakeFiles/__idf_esp_hal_ledc.dir/ledc_hal_iram.c.obj
[828/2138] Building C object esp-idf/esp_hal_ledc/CMakeFiles/__idf_esp_hal_ledc.dir/esp32p4/ledc_periph.c.obj
[829/2138] Building C object esp-idf/esp_driver_parlio/CMakeFiles/__idf_esp_driver_parlio.dir/src/parlio_common.c.obj
[830/2138] Building C object esp-idf/esp_driver_parlio/CMakeFiles/__idf_esp_driver_parlio.dir/src/parlio_tx.c.obj
[831/2138] Building C object esp-idf/esp_driver_parlio/CMakeFiles/__idf_esp_driver_parlio.dir/src/parlio_rx.c.obj
[832/2138] Building C object esp-idf/esp_driver_parlio/CMakeFiles/__idf_esp_driver_parlio.dir/esp32p4/parlio_retention.c.obj
[833/2138] Building C object esp-idf/esp_driver_parlio/CMakeFiles/__idf_esp_driver_parlio.dir/src/parlio_bitscrambler.c.obj
[834/2138] Building C object esp-idf/esp_hal_ppa/CMakeFiles/__idf_esp_hal_ppa.dir/ppa_hal.c.obj
[835/2138] Building C object esp-idf/sdmmc/CMakeFiles/__idf_sdmmc.dir/sdmmc_cmd.c.obj
[836/2138] Building C object esp-idf/esp_app_format/CMakeFiles/__idf_esp_app_format.dir/esp_app_desc.c.obj
[837/2138] Building C object esp-idf/sdmmc/CMakeFiles/__idf_sdmmc.dir/sdmmc_common.c.obj
[838/2138] Building C object esp-idf/sdmmc/CMakeFiles/__idf_sdmmc.dir/sdmmc_init.c.obj
[839/2138] Building C object esp-idf/sdmmc/CMakeFiles/__idf_sdmmc.dir/sdmmc_mmc.c.obj
[840/2138] Building C object esp-idf/sdmmc/CMakeFiles/__idf_sdmmc.dir/sdmmc_sd.c.obj
[841/2138] Building C object esp-idf/sdmmc/CMakeFiles/__idf_sdmmc.dir/sdmmc_blockdev.c.obj
[842/2138] Linking C static library esp-idf\esp_mm\libesp_mm.a
[843/2138] Building C object esp-idf/sdmmc/CMakeFiles/__idf_sdmmc.dir/sd_pwr_ctrl/sd_pwr_ctrl.c.obj
[844/2138] Building C object esp-idf/sdmmc/CMakeFiles/__idf_sdmmc.dir/sdmmc_io.c.obj
[845/2138] Building C object esp-idf/sdmmc/CMakeFiles/__idf_sdmmc.dir/sd_pwr_ctrl/sd_pwr_ctrl_by_on_chip_ldo.c.obj
[846/2138] Building C object esp-idf/esp_hal_lcd/CMakeFiles/__idf_esp_hal_lcd.dir/lcd_hal.c.obj
[847/2138] Building C object esp-idf/esp_hal_lcd/CMakeFiles/__idf_esp_hal_lcd.dir/mipi_dsi_hal.c.obj
[848/2138] Building C object esp-idf/esp_hal_lcd/CMakeFiles/__idf_esp_hal_lcd.dir/esp32p4/lcd_periph.c.obj
[849/2138] Building C object esp-idf/esp_hal_lcd/CMakeFiles/__idf_esp_hal_lcd.dir/esp32p4/mipi_dsi_periph.c.obj
[850/2138] Building C object esp-idf/esp_driver_cam/CMakeFiles/__idf_esp_driver_cam.dir/esp_cam_ctlr.c.obj
[851/2138] Building C object esp-idf/esp_driver_cam/CMakeFiles/__idf_esp_driver_cam.dir/dvp_share_ctrl.c.obj
[852/2138] Building C object esp-idf/esp_driver_cam/CMakeFiles/__idf_esp_driver_cam.dir/csi/src/esp_cam_ctlr_csi.c.obj
[853/2138] Building C object esp-idf/esp_driver_cam/CMakeFiles/__idf_esp_driver_cam.dir/isp_dvp/src/esp_cam_ctlr_isp_dvp.c.obj
[854/2138] Building C object esp-idf/esp_driver_cam/CMakeFiles/__idf_esp_driver_cam.dir/dvp/src/esp_cam_ctlr_dvp_gdma.c.obj
[855/2138] Building C object esp-idf/esp_driver_cam/CMakeFiles/__idf_esp_driver_cam.dir/dvp/src/esp_cam_ctlr_dvp_cam.c.obj
[856/2138] Building C object esp-idf/esp_driver_ledc/CMakeFiles/__idf_esp_driver_ledc.dir/src/ledc.c.obj
[857/2138] Building C object esp-idf/esp_driver_ledc/CMakeFiles/__idf_esp_driver_ledc.dir/src/ledc_etm.c.obj
[858/2138] Building C object esp-idf/esp_driver_ppa/CMakeFiles/__idf_esp_driver_ppa.dir/src/ppa_core.c.obj
[859/2138] Building C object esp-idf/esp_driver_ppa/CMakeFiles/__idf_esp_driver_ppa.dir/src/ppa_srm.c.obj
[860/2138] Building C object esp-idf/esp_driver_ppa/CMakeFiles/__idf_esp_driver_ppa.dir/src/ppa_blend.c.obj
[861/2138] Building C object esp-idf/esp_driver_ppa/CMakeFiles/__idf_esp_driver_ppa.dir/src/ppa_fill.c.obj
[862/2138] Building C object esp-idf/esp_driver_sd_intf/CMakeFiles/__idf_esp_driver_sd_intf.dir/sd_host.c.obj
[863/2138] Building C object esp-idf/esp_lcd/CMakeFiles/__idf_esp_lcd.dir/src/esp_lcd_common.c.obj
[864/2138] Building C object esp-idf/esp_lcd/CMakeFiles/__idf_esp_lcd.dir/src/esp_lcd_panel_io.c.obj
[865/2138] Building C object esp-idf/esp_lcd/CMakeFiles/__idf_esp_lcd.dir/src/esp_lcd_panel_ssd1306.c.obj
[866/2138] Building C object esp-idf/esp_lcd/CMakeFiles/__idf_esp_lcd.dir/src/esp_lcd_panel_st7789.c.obj
[867/2138] Linking C static library esp-idf\esp_pm\libesp_pm.a
[868/2138] Building C object esp-idf/esp_lcd/CMakeFiles/__idf_esp_lcd.dir/src/esp_lcd_panel_ops.c.obj
[869/2138] Building C object esp-idf/esp_lcd/CMakeFiles/__idf_esp_lcd.dir/src/esp_async_fbcpy.c.obj
[870/2138] Building C object esp-idf/esp_lcd/CMakeFiles/__idf_esp_lcd.dir/i2c/esp_lcd_panel_io_i2c.c.obj
[871/2138] Building C object esp-idf/esp_lcd/CMakeFiles/__idf_esp_lcd.dir/spi/esp_lcd_panel_io_spi.c.obj
[872/2138] Building C object esp-idf/esp_lcd/CMakeFiles/__idf_esp_lcd.dir/parl/esp_lcd_panel_io_parl.c.obj
[873/2138] Building C object esp-idf/esp_lcd/CMakeFiles/__idf_esp_lcd.dir/i80/esp_lcd_panel_io_i80.c.obj
[874/2138] Building C object esp-idf/esp_lcd/CMakeFiles/__idf_esp_lcd.dir/rgb/esp_lcd_panel_rgb.c.obj
[875/2138] Building C object esp-idf/esp_lcd/CMakeFiles/__idf_esp_lcd.dir/dsi/esp_lcd_mipi_dsi_bus.c.obj
[876/2138] Building C object esp-idf/esp_lcd/CMakeFiles/__idf_esp_lcd.dir/dsi/esp_lcd_panel_io_dbi.c.obj
[877/2138] Building C object esp-idf/esp_lcd/CMakeFiles/__idf_esp_lcd.dir/dsi/esp_lcd_panel_dpi.c.obj
[878/2138] Building C object esp-idf/espressif__i2c_bus/CMakeFiles/__idf_espressif__i2c_bus.dir/i2c_bus_v2.c.obj
[879/2138] Building C object esp-idf/espressif__esp_sccb_intf/CMakeFiles/__idf_espressif__esp_sccb_intf.dir/src/sccb.c.obj
[880/2138] Building C object esp-idf/espressif__esp_sccb_intf/CMakeFiles/__idf_espressif__esp_sccb_intf.dir/sccb_i2c/src/sccb_i2c.c.obj
[881/2138] Building C object esp-idf/espressif__usb/CMakeFiles/__idf_espressif__usb.dir/src/hcd_dwc.c.obj
[882/2138] Building C object esp-idf/espressif__usb/CMakeFiles/__idf_espressif__usb.dir/src/enum.c.obj
[883/2138] Building C object esp-idf/espressif__usb/CMakeFiles/__idf_espressif__usb.dir/src/hub.c.obj
[884/2138] Building C object esp-idf/espressif__usb/CMakeFiles/__idf_espressif__usb.dir/src/usb_helpers.c.obj
[885/2138] Building C object esp-idf/espressif__usb/CMakeFiles/__idf_espressif__usb.dir/src/usb_host.c.obj
[886/2138] Building C object esp-idf/espressif__usb/CMakeFiles/__idf_espressif__usb.dir/src/usb_private.c.obj
[887/2138] Building C object esp-idf/espressif__usb/CMakeFiles/__idf_espressif__usb.dir/src/usbh.c.obj
[888/2138] Building C object esp-idf/esp_driver_sdmmc/CMakeFiles/__idf_esp_driver_sdmmc.dir/legacy/src/sdmmc_transaction.c.obj
[889/2138] Building C object esp-idf/esp_driver_sdmmc/CMakeFiles/__idf_esp_driver_sdmmc.dir/legacy/src/sdmmc_host.c.obj
[890/2138] Building C object esp-idf/esp_driver_sdmmc/CMakeFiles/__idf_esp_driver_sdmmc.dir/src/sd_host_sdmmc.c.obj
[891/2138] Building C object esp-idf/esp_driver_sdmmc/CMakeFiles/__idf_esp_driver_sdmmc.dir/src/sd_trans_sdmmc.c.obj
[892/2138] Linking C static library esp-idf\esp_hal_uart\libesp_hal_uart.a
[893/2138] Building C object esp-idf/esp_driver_sdspi/CMakeFiles/__idf_esp_driver_sdspi.dir/src/sdspi_crc.c.obj
[894/2138] Building C object esp-idf/esp_driver_sdspi/CMakeFiles/__idf_esp_driver_sdspi.dir/src/sdspi_host.c.obj
[895/2138] Building C object esp-idf/esp_driver_sdspi/CMakeFiles/__idf_esp_driver_sdspi.dir/src/sdspi_transaction.c.obj
[896/2138] Building CXX object esp-idf/wear_levelling/CMakeFiles/__idf_wear_levelling.dir/Partition.cpp.obj
[897/2138] Building CXX object esp-idf/wear_levelling/CMakeFiles/__idf_wear_levelling.dir/BDL_Access.cpp.obj
[898/2138] Building CXX object esp-idf/wear_levelling/CMakeFiles/__idf_wear_levelling.dir/SPI_Flash.cpp.obj
[899/2138] Building CXX object esp-idf/wear_levelling/CMakeFiles/__idf_wear_levelling.dir/WL_Ext_Perf.cpp.obj
[900/2138] Building CXX object esp-idf/wear_levelling/CMakeFiles/__idf_wear_levelling.dir/WL_Ext_Safe.cpp.obj
[901/2138] Building CXX object esp-idf/wear_levelling/CMakeFiles/__idf_wear_levelling.dir/WL_Flash.cpp.obj
[902/2138] Building CXX object esp-idf/wear_levelling/CMakeFiles/__idf_wear_levelling.dir/crc32.cpp.obj
[903/2138] Building CXX object esp-idf/wear_levelling/CMakeFiles/__idf_wear_levelling.dir/wear_levelling.cpp.obj
[904/2138] Building CXX object esp-idf/wear_levelling/CMakeFiles/__idf_wear_levelling.dir/wl_blockdev.cpp.obj
[905/2138] Building C object esp-idf/espressif__sensor_hub/CMakeFiles/__idf_espressif__sensor_hub.dir/iot_sensor_hub.c.obj
[906/2138] Building C object esp-idf/espressif__sensor_hub/CMakeFiles/__idf_espressif__sensor_hub.dir/sensors_event.c.obj
[907/2138] Building C object esp-idf/espressif__sensor_hub/CMakeFiles/__idf_espressif__sensor_hub.dir/hal/humiture_hal.c.obj
[908/2138] Building C object esp-idf/espressif__sensor_hub/CMakeFiles/__idf_espressif__sensor_hub.dir/hal/imu_hal.c.obj
[909/2138] Building C object esp-idf/espressif__sensor_hub/CMakeFiles/__idf_espressif__sensor_hub.dir/hal/light_sensor_hal.c.obj
[910/2138] Building C object esp-idf/espressif__esp_io_expander/CMakeFiles/__idf_espressif__esp_io_expander.dir/esp_io_expander.c.obj
[911/2138] Building C object esp-idf/espressif__esp_io_expander/CMakeFiles/__idf_espressif__esp_io_expander.dir/esp_io_expander_gpio_wrapper.c.obj
[912/2138] Building C object esp-idf/espressif__esp_io_expander/CMakeFiles/__idf_espressif__esp_io_expander.dir/esp_io_expander_gpio_wrapper_weak.c.obj
[913/2138] Building C object esp-idf/lvgl__lvgl/CMakeFiles/__idf_lvgl__lvgl.dir/src/core/lv_group.c.obj
[914/2138] Building C object esp-idf/lvgl__lvgl/CMakeFiles/__idf_lvgl__lvgl.dir/src/core/lv_obj.c.obj
[915/2138] Building C object esp-idf/lvgl__lvgl/CMakeFiles/__idf_lvgl__lvgl.dir/src/core/lv_obj_class.c.obj
[916/2138] Building C object esp-idf/lvgl__lvgl/CMakeFiles/__idf_lvgl__lvgl.dir/src/core/lv_obj_draw.c.obj
[917/2138] Building C object esp-idf/lvgl__lvgl/CMakeFiles/__idf_lvgl__lvgl.dir/src/core/lv_obj_event.c.obj
[918/2138] Building C object esp-idf/lvgl__lvgl/CMakeFiles/__idf_lvgl__lvgl.dir/src/core/lv_obj_id_builtin.c.obj
[919/2138] Building C object esp-idf/lvgl__lvgl/CMakeFiles/__idf_lvgl__lvgl.dir/src/core/lv_obj_pos.c.obj
[920/2138] Building C object esp-idf/lvgl__lvgl/CMakeFiles/__idf_lvgl__lvgl.dir/src/core/lv_obj_property.c.obj
[921/2138] Building C object esp-idf/lvgl__lvgl/CMakeFiles/__idf_lvgl__lvgl.dir/src/core/lv_obj_scroll.c.obj
[922/2138] Building C object esp-idf/lvgl__lvgl/CMakeFiles/__idf_lvgl__lvgl.dir/src/core/lv_obj_style.c.obj
[923/2138] Building C object esp-idf/lvgl__lvgl/CMakeFiles/__idf_lvgl__lvgl.dir/src/core/lv_obj_style_gen.c.obj
[924/2138] Building C object esp-idf/lvgl__lvgl/CMakeFiles/__idf_lvgl__lvgl.dir/src/core/lv_obj_tree.c.obj
[925/2138] Building C object esp-idf/lvgl__lvgl/CMakeFiles/__idf_lvgl__lvgl.dir/src/core/lv_observer.c.obj
[926/2138] Building C object esp-idf/lvgl__lvgl/CMakeFiles/__idf_lvgl__lvgl.dir/src/core/lv_refr.c.obj
[927/2138] Building C object esp-idf/lvgl__lvgl/CMakeFiles/__idf_lvgl__lvgl.dir/src/debugging/monkey/lv_monkey.c.obj
[928/2138] Building C object esp-idf/lvgl__lvgl/CMakeFiles/__idf_lvgl__lvgl.dir/src/debugging/sysmon/lv_sysmon.c.obj
[929/2138] Building C object esp-idf/lvgl__lvgl/CMakeFiles/__idf_lvgl__lvgl.dir/src/debugging/test/lv_test_display.c.obj
[930/2138] Building C object esp-idf/lvgl__lvgl/CMakeFiles/__idf_lvgl__lvgl.dir/src/debugging/test/lv_test_fs.c.obj
[931/2138] Building C object esp-idf/lvgl__lvgl/CMakeFiles/__idf_lvgl__lvgl.dir/src/debugging/test/lv_test_helpers.c.obj
[932/2138] Building C object esp-idf/lvgl__lvgl/CMakeFiles/__idf_lvgl__lvgl.dir/src/debugging/test/lv_test_indev.c.obj
[933/2138] Building C object esp-idf/lvgl__lvgl/CMakeFiles/__idf_lvgl__lvgl.dir/src/debugging/test/lv_test_indev_gesture.c.obj
[934/2138] Building C object esp-idf/lvgl__lvgl/CMakeFiles/__idf_lvgl__lvgl.dir/src/debugging/test/lv_test_screenshot_compare.c.obj
[935/2138] Building C object esp-idf/lvgl__lvgl/CMakeFiles/__idf_lvgl__lvgl.dir/src/debugging/vg_lite_tvg/vg_lite_matrix.c.obj
[936/2138] Building CXX object esp-idf/lvgl__lvgl/CMakeFiles/__idf_lvgl__lvgl.dir/src/debugging/vg_lite_tvg/vg_lite_tvg.cpp.obj
[937/2138] Building C object esp-idf/lvgl__lvgl/CMakeFiles/__idf_lvgl__lvgl.dir/src/display/lv_display.c.obj
[938/2138] Building C object esp-idf/lvgl__lvgl/CMakeFiles/__idf_lvgl__lvgl.dir/src/draw/convert/helium/lv_draw_buf_convert_helium.c.obj
[939/2138] Building C object esp-idf/lvgl__lvgl/CMakeFiles/__idf_lvgl__lvgl.dir/src/draw/convert/lv_draw_buf_convert.c.obj
[940/2138] Building C object esp-idf/lvgl__lvgl/CMakeFiles/__idf_lvgl__lvgl.dir/src/draw/convert/neon/lv_draw_buf_convert_neon.c.obj
[941/2138] Building C object esp-idf/lvgl__lvgl/CMakeFiles/__idf_lvgl__lvgl.dir/src/draw/dma2d/lv_draw_dma2d.c.obj
[942/2138] Building C object esp-idf/lvgl__lvgl/CMakeFiles/__idf_lvgl__lvgl.dir/src/draw/dma2d/lv_draw_dma2d_fill.c.obj
[943/2138] Linking C static library esp-idf\esp_driver_gpio\libesp_driver_gpio.a
[944/2138] Building C object esp-idf/lvgl__lvgl/CMakeFiles/__idf_lvgl__lvgl.dir/src/draw/dma2d/lv_draw_dma2d_img.c.obj
[945/2138] Building C object esp-idf/lvgl__lvgl/CMakeFiles/__idf_lvgl__lvgl.dir/src/draw/espressif/ppa/lv_draw_ppa.c.obj
[946/2138] Building C object esp-idf/lvgl__lvgl/CMakeFiles/__idf_lvgl__lvgl.dir/src/draw/espressif/ppa/lv_draw_ppa_buf.c.obj
[947/2138] Building C object esp-idf/lvgl__lvgl/CMakeFiles/__idf_lvgl__lvgl.dir/src/draw/espressif/ppa/lv_draw_ppa_fill.c.obj
[948/2138] Building C object esp-idf/lvgl__lvgl/CMakeFiles/__idf_lvgl__lvgl.dir/src/draw/espressif/ppa/lv_draw_ppa_img.c.obj
[949/2138] Building C object esp-idf/lvgl__lvgl/CMakeFiles/__idf_lvgl__lvgl.dir/src/draw/eve/lv_draw_eve.c.obj
[950/2138] Building C object esp-idf/lvgl__lvgl/CMakeFiles/__idf_lvgl__lvgl.dir/src/draw/eve/lv_draw_eve_arc.c.obj
[951/2138] Building C object esp-idf/lvgl__lvgl/CMakeFiles/__idf_lvgl__lvgl.dir/src/draw/eve/lv_draw_eve_fill.c.obj
[952/2138] Building C object esp-idf/lvgl__lvgl/CMakeFiles/__idf_lvgl__lvgl.dir/src/draw/eve/lv_draw_eve_image.c.obj
[953/2138] Building C object esp-idf/lvgl__lvgl/CMakeFiles/__idf_lvgl__lvgl.dir/src/draw/eve/lv_draw_eve_letter.c.obj
[954/2138] Building C object esp-idf/lvgl__lvgl/CMakeFiles/__idf_lvgl__lvgl.dir/src/draw/eve/lv_draw_eve_line.c.obj
[955/2138] Building C object esp-idf/lvgl__lvgl/CMakeFiles/__idf_lvgl__lvgl.dir/src/draw/eve/lv_draw_eve_ram_g.c.obj
[956/2138] Building C object esp-idf/lvgl__lvgl/CMakeFiles/__idf_lvgl__lvgl.dir/src/draw/eve/lv_draw_eve_triangle.c.obj
[957/2138] Building C object esp-idf/lvgl__lvgl/CMakeFiles/__idf_lvgl__lvgl.dir/src/draw/eve/lv_eve.c.obj
[958/2138] Building C object esp-idf/lvgl__lvgl/CMakeFiles/__idf_lvgl__lvgl.dir/src/draw/lv_draw.c.obj
[959/2138] Building C object esp-idf/lvgl__lvgl/CMakeFiles/__idf_lvgl__lvgl.dir/src/draw/lv_draw_3d.c.obj
[960/2138] Building C object esp-idf/lvgl__lvgl/CMakeFiles/__idf_lvgl__lvgl.dir/src/draw/lv_draw_arc.c.obj
[961/2138] Building C object esp-idf/lvgl__lvgl/CMakeFiles/__idf_lvgl__lvgl.dir/src/draw/lv_draw_blur.c.obj
[962/2138] Building C object esp-idf/lvgl__lvgl/CMakeFiles/__idf_lvgl__lvgl.dir/src/draw/lv_draw_buf.c.obj
[963/2138] Building C object esp-idf/lvgl__lvgl/CMakeFiles/__idf_lvgl__lvgl.dir/src/draw/lv_draw_image.c.obj
[964/2138] Building C object esp-idf/lvgl__lvgl/CMakeFiles/__idf_lvgl__lvgl.dir/src/draw/lv_draw_label.c.obj
[965/2138] Building C object esp-idf/lvgl__lvgl/CMakeFiles/__idf_lvgl__lvgl.dir/src/draw/lv_draw_line.c.obj
[966/2138] Building C object esp-idf/lvgl__lvgl/CMakeFiles/__idf_lvgl__lvgl.dir/src/draw/lv_draw_mask.c.obj
[967/2138] Building C object esp-idf/lvgl__lvgl/CMakeFiles/__idf_lvgl__lvgl.dir/src/draw/lv_draw_rect.c.obj
[968/2138] Building C object esp-idf/lvgl__lvgl/CMakeFiles/__idf_lvgl__lvgl.dir/src/draw/lv_draw_triangle.c.obj
[969/2138] Building C object esp-idf/lvgl__lvgl/CMakeFiles/__idf_lvgl__lvgl.dir/src/draw/lv_draw_vector.c.obj
[970/2138] Building C object esp-idf/lvgl__lvgl/CMakeFiles/__idf_lvgl__lvgl.dir/src/draw/lv_image_decoder.c.obj
[971/2138] Building C object esp-idf/lvgl__lvgl/CMakeFiles/__idf_lvgl__lvgl.dir/src/draw/nanovg/lv_draw_nanovg.c.obj
[972/2138] Building C object esp-idf/lvgl__lvgl/CMakeFiles/__idf_lvgl__lvgl.dir/src/draw/nanovg/lv_draw_nanovg_3d.c.obj
[973/2138] Building C object esp-idf/lvgl__lvgl/CMakeFiles/__idf_lvgl__lvgl.dir/src/draw/nanovg/lv_draw_nanovg_arc.c.obj
[974/2138] Building C object esp-idf/lvgl__lvgl/CMakeFiles/__idf_lvgl__lvgl.dir/src/draw/nanovg/lv_draw_nanovg_border.c.obj
[975/2138] Building C object esp-idf/lvgl__lvgl/CMakeFiles/__idf_lvgl__lvgl.dir/src/draw/nanovg/lv_draw_nanovg_box_shadow.c.obj
[976/2138] Building C object esp-idf/lvgl__lvgl/CMakeFiles/__idf_lvgl__lvgl.dir/src/draw/nanovg/lv_draw_nanovg_fill.c.obj
[977/2138] Building C object esp-idf/lvgl__lvgl/CMakeFiles/__idf_lvgl__lvgl.dir/src/draw/nanovg/lv_draw_nanovg_grad.c.obj
[978/2138] Building C object esp-idf/lvgl__lvgl/CMakeFiles/__idf_lvgl__lvgl.dir/src/draw/nanovg/lv_draw_nanovg_image.c.obj
[979/2138] Building C object esp-idf/lvgl__lvgl/CMakeFiles/__idf_lvgl__lvgl.dir/src/draw/nanovg/lv_draw_nanovg_label.c.obj
[980/2138] Building C object esp-idf/lvgl__lvgl/CMakeFiles/__idf_lvgl__lvgl.dir/src/draw/nanovg/lv_draw_nanovg_layer.c.obj
[981/2138] Building C object esp-idf/lvgl__lvgl/CMakeFiles/__idf_lvgl__lvgl.dir/src/draw/nanovg/lv_draw_nanovg_line.c.obj
[982/2138] Building C object esp-idf/lvgl__lvgl/CMakeFiles/__idf_lvgl__lvgl.dir/src/draw/nanovg/lv_draw_nanovg_mask_rect.c.obj
[983/2138] Building C object esp-idf/lvgl__lvgl/CMakeFiles/__idf_lvgl__lvgl.dir/src/draw/nanovg/lv_draw_nanovg_triangle.c.obj
[984/2138] Building C object esp-idf/lvgl__lvgl/CMakeFiles/__idf_lvgl__lvgl.dir/src/draw/nanovg/lv_draw_nanovg_vector.c.obj
[985/2138] Building C object esp-idf/lvgl__lvgl/CMakeFiles/__idf_lvgl__lvgl.dir/src/draw/nanovg/lv_nanovg_fbo_cache.c.obj
[986/2138] Building C object esp-idf/lvgl__lvgl/CMakeFiles/__idf_lvgl__lvgl.dir/src/draw/nanovg/lv_nanovg_image_cache.c.obj
[987/2138] Building C object esp-idf/lvgl__lvgl/CMakeFiles/__idf_lvgl__lvgl.dir/src/draw/nanovg/lv_nanovg_utils.c.obj
[988/2138] Building C object esp-idf/lvgl__lvgl/CMakeFiles/__idf_lvgl__lvgl.dir/src/draw/nema_gfx/lv_draw_nema_gfx.c.obj
[989/2138] Building C object esp-idf/lvgl__lvgl/CMakeFiles/__idf_lvgl__lvgl.dir/src/draw/nema_gfx/lv_draw_nema_gfx_arc.c.obj
[990/2138] Building C object esp-idf/lvgl__lvgl/CMakeFiles/__idf_lvgl__lvgl.dir/src/draw/nema_gfx/lv_draw_nema_gfx_border.c.obj
[991/2138] Building C object esp-idf/lvgl__lvgl/CMakeFiles/__idf_lvgl__lvgl.dir/src/draw/nema_gfx/lv_draw_nema_gfx_fill.c.obj
[992/2138] Building C object esp-idf/lvgl__lvgl/CMakeFiles/__idf_lvgl__lvgl.dir/src/draw/nema_gfx/lv_draw_nema_gfx_img.c.obj
[993/2138] Building C object esp-idf/lvgl__lvgl/CMakeFiles/__idf_lvgl__lvgl.dir/src/draw/nema_gfx/lv_draw_nema_gfx_label.c.obj
[994/2138] Building C object esp-idf/lvgl__lvgl/CMakeFiles/__idf_lvgl__lvgl.dir/src/draw/nema_gfx/lv_draw_nema_gfx_layer.c.obj
[995/2138] Building C object esp-idf/lvgl__lvgl/CMakeFiles/__idf_lvgl__lvgl.dir/src/draw/nema_gfx/lv_draw_nema_gfx_line.c.obj
[996/2138] Building C object esp-idf/lvgl__lvgl/CMakeFiles/__idf_lvgl__lvgl.dir/src/draw/nema_gfx/lv_draw_nema_gfx_stm32_hal.c.obj
[997/2138] Building C object esp-idf/lvgl__lvgl/CMakeFiles/__idf_lvgl__lvgl.dir/src/draw/nema_gfx/lv_draw_nema_gfx_triangle.c.obj
[998/2138] Linking C static library esp-idf\esp_security\libesp_security.a
[999/2138] Building C object esp-idf/lvgl__lvgl/CMakeFiles/__idf_lvgl__lvgl.dir/src/draw/nema_gfx/lv_draw_nema_gfx_utils.c.obj
[1000/2138] Building C object esp-idf/lvgl__lvgl/CMakeFiles/__idf_lvgl__lvgl.dir/src/draw/nema_gfx/lv_draw_nema_gfx_vector.c.obj
[1001/2138] Building C object esp-idf/lvgl__lvgl/CMakeFiles/__idf_lvgl__lvgl.dir/src/draw/nema_gfx/lv_nema_gfx_path.c.obj
[1002/2138] Building C object esp-idf/lvgl__lvgl/CMakeFiles/__idf_lvgl__lvgl.dir/src/draw/nxp/g2d/lv_draw_buf_g2d.c.obj
[1003/2138] Building C object esp-idf/lvgl__lvgl/CMakeFiles/__idf_lvgl__lvgl.dir/src/draw/nxp/g2d/lv_draw_g2d.c.obj
[1004/2138] Building C object esp-idf/lvgl__lvgl/CMakeFiles/__idf_lvgl__lvgl.dir/src/draw/nxp/g2d/lv_draw_g2d_fill.c.obj
[1005/2138] Building C object esp-idf/lvgl__lvgl/CMakeFiles/__idf_lvgl__lvgl.dir/src/draw/nxp/g2d/lv_draw_g2d_img.c.obj
[1006/2138] Building C object esp-idf/lvgl__lvgl/CMakeFiles/__idf_lvgl__lvgl.dir/src/draw/nxp/g2d/lv_g2d_buf_map.c.obj
[1007/2138] Building C object esp-idf/lvgl__lvgl/CMakeFiles/__idf_lvgl__lvgl.dir/src/draw/nxp/g2d/lv_g2d_utils.c.obj
[1008/2138] Building C object esp-idf/lvgl__lvgl/CMakeFiles/__idf_lvgl__lvgl.dir/src/draw/nxp/pxp/lv_draw_buf_pxp.c.obj
[1009/2138] Building C object esp-idf/lvgl__lvgl/CMakeFiles/__idf_lvgl__lvgl.dir/src/draw/nxp/pxp/lv_draw_pxp.c.obj
[1010/2138] Building C object esp-idf/lvgl__lvgl/CMakeFiles/__idf_lvgl__lvgl.dir/src/draw/nxp/pxp/lv_draw_pxp_fill.c.obj
[1011/2138] Building C object esp-idf/lvgl__lvgl/CMakeFiles/__idf_lvgl__lvgl.dir/src/draw/nxp/pxp/lv_draw_pxp_img.c.obj
[1012/2138] Building C object esp-idf/lvgl__lvgl/CMakeFiles/__idf_lvgl__lvgl.dir/src/draw/nxp/pxp/lv_draw_pxp_layer.c.obj
[1013/2138] Building C object esp-idf/lvgl__lvgl/CMakeFiles/__idf_lvgl__lvgl.dir/src/draw/nxp/pxp/lv_pxp_cfg.c.obj
[1014/2138] Building C object esp-idf/lvgl__lvgl/CMakeFiles/__idf_lvgl__lvgl.dir/src/draw/nxp/pxp/lv_pxp_osa.c.obj
[1015/2138] Building C object esp-idf/lvgl__lvgl/CMakeFiles/__idf_lvgl__lvgl.dir/src/draw/nxp/pxp/lv_pxp_utils.c.obj
[1016/2138] Building C object esp-idf/lvgl__lvgl/CMakeFiles/__idf_lvgl__lvgl.dir/src/draw/opengles/lv_draw_opengles.c.obj
[1017/2138] Building C object esp-idf/lvgl__lvgl/CMakeFiles/__idf_lvgl__lvgl.dir/src/draw/renesas/dave2d/lv_draw_dave2d.c.obj
[1018/2138] Building C object esp-idf/lvgl__lvgl/CMakeFiles/__idf_lvgl__lvgl.dir/src/draw/renesas/dave2d/lv_draw_dave2d_arc.c.obj
[1019/2138] Building C object esp-idf/lvgl__lvgl/CMakeFiles/__idf_lvgl__lvgl.dir/src/draw/renesas/dave2d/lv_draw_dave2d_border.c.obj
[1020/2138] Building C object esp-idf/lvgl__lvgl/CMakeFiles/__idf_lvgl__lvgl.dir/src/draw/renesas/dave2d/lv_draw_dave2d_fill.c.obj
[1021/2138] Building C object esp-idf/lvgl__lvgl/CMakeFiles/__idf_lvgl__lvgl.dir/src/draw/renesas/dave2d/lv_draw_dave2d_image.c.obj
[1022/2138] Building C object esp-idf/lvgl__lvgl/CMakeFiles/__idf_lvgl__lvgl.dir/src/draw/renesas/dave2d/lv_draw_dave2d_label.c.obj
[1023/2138] Building C object esp-idf/lvgl__lvgl/CMakeFiles/__idf_lvgl__lvgl.dir/src/draw/renesas/dave2d/lv_draw_dave2d_line.c.obj
[1024/2138] Building C object esp-idf/lvgl__lvgl/CMakeFiles/__idf_lvgl__lvgl.dir/src/draw/renesas/dave2d/lv_draw_dave2d_mask_rectangle.c.obj
[1025/2138] Building C object esp-idf/lvgl__lvgl/CMakeFiles/__idf_lvgl__lvgl.dir/src/draw/renesas/dave2d/lv_draw_dave2d_triangle.c.obj
[1026/2138] Building C object esp-idf/lvgl__lvgl/CMakeFiles/__idf_lvgl__lvgl.dir/src/draw/renesas/dave2d/lv_draw_dave2d_utils.c.obj
[1027/2138] Building C object esp-idf/lvgl__lvgl/CMakeFiles/__idf_lvgl__lvgl.dir/src/draw/sdl/lv_draw_sdl.c.obj
[1028/2138] Building C object esp-idf/lvgl__lvgl/CMakeFiles/__idf_lvgl__lvgl.dir/src/draw/snapshot/lv_snapshot.c.obj
[1029/2138] Building C object esp-idf/lvgl__lvgl/CMakeFiles/__idf_lvgl__lvgl.dir/src/draw/sw/blend/lv_draw_sw_blend.c.obj
[1030/2138] Building C object esp-idf/lvgl__lvgl/CMakeFiles/__idf_lvgl__lvgl.dir/src/draw/sw/blend/lv_draw_sw_blend_to_a8.c.obj
[1031/2138] Building C object esp-idf/lvgl__lvgl/CMakeFiles/__idf_lvgl__lvgl.dir/src/draw/sw/blend/lv_draw_sw_blend_to_al88.c.obj
[1032/2138] Building C object esp-idf/lvgl__lvgl/CMakeFiles/__idf_lvgl__lvgl.dir/src/draw/sw/blend/lv_draw_sw_blend_to_argb8888.c.obj
[1033/2138] Building C object esp-idf/lvgl__lvgl/CMakeFiles/__idf_lvgl__lvgl.dir/src/draw/sw/blend/lv_draw_sw_blend_to_argb8888_premultiplied.c.obj
[1034/2138] Building C object esp-idf/lvgl__lvgl/CMakeFiles/__idf_lvgl__lvgl.dir/src/draw/sw/blend/lv_draw_sw_blend_to_i1.c.obj
[1035/2138] Building C object esp-idf/lvgl__lvgl/CMakeFiles/__idf_lvgl__lvgl.dir/src/draw/sw/blend/lv_draw_sw_blend_to_l8.c.obj
[1036/2138] Building C object esp-idf/lvgl__lvgl/CMakeFiles/__idf_lvgl__lvgl.dir/src/draw/sw/blend/lv_draw_sw_blend_to_rgb565.c.obj
[1037/2138] Building C object esp-idf/lvgl__lvgl/CMakeFiles/__idf_lvgl__lvgl.dir/src/draw/sw/blend/lv_draw_sw_blend_to_rgb565_swapped.c.obj
[1038/2138] Building C object esp-idf/lvgl__lvgl/CMakeFiles/__idf_lvgl__lvgl.dir/src/draw/sw/blend/lv_draw_sw_blend_to_rgb888.c.obj
[1039/2138] Building C object esp-idf/lvgl__lvgl/CMakeFiles/__idf_lvgl__lvgl.dir/src/draw/sw/blend/neon/lv_draw_sw_blend_neon_to_rgb565.c.obj
[1040/2138] Building C object esp-idf/lvgl__lvgl/CMakeFiles/__idf_lvgl__lvgl.dir/src/draw/sw/blend/neon/lv_draw_sw_blend_neon_to_rgb888.c.obj
[1041/2138] Building C object esp-idf/lvgl__lvgl/CMakeFiles/__idf_lvgl__lvgl.dir/src/draw/sw/blend/riscv_v/lv_draw_sw_blend_riscv_v_to_rgb888.c.obj
[1042/2138] Building C object esp-idf/lvgl__lvgl/CMakeFiles/__idf_lvgl__lvgl.dir/src/draw/sw/lv_draw_sw.c.obj
[1043/2138] Building C object esp-idf/lvgl__lvgl/CMakeFiles/__idf_lvgl__lvgl.dir/src/draw/sw/lv_draw_sw_arc.c.obj
[1044/2138] Building C object esp-idf/lvgl__lvgl/CMakeFiles/__idf_lvgl__lvgl.dir/src/draw/sw/lv_draw_sw_blur.c.obj
[1045/2138] Building C object esp-idf/lvgl__lvgl/CMakeFiles/__idf_lvgl__lvgl.dir/src/draw/sw/lv_draw_sw_border.c.obj
[1046/2138] Building C object esp-idf/lvgl__lvgl/CMakeFiles/__idf_lvgl__lvgl.dir/src/draw/sw/lv_draw_sw_box_shadow.c.obj
[1047/2138] Building C object esp-idf/lvgl__lvgl/CMakeFiles/__idf_lvgl__lvgl.dir/src/draw/sw/lv_draw_sw_fill.c.obj
[1048/2138] Building C object esp-idf/lvgl__lvgl/CMakeFiles/__idf_lvgl__lvgl.dir/src/draw/sw/lv_draw_sw_grad.c.obj
[1049/2138] Building C object esp-idf/lvgl__lvgl/CMakeFiles/__idf_lvgl__lvgl.dir/src/draw/sw/lv_draw_sw_img.c.obj
[1050/2138] Building C object esp-idf/lvgl__lvgl/CMakeFiles/__idf_lvgl__lvgl.dir/src/draw/sw/lv_draw_sw_letter.c.obj
[1051/2138] Building C object esp-idf/lvgl__lvgl/CMakeFiles/__idf_lvgl__lvgl.dir/src/draw/sw/lv_draw_sw_line.c.obj
[1052/2138] Building C object esp-idf/lvgl__lvgl/CMakeFiles/__idf_lvgl__lvgl.dir/src/draw/sw/lv_draw_sw_mask.c.obj
[1053/2138] Building C object esp-idf/lvgl__lvgl/CMakeFiles/__idf_lvgl__lvgl.dir/src/draw/sw/lv_draw_sw_mask_rect.c.obj
[1054/2138] Building C object esp-idf/lvgl__lvgl/CMakeFiles/__idf_lvgl__lvgl.dir/src/draw/sw/lv_draw_sw_transform.c.obj
[1055/2138] Linking C static library esp-idf\efuse\libefuse.a
[1056/2138] Building C object esp-idf/lvgl__lvgl/CMakeFiles/__idf_lvgl__lvgl.dir/src/draw/sw/lv_draw_sw_triangle.c.obj
[1057/2138] Building C object esp-idf/lvgl__lvgl/CMakeFiles/__idf_lvgl__lvgl.dir/src/draw/sw/lv_draw_sw_utils.c.obj
[1058/2138] Building C object esp-idf/lvgl__lvgl/CMakeFiles/__idf_lvgl__lvgl.dir/src/draw/sw/lv_draw_sw_vector.c.obj
[1059/2138] Building C object esp-idf/lvgl__lvgl/CMakeFiles/__idf_lvgl__lvgl.dir/src/draw/vg_lite/lv_draw_buf_vg_lite.c.obj
[1060/2138] Building C object esp-idf/lvgl__lvgl/CMakeFiles/__idf_lvgl__lvgl.dir/src/draw/vg_lite/lv_draw_vg_lite.c.obj
[1061/2138] Building C object esp-idf/lvgl__lvgl/CMakeFiles/__idf_lvgl__lvgl.dir/src/draw/vg_lite/lv_draw_vg_lite_arc.c.obj
[1062/2138] Building C object esp-idf/lvgl__lvgl/CMakeFiles/__idf_lvgl__lvgl.dir/src/draw/vg_lite/lv_draw_vg_lite_border.c.obj
[1063/2138] Building C object esp-idf/lvgl__lvgl/CMakeFiles/__idf_lvgl__lvgl.dir/src/draw/vg_lite/lv_draw_vg_lite_box_shadow.c.obj
[1064/2138] Building C object esp-idf/lvgl__lvgl/CMakeFiles/__idf_lvgl__lvgl.dir/src/draw/vg_lite/lv_draw_vg_lite_fill.c.obj
[1065/2138] Building C object esp-idf/lvgl__lvgl/CMakeFiles/__idf_lvgl__lvgl.dir/src/draw/vg_lite/lv_draw_vg_lite_img.c.obj
[1066/2138] Building C object esp-idf/lvgl__lvgl/CMakeFiles/__idf_lvgl__lvgl.dir/src/draw/vg_lite/lv_draw_vg_lite_label.c.obj
[1067/2138] Building C object esp-idf/lvgl__lvgl/CMakeFiles/__idf_lvgl__lvgl.dir/src/draw/vg_lite/lv_draw_vg_lite_layer.c.obj
[1068/2138] Building C object esp-idf/lvgl__lvgl/CMakeFiles/__idf_lvgl__lvgl.dir/src/draw/vg_lite/lv_draw_vg_lite_line.c.obj
[1069/2138] Building C object esp-idf/lvgl__lvgl/CMakeFiles/__idf_lvgl__lvgl.dir/src/draw/vg_lite/lv_draw_vg_lite_mask_rect.c.obj
[1070/2138] Building C object esp-idf/lvgl__lvgl/CMakeFiles/__idf_lvgl__lvgl.dir/src/draw/vg_lite/lv_draw_vg_lite_triangle.c.obj
[1071/2138] Building C object esp-idf/lvgl__lvgl/CMakeFiles/__idf_lvgl__lvgl.dir/src/draw/vg_lite/lv_draw_vg_lite_vector.c.obj
[1072/2138] Building C object esp-idf/lvgl__lvgl/CMakeFiles/__idf_lvgl__lvgl.dir/src/draw/vg_lite/lv_vg_lite_bitmap_font_cache.c.obj
[1073/2138] Building C object esp-idf/lvgl__lvgl/CMakeFiles/__idf_lvgl__lvgl.dir/src/draw/vg_lite/lv_vg_lite_decoder.c.obj
[1074/2138] Building C object esp-idf/lvgl__lvgl/CMakeFiles/__idf_lvgl__lvgl.dir/src/draw/vg_lite/lv_vg_lite_grad.c.obj
[1075/2138] Building C object esp-idf/lvgl__lvgl/CMakeFiles/__idf_lvgl__lvgl.dir/src/draw/vg_lite/lv_vg_lite_math.c.obj
[1076/2138] Building C object esp-idf/lvgl__lvgl/CMakeFiles/__idf_lvgl__lvgl.dir/src/draw/vg_lite/lv_vg_lite_path.c.obj
[1077/2138] Building C object esp-idf/lvgl__lvgl/CMakeFiles/__idf_lvgl__lvgl.dir/src/draw/vg_lite/lv_vg_lite_pending.c.obj
[1078/2138] Building C object esp-idf/lvgl__lvgl/CMakeFiles/__idf_lvgl__lvgl.dir/src/draw/vg_lite/lv_vg_lite_stroke.c.obj
[1079/2138] Building C object esp-idf/lvgl__lvgl/CMakeFiles/__idf_lvgl__lvgl.dir/src/draw/vg_lite/lv_vg_lite_utils.c.obj
[1080/2138] Linking C static library esp-idf\esp_partition\libesp_partition.a
[1081/2138] Building C object esp-idf/lvgl__lvgl/CMakeFiles/__idf_lvgl__lvgl.dir/src/drivers/display/drm/lv_linux_drm.c.obj
[1082/2138] Building C object esp-idf/lvgl__lvgl/CMakeFiles/__idf_lvgl__lvgl.dir/src/drivers/display/drm/lv_linux_drm_common.c.obj
[1083/2138] Building C object esp-idf/lvgl__lvgl/CMakeFiles/__idf_lvgl__lvgl.dir/src/drivers/display/drm/lv_linux_drm_egl.c.obj
[1084/2138] Building C object esp-idf/lvgl__lvgl/CMakeFiles/__idf_lvgl__lvgl.dir/src/drivers/display/fb/lv_linux_fbdev.c.obj
[1085/2138] Building C object esp-idf/lvgl__lvgl/CMakeFiles/__idf_lvgl__lvgl.dir/src/drivers/display/ft81x/lv_ft81x.c.obj
[1086/2138] Building C object esp-idf/lvgl__lvgl/CMakeFiles/__idf_lvgl__lvgl.dir/src/drivers/display/ili9341/lv_ili9341.c.obj
[1087/2138] Building C object esp-idf/lvgl__lvgl/CMakeFiles/__idf_lvgl__lvgl.dir/src/drivers/display/lcd/lv_lcd_generic_mipi.c.obj
[1088/2138] Building CXX object esp-idf/lvgl__lvgl/CMakeFiles/__idf_lvgl__lvgl.dir/src/drivers/display/lovyan_gfx/lv_lovyan_gfx.cpp.obj
[1089/2138] Building C object esp-idf/lvgl__lvgl/CMakeFiles/__idf_lvgl__lvgl.dir/src/drivers/display/nv3007/lv_nv3007.c.obj
[1090/2138] Building C object esp-idf/lvgl__lvgl/CMakeFiles/__idf_lvgl__lvgl.dir/src/drivers/display/nxp_elcdif/lv_nxp_elcdif.c.obj
[1091/2138] Building C object esp-idf/lvgl__lvgl/CMakeFiles/__idf_lvgl__lvgl.dir/src/drivers/display/renesas_glcdc/lv_renesas_glcdc.c.obj
[1092/2138] Building C object esp-idf/lvgl__lvgl/CMakeFiles/__idf_lvgl__lvgl.dir/src/drivers/display/st7735/lv_st7735.c.obj
[1093/2138] Building C object esp-idf/lvgl__lvgl/CMakeFiles/__idf_lvgl__lvgl.dir/src/drivers/display/st7789/lv_st7789.c.obj
[1094/2138] Building C object esp-idf/lvgl__lvgl/CMakeFiles/__idf_lvgl__lvgl.dir/src/drivers/display/st7796/lv_st7796.c.obj
[1095/2138] Building C object esp-idf/lvgl__lvgl/CMakeFiles/__idf_lvgl__lvgl.dir/src/drivers/display/st_ltdc/lv_st_ltdc.c.obj
[1096/2138] Building CXX object esp-idf/lvgl__lvgl/CMakeFiles/__idf_lvgl__lvgl.dir/src/drivers/display/tft_espi/lv_tft_espi.cpp.obj
[1097/2138] Building C object esp-idf/lvgl__lvgl/CMakeFiles/__idf_lvgl__lvgl.dir/src/drivers/draw/eve/lv_draw_eve_display.c.obj
[1098/2138] Building C object esp-idf/lvgl__lvgl/CMakeFiles/__idf_lvgl__lvgl.dir/src/drivers/evdev/lv_evdev.c.obj
[1099/2138] Building C object esp-idf/lvgl__lvgl/CMakeFiles/__idf_lvgl__lvgl.dir/src/drivers/libinput/lv_libinput.c.obj
[1100/2138] Building C object esp-idf/lvgl__lvgl/CMakeFiles/__idf_lvgl__lvgl.dir/src/drivers/libinput/lv_xkb.c.obj
[1101/2138] Building C object esp-idf/lvgl__lvgl/CMakeFiles/__idf_lvgl__lvgl.dir/src/drivers/nuttx/lv_nuttx_cache.c.obj
[1102/2138] Building C object esp-idf/lvgl__lvgl/CMakeFiles/__idf_lvgl__lvgl.dir/src/drivers/nuttx/lv_nuttx_entry.c.obj
[1103/2138] Building C object esp-idf/lvgl__lvgl/CMakeFiles/__idf_lvgl__lvgl.dir/src/drivers/nuttx/lv_nuttx_fbdev.c.obj
[1104/2138] Building C object esp-idf/lvgl__lvgl/CMakeFiles/__idf_lvgl__lvgl.dir/src/drivers/nuttx/lv_nuttx_image_cache.c.obj
[1105/2138] Linking C static library esp-idf\app_update\libapp_update.a
[1106/2138] Building C object esp-idf/lvgl__lvgl/CMakeFiles/__idf_lvgl__lvgl.dir/src/drivers/nuttx/lv_nuttx_lcd.c.obj
[1107/2138] Building C object esp-idf/lvgl__lvgl/CMakeFiles/__idf_lvgl__lvgl.dir/src/drivers/nuttx/lv_nuttx_libuv.c.obj
[1108/2138] Building C object esp-idf/lvgl__lvgl/CMakeFiles/__idf_lvgl__lvgl.dir/src/drivers/nuttx/lv_nuttx_mouse.c.obj
[1109/2138] Building C object esp-idf/lvgl__lvgl/CMakeFiles/__idf_lvgl__lvgl.dir/src/drivers/nuttx/lv_nuttx_profiler.c.obj
[1110/2138] Building C object esp-idf/lvgl__lvgl/CMakeFiles/__idf_lvgl__lvgl.dir/src/drivers/nuttx/lv_nuttx_touchscreen.c.obj
[1111/2138] Building C object esp-idf/lvgl__lvgl/CMakeFiles/__idf_lvgl__lvgl.dir/src/drivers/opengles/assets/lv_opengles_shader.c.obj
[1112/2138] Building C object esp-idf/lvgl__lvgl/CMakeFiles/__idf_lvgl__lvgl.dir/src/drivers/opengles/glad/src/egl.c.obj
[1113/2138] Building C object esp-idf/lvgl__lvgl/CMakeFiles/__idf_lvgl__lvgl.dir/src/drivers/opengles/glad/src/gl.c.obj
[1114/2138] Building C object esp-idf/lvgl__lvgl/CMakeFiles/__idf_lvgl__lvgl.dir/src/drivers/opengles/glad/src/gles2.c.obj
[1115/2138] Building C object esp-idf/lvgl__lvgl/CMakeFiles/__idf_lvgl__lvgl.dir/src/drivers/opengles/lv_opengles_debug.c.obj
[1116/2138] Building C object esp-idf/lvgl__lvgl/CMakeFiles/__idf_lvgl__lvgl.dir/src/drivers/opengles/lv_opengles_driver.c.obj
[1117/2138] Building C object esp-idf/lvgl__lvgl/CMakeFiles/__idf_lvgl__lvgl.dir/src/drivers/opengles/lv_opengles_egl.c.obj
[1118/2138] Building C object esp-idf/lvgl__lvgl/CMakeFiles/__idf_lvgl__lvgl.dir/src/drivers/opengles/lv_opengles_glfw.c.obj
[1119/2138] Building C object esp-idf/lvgl__lvgl/CMakeFiles/__idf_lvgl__lvgl.dir/src/drivers/opengles/lv_opengles_texture.c.obj
[1120/2138] Building C object esp-idf/lvgl__lvgl/CMakeFiles/__idf_lvgl__lvgl.dir/src/drivers/opengles/opengl_shader/lv_opengl_shader_manager.c.obj
[1121/2138] Building C object esp-idf/lvgl__lvgl/CMakeFiles/__idf_lvgl__lvgl.dir/src/drivers/opengles/opengl_shader/lv_opengl_shader_program.c.obj
[1122/2138] Building C object esp-idf/lvgl__lvgl/CMakeFiles/__idf_lvgl__lvgl.dir/src/drivers/qnx/lv_qnx.c.obj
[1123/2138] Building C object esp-idf/lvgl__lvgl/CMakeFiles/__idf_lvgl__lvgl.dir/src/drivers/sdl/lv_sdl_egl.c.obj
[1124/2138] Building C object esp-idf/lvgl__lvgl/CMakeFiles/__idf_lvgl__lvgl.dir/src/drivers/sdl/lv_sdl_keyboard.c.obj
[1125/2138] Building C object esp-idf/lvgl__lvgl/CMakeFiles/__idf_lvgl__lvgl.dir/src/drivers/sdl/lv_sdl_mouse.c.obj
[1126/2138] Building C object esp-idf/lvgl__lvgl/CMakeFiles/__idf_lvgl__lvgl.dir/src/drivers/sdl/lv_sdl_mousewheel.c.obj
[1127/2138] Building C object esp-idf/lvgl__lvgl/CMakeFiles/__idf_lvgl__lvgl.dir/src/drivers/sdl/lv_sdl_sw.c.obj
[1128/2138] Building C object esp-idf/lvgl__lvgl/CMakeFiles/__idf_lvgl__lvgl.dir/src/drivers/sdl/lv_sdl_texture.c.obj
[1129/2138] Building C object esp-idf/lvgl__lvgl/CMakeFiles/__idf_lvgl__lvgl.dir/src/drivers/sdl/lv_sdl_window.c.obj
[1130/2138] Linking C static library esp-idf\esp_bootloader_format\libesp_bootloader_format.a
[1131/2138] Building C object esp-idf/lvgl__lvgl/CMakeFiles/__idf_lvgl__lvgl.dir/src/drivers/uefi/lv_uefi_context.c.obj
[1132/2138] Building C object esp-idf/lvgl__lvgl/CMakeFiles/__idf_lvgl__lvgl.dir/src/drivers/uefi/lv_uefi_display.c.obj
[1133/2138] Building C object esp-idf/lvgl__lvgl/CMakeFiles/__idf_lvgl__lvgl.dir/src/drivers/uefi/lv_uefi_indev_keyboard.c.obj
[1134/2138] Building C object esp-idf/lvgl__lvgl/CMakeFiles/__idf_lvgl__lvgl.dir/src/drivers/uefi/lv_uefi_indev_pointer.c.obj
[1135/2138] Building C object esp-idf/lvgl__lvgl/CMakeFiles/__idf_lvgl__lvgl.dir/src/drivers/uefi/lv_uefi_indev_touch.c.obj
[1136/2138] Building C object esp-idf/lvgl__lvgl/CMakeFiles/__idf_lvgl__lvgl.dir/src/drivers/uefi/lv_uefi_private.c.obj
[1137/2138] Building C object esp-idf/lvgl__lvgl/CMakeFiles/__idf_lvgl__lvgl.dir/src/drivers/wayland/lv_wayland.c.obj
[1138/2138] Building C object esp-idf/lvgl__lvgl/CMakeFiles/__idf_lvgl__lvgl.dir/src/drivers/wayland/lv_wl_egl_backend.c.obj
[1139/2138] Building C object esp-idf/lvgl__lvgl/CMakeFiles/__idf_lvgl__lvgl.dir/src/drivers/wayland/lv_wl_g2d_backend.c.obj
[1140/2138] Building C object esp-idf/lvgl__lvgl/CMakeFiles/__idf_lvgl__lvgl.dir/src/drivers/wayland/lv_wl_keyboard.c.obj
[1141/2138] Building C object esp-idf/lvgl__lvgl/CMakeFiles/__idf_lvgl__lvgl.dir/src/drivers/wayland/lv_wl_pointer.c.obj
[1142/2138] Building C object esp-idf/lvgl__lvgl/CMakeFiles/__idf_lvgl__lvgl.dir/src/drivers/wayland/lv_wl_seat.c.obj
[1143/2138] Building C object esp-idf/lvgl__lvgl/CMakeFiles/__idf_lvgl__lvgl.dir/src/drivers/wayland/lv_wl_shm_backend.c.obj
[1144/2138] Building C object esp-idf/lvgl__lvgl/CMakeFiles/__idf_lvgl__lvgl.dir/src/drivers/wayland/lv_wl_touch.c.obj
[1145/2138] Building C object esp-idf/lvgl__lvgl/CMakeFiles/__idf_lvgl__lvgl.dir/src/drivers/wayland/lv_wl_window.c.obj
[1146/2138] Building C object esp-idf/lvgl__lvgl/CMakeFiles/__idf_lvgl__lvgl.dir/src/drivers/wayland/lv_wl_xdg_shell.c.obj
[1147/2138] Building C object esp-idf/lvgl__lvgl/CMakeFiles/__idf_lvgl__lvgl.dir/src/drivers/windows/lv_windows_context.c.obj
[1148/2138] Building C object esp-idf/lvgl__lvgl/CMakeFiles/__idf_lvgl__lvgl.dir/src/drivers/windows/lv_windows_display.c.obj
[1149/2138] Building C object esp-idf/lvgl__lvgl/CMakeFiles/__idf_lvgl__lvgl.dir/src/drivers/windows/lv_windows_input.c.obj
[1150/2138] Building C object esp-idf/lvgl__lvgl/CMakeFiles/__idf_lvgl__lvgl.dir/src/drivers/x11/lv_x11_display.c.obj
[1151/2138] Building C object esp-idf/lvgl__lvgl/CMakeFiles/__idf_lvgl__lvgl.dir/src/drivers/x11/lv_x11_input.c.obj
[1152/2138] Building C object esp-idf/lvgl__lvgl/CMakeFiles/__idf_lvgl__lvgl.dir/src/font/binfont_loader/lv_binfont_loader.c.obj
[1153/2138] Building C object esp-idf/lvgl__lvgl/CMakeFiles/__idf_lvgl__lvgl.dir/src/font/fmt_txt/lv_font_fmt_txt.c.obj
[1154/2138] Building C object esp-idf/lvgl__lvgl/CMakeFiles/__idf_lvgl__lvgl.dir/src/font/font_manager/lv_font_manager.c.obj
[1155/2138] Linking C static library esp-idf\esp_app_format\libesp_app_format.a
[1156/2138] Building C object esp-idf/lvgl__lvgl/CMakeFiles/__idf_lvgl__lvgl.dir/src/font/font_manager/lv_font_manager_recycle.c.obj
[1157/2138] Building C object esp-idf/lvgl__lvgl/CMakeFiles/__idf_lvgl__lvgl.dir/src/font/imgfont/lv_imgfont.c.obj
[1158/2138] Building C object esp-idf/lvgl__lvgl/CMakeFiles/__idf_lvgl__lvgl.dir/src/font/lv_font.c.obj
[1159/2138] Building C object esp-idf/lvgl__lvgl/CMakeFiles/__idf_lvgl__lvgl.dir/src/font/lv_font_dejavu_16_persian_hebrew.c.obj
[1160/2138] Building C object esp-idf/lvgl__lvgl/CMakeFiles/__idf_lvgl__lvgl.dir/src/font/lv_font_montserrat_10.c.obj
[1161/2138] Building C object esp-idf/lvgl__lvgl/CMakeFiles/__idf_lvgl__lvgl.dir/src/font/lv_font_montserrat_12.c.obj
[1162/2138] Building C object esp-idf/lvgl__lvgl/CMakeFiles/__idf_lvgl__lvgl.dir/src/font/lv_font_montserrat_14.c.obj
[1163/2138] Building C object esp-idf/lvgl__lvgl/CMakeFiles/__idf_lvgl__lvgl.dir/src/font/lv_font_montserrat_14_aligned.c.obj
[1164/2138] Building C object esp-idf/lvgl__lvgl/CMakeFiles/__idf_lvgl__lvgl.dir/src/font/lv_font_montserrat_16.c.obj
[1165/2138] Building C object esp-idf/lvgl__lvgl/CMakeFiles/__idf_lvgl__lvgl.dir/src/font/lv_font_montserrat_18.c.obj
[1166/2138] Building C object esp-idf/lvgl__lvgl/CMakeFiles/__idf_lvgl__lvgl.dir/src/font/lv_font_montserrat_20.c.obj
[1167/2138] Building C object esp-idf/lvgl__lvgl/CMakeFiles/__idf_lvgl__lvgl.dir/src/font/lv_font_montserrat_22.c.obj
[1168/2138] Building C object esp-idf/lvgl__lvgl/CMakeFiles/__idf_lvgl__lvgl.dir/src/font/lv_font_montserrat_24.c.obj
[1169/2138] Building C object esp-idf/lvgl__lvgl/CMakeFiles/__idf_lvgl__lvgl.dir/src/font/lv_font_montserrat_26.c.obj
[1170/2138] Building C object esp-idf/lvgl__lvgl/CMakeFiles/__idf_lvgl__lvgl.dir/src/font/lv_font_montserrat_28.c.obj
[1171/2138] Building C object esp-idf/lvgl__lvgl/CMakeFiles/__idf_lvgl__lvgl.dir/src/font/lv_font_montserrat_28_compressed.c.obj
[1172/2138] Building C object esp-idf/lvgl__lvgl/CMakeFiles/__idf_lvgl__lvgl.dir/src/font/lv_font_montserrat_30.c.obj
[1173/2138] Building C object esp-idf/lvgl__lvgl/CMakeFiles/__idf_lvgl__lvgl.dir/src/font/lv_font_montserrat_32.c.obj
[1174/2138] Building C object esp-idf/lvgl__lvgl/CMakeFiles/__idf_lvgl__lvgl.dir/src/font/lv_font_montserrat_34.c.obj
[1175/2138] Building C object esp-idf/lvgl__lvgl/CMakeFiles/__idf_lvgl__lvgl.dir/src/font/lv_font_montserrat_36.c.obj
[1176/2138] Building C object esp-idf/lvgl__lvgl/CMakeFiles/__idf_lvgl__lvgl.dir/src/font/lv_font_montserrat_38.c.obj
[1177/2138] Building C object esp-idf/lvgl__lvgl/CMakeFiles/__idf_lvgl__lvgl.dir/src/font/lv_font_montserrat_40.c.obj
[1178/2138] Building C object esp-idf/lvgl__lvgl/CMakeFiles/__idf_lvgl__lvgl.dir/src/font/lv_font_montserrat_42.c.obj
[1179/2138] Building C object esp-idf/lvgl__lvgl/CMakeFiles/__idf_lvgl__lvgl.dir/src/font/lv_font_montserrat_44.c.obj
[1180/2138] Building C object esp-idf/lvgl__lvgl/CMakeFiles/__idf_lvgl__lvgl.dir/src/font/lv_font_montserrat_46.c.obj
[1181/2138] Building C object esp-idf/lvgl__lvgl/CMakeFiles/__idf_lvgl__lvgl.dir/src/font/lv_font_montserrat_48.c.obj
[1182/2138] Building C object esp-idf/lvgl__lvgl/CMakeFiles/__idf_lvgl__lvgl.dir/src/font/lv_font_montserrat_8.c.obj
[1183/2138] Building C object esp-idf/lvgl__lvgl/CMakeFiles/__idf_lvgl__lvgl.dir/src/font/lv_font_source_han_sans_sc_14_cjk.c.obj
[1184/2138] Building C object esp-idf/lvgl__lvgl/CMakeFiles/__idf_lvgl__lvgl.dir/src/font/lv_font_source_han_sans_sc_16_cjk.c.obj
[1185/2138] Building C object esp-idf/lvgl__lvgl/CMakeFiles/__idf_lvgl__lvgl.dir/src/font/lv_font_unscii_16.c.obj
[1186/2138] Building C object esp-idf/lvgl__lvgl/CMakeFiles/__idf_lvgl__lvgl.dir/src/font/lv_font_unscii_8.c.obj
[1187/2138] Building C object esp-idf/lvgl__lvgl/CMakeFiles/__idf_lvgl__lvgl.dir/src/indev/lv_gridnav.c.obj
[1188/2138] Building C object esp-idf/lvgl__lvgl/CMakeFiles/__idf_lvgl__lvgl.dir/src/indev/lv_indev.c.obj
[1189/2138] Building C object esp-idf/lvgl__lvgl/CMakeFiles/__idf_lvgl__lvgl.dir/src/indev/lv_indev_gesture.c.obj
[1190/2138] Building C object esp-idf/lvgl__lvgl/CMakeFiles/__idf_lvgl__lvgl.dir/src/indev/lv_indev_scroll.c.obj
[1191/2138] Building C object esp-idf/lvgl__lvgl/CMakeFiles/__idf_lvgl__lvgl.dir/src/layouts/flex/lv_flex.c.obj
[1192/2138] Building C object esp-idf/lvgl__lvgl/CMakeFiles/__idf_lvgl__lvgl.dir/src/layouts/grid/lv_grid.c.obj
[1193/2138] Building C object esp-idf/lvgl__lvgl/CMakeFiles/__idf_lvgl__lvgl.dir/src/layouts/lv_layout.c.obj
[1194/2138] Building C object esp-idf/lvgl__lvgl/CMakeFiles/__idf_lvgl__lvgl.dir/src/libs/FT800-FT813/EVE_commands.c.obj
[1195/2138] Building C object esp-idf/lvgl__lvgl/CMakeFiles/__idf_lvgl__lvgl.dir/src/libs/FT800-FT813/EVE_supplemental.c.obj
[1196/2138] Building C object esp-idf/lvgl__lvgl/CMakeFiles/__idf_lvgl__lvgl.dir/src/libs/barcode/code128.c.obj
[1197/2138] Building C object esp-idf/lvgl__lvgl/CMakeFiles/__idf_lvgl__lvgl.dir/src/libs/barcode/lv_barcode.c.obj
[1198/2138] Building C object esp-idf/lvgl__lvgl/CMakeFiles/__idf_lvgl__lvgl.dir/src/libs/bin_decoder/lv_bin_decoder.c.obj
[1199/2138] Building C object esp-idf/lvgl__lvgl/CMakeFiles/__idf_lvgl__lvgl.dir/src/libs/bmp/lv_bmp.c.obj
[1200/2138] Building C object esp-idf/lvgl__lvgl/CMakeFiles/__idf_lvgl__lvgl.dir/src/libs/ffmpeg/lv_ffmpeg.c.obj
[1201/2138] Building C object esp-idf/lvgl__lvgl/CMakeFiles/__idf_lvgl__lvgl.dir/src/libs/freetype/lv_freetype.c.obj
[1202/2138] Building C object esp-idf/lvgl__lvgl/CMakeFiles/__idf_lvgl__lvgl.dir/src/libs/freetype/lv_freetype_glyph.c.obj
[1203/2138] Building C object esp-idf/lvgl__lvgl/CMakeFiles/__idf_lvgl__lvgl.dir/src/libs/freetype/lv_freetype_image.c.obj
[1204/2138] Building C object esp-idf/lvgl__lvgl/CMakeFiles/__idf_lvgl__lvgl.dir/src/libs/freetype/lv_freetype_outline.c.obj
[1205/2138] Building C object esp-idf/lvgl__lvgl/CMakeFiles/__idf_lvgl__lvgl.dir/src/libs/freetype/lv_ftsystem.c.obj
[1206/2138] Building C object esp-idf/lvgl__lvgl/CMakeFiles/__idf_lvgl__lvgl.dir/src/libs/frogfs/src/decomp_raw.c.obj
[1207/2138] Building C object esp-idf/lvgl__lvgl/CMakeFiles/__idf_lvgl__lvgl.dir/src/libs/frogfs/src/frogfs.c.obj
[1208/2138] Building CXX object esp-idf/lvgl__lvgl/CMakeFiles/__idf_lvgl__lvgl.dir/src/libs/fsdrv/lv_fs_arduino_esp_littlefs.cpp.obj
[1209/2138] Building CXX object esp-idf/lvgl__lvgl/CMakeFiles/__idf_lvgl__lvgl.dir/src/libs/fsdrv/lv_fs_arduino_sd.cpp.obj
[1210/2138] Building C object esp-idf/lvgl__lvgl/CMakeFiles/__idf_lvgl__lvgl.dir/src/libs/fsdrv/lv_fs_cbfs.c.obj
[1211/2138] Building C object esp-idf/lvgl__lvgl/CMakeFiles/__idf_lvgl__lvgl.dir/src/libs/fsdrv/lv_fs_fatfs.c.obj
[1212/2138] Building C object esp-idf/lvgl__lvgl/CMakeFiles/__idf_lvgl__lvgl.dir/src/libs/fsdrv/lv_fs_frogfs.c.obj
[1213/2138] Building C object esp-idf/lvgl__lvgl/CMakeFiles/__idf_lvgl__lvgl.dir/src/libs/fsdrv/lv_fs_littlefs.c.obj
[1214/2138] Linking C static library esp-idf\esp_hal_security\libesp_hal_security.a
[1215/2138] Building C object esp-idf/lvgl__lvgl/CMakeFiles/__idf_lvgl__lvgl.dir/src/libs/fsdrv/lv_fs_memfs.c.obj
[1216/2138] Building C object esp-idf/lvgl__lvgl/CMakeFiles/__idf_lvgl__lvgl.dir/src/libs/fsdrv/lv_fs_posix.c.obj
[1217/2138] Building C object esp-idf/lvgl__lvgl/CMakeFiles/__idf_lvgl__lvgl.dir/src/libs/fsdrv/lv_fs_stdio.c.obj
[1218/2138] Building C object esp-idf/lvgl__lvgl/CMakeFiles/__idf_lvgl__lvgl.dir/src/libs/fsdrv/lv_fs_uefi.c.obj
[1219/2138] Building C object esp-idf/lvgl__lvgl/CMakeFiles/__idf_lvgl__lvgl.dir/src/libs/fsdrv/lv_fs_win32.c.obj
[1220/2138] Building C object esp-idf/lvgl__lvgl/CMakeFiles/__idf_lvgl__lvgl.dir/src/libs/gif/gif.c.obj
[1221/2138] Building CXX object esp-idf/lvgl__lvgl/CMakeFiles/__idf_lvgl__lvgl.dir/src/libs/gltf/gltf_data/lv_gltf_data.cpp.obj
[1222/2138] Building CXX object esp-idf/lvgl__lvgl/CMakeFiles/__idf_lvgl__lvgl.dir/src/libs/gltf/gltf_data/lv_gltf_data_animations.cpp.obj
[1223/2138] Building CXX object esp-idf/lvgl__lvgl/CMakeFiles/__idf_lvgl__lvgl.dir/src/libs/gltf/gltf_data/lv_gltf_data_cache.cpp.obj
[1224/2138] Building CXX object esp-idf/lvgl__lvgl/CMakeFiles/__idf_lvgl__lvgl.dir/src/libs/gltf/gltf_data/lv_gltf_data_injest.cpp.obj
[1225/2138] Building CXX object esp-idf/lvgl__lvgl/CMakeFiles/__idf_lvgl__lvgl.dir/src/libs/gltf/gltf_data/lv_gltf_data_mesh.cpp.obj
[1226/2138] Building CXX object esp-idf/lvgl__lvgl/CMakeFiles/__idf_lvgl__lvgl.dir/src/libs/gltf/gltf_data/lv_gltf_data_primitive.cpp.obj
[1227/2138] Building CXX object esp-idf/lvgl__lvgl/CMakeFiles/__idf_lvgl__lvgl.dir/src/libs/gltf/gltf_data/lv_gltf_data_shader.cpp.obj
[1228/2138] Building CXX object esp-idf/lvgl__lvgl/CMakeFiles/__idf_lvgl__lvgl.dir/src/libs/gltf/gltf_data/lv_gltf_data_skin.cpp.obj
[1229/2138] Building CXX object esp-idf/lvgl__lvgl/CMakeFiles/__idf_lvgl__lvgl.dir/src/libs/gltf/gltf_data/lv_gltf_data_texture.cpp.obj
[1230/2138] Building CXX object esp-idf/lvgl__lvgl/CMakeFiles/__idf_lvgl__lvgl.dir/src/libs/gltf/gltf_data/lv_gltf_model_node.cpp.obj
[1231/2138] Building CXX object esp-idf/lvgl__lvgl/CMakeFiles/__idf_lvgl__lvgl.dir/src/libs/gltf/gltf_data/lv_gltf_uniform_locations.cpp.obj
[1232/2138] Building C object esp-idf/lvgl__lvgl/CMakeFiles/__idf_lvgl__lvgl.dir/src/libs/gltf/gltf_environment/lv_gltf_ibl_sampler.c.obj
[1233/2138] Building C object esp-idf/lvgl__lvgl/CMakeFiles/__idf_lvgl__lvgl.dir/src/libs/gltf/gltf_view/assets/chromatic.c.obj
[1234/2138] Building C object esp-idf/lvgl__lvgl/CMakeFiles/__idf_lvgl__lvgl.dir/src/libs/gltf/gltf_view/assets/lv_gltf_view_shader.c.obj
[1235/2138] Building CXX object esp-idf/lvgl__lvgl/CMakeFiles/__idf_lvgl__lvgl.dir/src/libs/gltf/gltf_view/lv_gltf_view.cpp.obj
[1236/2138] Building CXX object esp-idf/lvgl__lvgl/CMakeFiles/__idf_lvgl__lvgl.dir/src/libs/gltf/gltf_view/lv_gltf_view_render.cpp.obj
[1237/2138] Building CXX object esp-idf/lvgl__lvgl/CMakeFiles/__idf_lvgl__lvgl.dir/src/libs/gltf/gltf_view/lv_gltf_view_shader.cpp.obj
[1238/2138] Building C object esp-idf/lvgl__lvgl/CMakeFiles/__idf_lvgl__lvgl.dir/src/libs/gltf/math/lv_3dmath.c.obj
[1239/2138] Linking C static library esp-idf\esp_hal_mspi\libesp_hal_mspi.a
[1240/2138] Building CXX object esp-idf/lvgl__lvgl/CMakeFiles/__idf_lvgl__lvgl.dir/src/libs/gltf/math/lv_gltf_math.cpp.obj
[1241/2138] Building C object esp-idf/lvgl__lvgl/CMakeFiles/__idf_lvgl__lvgl.dir/src/libs/gstreamer/lv_gstreamer.c.obj
[1242/2138] Building C object esp-idf/lvgl__lvgl/CMakeFiles/__idf_lvgl__lvgl.dir/src/libs/libjpeg_turbo/lv_libjpeg_turbo.c.obj
[1243/2138] Building C object esp-idf/lvgl__lvgl/CMakeFiles/__idf_lvgl__lvgl.dir/src/libs/libpng/lv_libpng.c.obj
[1244/2138] Building C object esp-idf/lvgl__lvgl/CMakeFiles/__idf_lvgl__lvgl.dir/src/libs/libwebp/lv_libwebp.c.obj
[1245/2138] Building C object esp-idf/lvgl__lvgl/CMakeFiles/__idf_lvgl__lvgl.dir/src/libs/lodepng/lodepng.c.obj
[1246/2138] Building C object esp-idf/lvgl__lvgl/CMakeFiles/__idf_lvgl__lvgl.dir/src/libs/lodepng/lv_lodepng.c.obj
[1247/2138] Building C object esp-idf/lvgl__lvgl/CMakeFiles/__idf_lvgl__lvgl.dir/src/libs/lz4/lz4.c.obj
[1248/2138] Building C object esp-idf/lvgl__lvgl/CMakeFiles/__idf_lvgl__lvgl.dir/src/libs/nanovg/nanovg.c.obj
[1249/2138] Building C object esp-idf/lvgl__lvgl/CMakeFiles/__idf_lvgl__lvgl.dir/src/libs/qrcode/lv_qrcode.c.obj
[1250/2138] Building C object esp-idf/lvgl__lvgl/CMakeFiles/__idf_lvgl__lvgl.dir/src/libs/qrcode/qrcodegen.c.obj
[1251/2138] Building C object esp-idf/lvgl__lvgl/CMakeFiles/__idf_lvgl__lvgl.dir/src/libs/rle/lv_rle.c.obj
[1252/2138] Building C object esp-idf/lvgl__lvgl/CMakeFiles/__idf_lvgl__lvgl.dir/src/libs/rlottie/lv_rlottie.c.obj
[1253/2138] Building C object esp-idf/lvgl__lvgl/CMakeFiles/__idf_lvgl__lvgl.dir/src/libs/svg/lv_svg.c.obj
[1254/2138] Building C object esp-idf/lvgl__lvgl/CMakeFiles/__idf_lvgl__lvgl.dir/src/libs/svg/lv_svg_decoder.c.obj
[1255/2138] Building C object esp-idf/lvgl__lvgl/CMakeFiles/__idf_lvgl__lvgl.dir/src/libs/svg/lv_svg_parser.c.obj
[1256/2138] Building C object esp-idf/lvgl__lvgl/CMakeFiles/__idf_lvgl__lvgl.dir/src/libs/svg/lv_svg_render.c.obj
[1257/2138] Building C object esp-idf/lvgl__lvgl/CMakeFiles/__idf_lvgl__lvgl.dir/src/libs/svg/lv_svg_token.c.obj
[1258/2138] Building CXX object esp-idf/lvgl__lvgl/CMakeFiles/__idf_lvgl__lvgl.dir/src/libs/thorvg/tvgAccessor.cpp.obj
[1259/2138] Building CXX object esp-idf/lvgl__lvgl/CMakeFiles/__idf_lvgl__lvgl.dir/src/libs/thorvg/tvgAnimation.cpp.obj
[1260/2138] Building CXX object esp-idf/lvgl__lvgl/CMakeFiles/__idf_lvgl__lvgl.dir/src/libs/thorvg/tvgCanvas.cpp.obj
[1261/2138] Building CXX object esp-idf/lvgl__lvgl/CMakeFiles/__idf_lvgl__lvgl.dir/src/libs/thorvg/tvgCapi.cpp.obj
[1262/2138] Building CXX object esp-idf/lvgl__lvgl/CMakeFiles/__idf_lvgl__lvgl.dir/src/libs/thorvg/tvgCompressor.cpp.obj
[1263/2138] Building CXX object esp-idf/lvgl__lvgl/CMakeFiles/__idf_lvgl__lvgl.dir/src/libs/thorvg/tvgFill.cpp.obj
[1264/2138] Linking C static library esp-idf\esp_hal_clock\libesp_hal_clock.a
[1265/2138] Building CXX object esp-idf/lvgl__lvgl/CMakeFiles/__idf_lvgl__lvgl.dir/src/libs/thorvg/tvgGlCanvas.cpp.obj
[1266/2138] Building CXX object esp-idf/lvgl__lvgl/CMakeFiles/__idf_lvgl__lvgl.dir/src/libs/thorvg/tvgInitializer.cpp.obj
[1267/2138] Building CXX object esp-idf/lvgl__lvgl/CMakeFiles/__idf_lvgl__lvgl.dir/src/libs/thorvg/tvgLoader.cpp.obj
[1268/2138] Building CXX object esp-idf/lvgl__lvgl/CMakeFiles/__idf_lvgl__lvgl.dir/src/libs/thorvg/tvgLottieAnimation.cpp.obj
[1269/2138] Building CXX object esp-idf/lvgl__lvgl/CMakeFiles/__idf_lvgl__lvgl.dir/src/libs/thorvg/tvgLottieBuilder.cpp.obj
[1270/2138] Building CXX object esp-idf/lvgl__lvgl/CMakeFiles/__idf_lvgl__lvgl.dir/src/libs/thorvg/tvgLottieExpressions.cpp.obj
[1271/2138] Building CXX object esp-idf/lvgl__lvgl/CMakeFiles/__idf_lvgl__lvgl.dir/src/libs/thorvg/tvgLottieInterpolator.cpp.obj
[1272/2138] Building CXX object esp-idf/lvgl__lvgl/CMakeFiles/__idf_lvgl__lvgl.dir/src/libs/thorvg/tvgLottieLoader.cpp.obj
[1273/2138] Building CXX object esp-idf/lvgl__lvgl/CMakeFiles/__idf_lvgl__lvgl.dir/src/libs/thorvg/tvgLottieModel.cpp.obj
[1274/2138] Building CXX object esp-idf/lvgl__lvgl/CMakeFiles/__idf_lvgl__lvgl.dir/src/libs/thorvg/tvgLottieModifier.cpp.obj
[1275/2138] Building CXX object esp-idf/lvgl__lvgl/CMakeFiles/__idf_lvgl__lvgl.dir/src/libs/thorvg/tvgLottieParser.cpp.obj
[1276/2138] Building CXX object esp-idf/lvgl__lvgl/CMakeFiles/__idf_lvgl__lvgl.dir/src/libs/thorvg/tvgLottieParserHandler.cpp.obj
[1277/2138] Building CXX object esp-idf/lvgl__lvgl/CMakeFiles/__idf_lvgl__lvgl.dir/src/libs/thorvg/tvgMath.cpp.obj
[1278/2138] Building CXX object esp-idf/lvgl__lvgl/CMakeFiles/__idf_lvgl__lvgl.dir/src/libs/thorvg/tvgPaint.cpp.obj
[1279/2138] Building CXX object esp-idf/lvgl__lvgl/CMakeFiles/__idf_lvgl__lvgl.dir/src/libs/thorvg/tvgPicture.cpp.obj
[1280/2138] Building CXX object esp-idf/lvgl__lvgl/CMakeFiles/__idf_lvgl__lvgl.dir/src/libs/thorvg/tvgRawLoader.cpp.obj
[1281/2138] Building CXX object esp-idf/lvgl__lvgl/CMakeFiles/__idf_lvgl__lvgl.dir/src/libs/thorvg/tvgRender.cpp.obj
[1282/2138] Building CXX object esp-idf/lvgl__lvgl/CMakeFiles/__idf_lvgl__lvgl.dir/src/libs/thorvg/tvgSaver.cpp.obj
[1283/2138] Building CXX object esp-idf/lvgl__lvgl/CMakeFiles/__idf_lvgl__lvgl.dir/src/libs/thorvg/tvgScene.cpp.obj
[1284/2138] Building CXX object esp-idf/lvgl__lvgl/CMakeFiles/__idf_lvgl__lvgl.dir/src/libs/thorvg/tvgShape.cpp.obj
[1285/2138] Building CXX object esp-idf/lvgl__lvgl/CMakeFiles/__idf_lvgl__lvgl.dir/src/libs/thorvg/tvgStr.cpp.obj
[1286/2138] Building CXX object esp-idf/lvgl__lvgl/CMakeFiles/__idf_lvgl__lvgl.dir/src/libs/thorvg/tvgSvgCssStyle.cpp.obj
[1287/2138] Building CXX object esp-idf/lvgl__lvgl/CMakeFiles/__idf_lvgl__lvgl.dir/src/libs/thorvg/tvgSvgLoader.cpp.obj
[1288/2138] Building CXX object esp-idf/lvgl__lvgl/CMakeFiles/__idf_lvgl__lvgl.dir/src/libs/thorvg/tvgSvgPath.cpp.obj
[1289/2138] Linking C static library esp-idf\esp_hal_gpspi\libesp_hal_gpspi.a
[1290/2138] Building CXX object esp-idf/lvgl__lvgl/CMakeFiles/__idf_lvgl__lvgl.dir/src/libs/thorvg/tvgSvgSceneBuilder.cpp.obj
[1291/2138] Building CXX object esp-idf/lvgl__lvgl/CMakeFiles/__idf_lvgl__lvgl.dir/src/libs/thorvg/tvgSvgUtil.cpp.obj
[1292/2138] Building CXX object esp-idf/lvgl__lvgl/CMakeFiles/__idf_lvgl__lvgl.dir/src/libs/thorvg/tvgSwCanvas.cpp.obj
[1293/2138] Building CXX object esp-idf/lvgl__lvgl/CMakeFiles/__idf_lvgl__lvgl.dir/src/libs/thorvg/tvgSwFill.cpp.obj
[1294/2138] Building CXX object esp-idf/lvgl__lvgl/CMakeFiles/__idf_lvgl__lvgl.dir/src/libs/thorvg/tvgSwImage.cpp.obj
[1295/2138] Building CXX object esp-idf/lvgl__lvgl/CMakeFiles/__idf_lvgl__lvgl.dir/src/libs/thorvg/tvgSwMath.cpp.obj
[1296/2138] Building CXX object esp-idf/lvgl__lvgl/CMakeFiles/__idf_lvgl__lvgl.dir/src/libs/thorvg/tvgSwMemPool.cpp.obj
[1297/2138] Building CXX object esp-idf/lvgl__lvgl/CMakeFiles/__idf_lvgl__lvgl.dir/src/libs/thorvg/tvgSwPostEffect.cpp.obj
[1298/2138] Building CXX object esp-idf/lvgl__lvgl/CMakeFiles/__idf_lvgl__lvgl.dir/src/libs/thorvg/tvgSwRaster.cpp.obj
[1299/2138] Building CXX object esp-idf/lvgl__lvgl/CMakeFiles/__idf_lvgl__lvgl.dir/src/libs/thorvg/tvgSwRenderer.cpp.obj
[1300/2138] Building CXX object esp-idf/lvgl__lvgl/CMakeFiles/__idf_lvgl__lvgl.dir/src/libs/thorvg/tvgSwRle.cpp.obj
[1301/2138] Building CXX object esp-idf/lvgl__lvgl/CMakeFiles/__idf_lvgl__lvgl.dir/src/libs/thorvg/tvgSwShape.cpp.obj
[1302/2138] Building CXX object esp-idf/lvgl__lvgl/CMakeFiles/__idf_lvgl__lvgl.dir/src/libs/thorvg/tvgSwStroke.cpp.obj
[1303/2138] Building CXX object esp-idf/lvgl__lvgl/CMakeFiles/__idf_lvgl__lvgl.dir/src/libs/thorvg/tvgTaskScheduler.cpp.obj
[1304/2138] Building CXX object esp-idf/lvgl__lvgl/CMakeFiles/__idf_lvgl__lvgl.dir/src/libs/thorvg/tvgText.cpp.obj
[1305/2138] Building CXX object esp-idf/lvgl__lvgl/CMakeFiles/__idf_lvgl__lvgl.dir/src/libs/thorvg/tvgWgCanvas.cpp.obj
[1306/2138] Building CXX object esp-idf/lvgl__lvgl/CMakeFiles/__idf_lvgl__lvgl.dir/src/libs/thorvg/tvgXmlParser.cpp.obj
[1307/2138] Building C object esp-idf/lvgl__lvgl/CMakeFiles/__idf_lvgl__lvgl.dir/src/libs/tiny_ttf/lv_tiny_ttf.c.obj
[1308/2138] Building C object esp-idf/lvgl__lvgl/CMakeFiles/__idf_lvgl__lvgl.dir/src/libs/tjpgd/lv_tjpgd.c.obj
[1309/2138] Building C object esp-idf/lvgl__lvgl/CMakeFiles/__idf_lvgl__lvgl.dir/src/libs/tjpgd/tjpgd.c.obj
[1310/2138] Building C object esp-idf/lvgl__lvgl/CMakeFiles/__idf_lvgl__lvgl.dir/src/libs/vg_lite_driver/VGLite/vg_lite.c.obj
[1311/2138] Building C object esp-idf/lvgl__lvgl/CMakeFiles/__idf_lvgl__lvgl.dir/src/libs/vg_lite_driver/VGLite/vg_lite_image.c.obj
[1312/2138] Building C object esp-idf/lvgl__lvgl/CMakeFiles/__idf_lvgl__lvgl.dir/src/libs/vg_lite_driver/VGLite/vg_lite_matrix.c.obj
[1313/2138] Building C object esp-idf/lvgl__lvgl/CMakeFiles/__idf_lvgl__lvgl.dir/src/libs/vg_lite_driver/VGLite/vg_lite_path.c.obj
[1314/2138] Building C object esp-idf/lvgl__lvgl/CMakeFiles/__idf_lvgl__lvgl.dir/src/libs/vg_lite_driver/VGLite/vg_lite_stroke.c.obj
[1315/2138] Building C object esp-idf/lvgl__lvgl/CMakeFiles/__idf_lvgl__lvgl.dir/src/libs/vg_lite_driver/VGLiteKernel/vg_lite_kernel.c.obj
[1316/2138] Building C object esp-idf/lvgl__lvgl/CMakeFiles/__idf_lvgl__lvgl.dir/src/libs/vg_lite_driver/lv_vg_lite_hal/lv_vg_lite_hal.c.obj
[1317/2138] Building C object esp-idf/lvgl__lvgl/CMakeFiles/__idf_lvgl__lvgl.dir/src/libs/vg_lite_driver/lv_vg_lite_hal/vg_lite_os.c.obj
[1318/2138] Building C object esp-idf/lvgl__lvgl/CMakeFiles/__idf_lvgl__lvgl.dir/src/lv_init.c.obj
[1319/2138] Building C object esp-idf/lvgl__lvgl/CMakeFiles/__idf_lvgl__lvgl.dir/src/misc/cache/class/lv_cache_lru_ll.c.obj
[1320/2138] Building C object esp-idf/lvgl__lvgl/CMakeFiles/__idf_lvgl__lvgl.dir/src/misc/cache/class/lv_cache_lru_rb.c.obj
[1321/2138] Building C object esp-idf/lvgl__lvgl/CMakeFiles/__idf_lvgl__lvgl.dir/src/misc/cache/class/lv_cache_sc_da.c.obj
[1322/2138] Building C object esp-idf/lvgl__lvgl/CMakeFiles/__idf_lvgl__lvgl.dir/src/misc/cache/instance/lv_image_cache.c.obj
[1323/2138] Building C object esp-idf/lvgl__lvgl/CMakeFiles/__idf_lvgl__lvgl.dir/src/misc/cache/instance/lv_image_header_cache.c.obj
[1324/2138] Building C object esp-idf/lvgl__lvgl/CMakeFiles/__idf_lvgl__lvgl.dir/src/misc/cache/lv_cache.c.obj
[1325/2138] Building C object esp-idf/lvgl__lvgl/CMakeFiles/__idf_lvgl__lvgl.dir/src/misc/cache/lv_cache_entry.c.obj
[1326/2138] Building C object esp-idf/lvgl__lvgl/CMakeFiles/__idf_lvgl__lvgl.dir/src/misc/lv_anim.c.obj
[1327/2138] Building C object esp-idf/lvgl__lvgl/CMakeFiles/__idf_lvgl__lvgl.dir/src/misc/lv_anim_timeline.c.obj
[1328/2138] Building C object esp-idf/lvgl__lvgl/CMakeFiles/__idf_lvgl__lvgl.dir/src/misc/lv_area.c.obj
[1329/2138] Building C object esp-idf/lvgl__lvgl/CMakeFiles/__idf_lvgl__lvgl.dir/src/misc/lv_array.c.obj
[1330/2138] Building C object esp-idf/lvgl__lvgl/CMakeFiles/__idf_lvgl__lvgl.dir/src/misc/lv_async.c.obj
[1331/2138] Building C object esp-idf/lvgl__lvgl/CMakeFiles/__idf_lvgl__lvgl.dir/src/misc/lv_bidi.c.obj
[1332/2138] Building C object esp-idf/lvgl__lvgl/CMakeFiles/__idf_lvgl__lvgl.dir/src/misc/lv_circle_buf.c.obj
[1333/2138] Building C object esp-idf/lvgl__lvgl/CMakeFiles/__idf_lvgl__lvgl.dir/src/misc/lv_color.c.obj
[1334/2138] Building C object esp-idf/lvgl__lvgl/CMakeFiles/__idf_lvgl__lvgl.dir/src/misc/lv_color_op.c.obj
[1335/2138] Building C object esp-idf/lvgl__lvgl/CMakeFiles/__idf_lvgl__lvgl.dir/src/misc/lv_event.c.obj
[1336/2138] Building C object esp-idf/lvgl__lvgl/CMakeFiles/__idf_lvgl__lvgl.dir/src/misc/lv_fs.c.obj
[1337/2138] Building C object esp-idf/lvgl__lvgl/CMakeFiles/__idf_lvgl__lvgl.dir/src/misc/lv_grad.c.obj
[1338/2138] Building C object esp-idf/lvgl__lvgl/CMakeFiles/__idf_lvgl__lvgl.dir/src/misc/lv_iter.c.obj
[1339/2138] Building C object esp-idf/lvgl__lvgl/CMakeFiles/__idf_lvgl__lvgl.dir/src/misc/lv_ll.c.obj
[1340/2138] Building C object esp-idf/lvgl__lvgl/CMakeFiles/__idf_lvgl__lvgl.dir/src/misc/lv_log.c.obj
[1341/2138] Building C object esp-idf/lvgl__lvgl/CMakeFiles/__idf_lvgl__lvgl.dir/src/misc/lv_lru.c.obj
[1342/2138] Building C object esp-idf/lvgl__lvgl/CMakeFiles/__idf_lvgl__lvgl.dir/src/misc/lv_math.c.obj
[1343/2138] Linking C static library esp-idf\esp_hal_dma\libesp_hal_dma.a
[1344/2138] Building C object esp-idf/lvgl__lvgl/CMakeFiles/__idf_lvgl__lvgl.dir/src/misc/lv_matrix.c.obj
[1345/2138] Building C object esp-idf/lvgl__lvgl/CMakeFiles/__idf_lvgl__lvgl.dir/src/misc/lv_palette.c.obj
[1346/2138] Building C object esp-idf/lvgl__lvgl/CMakeFiles/__idf_lvgl__lvgl.dir/src/misc/lv_pending.c.obj
[1347/2138] Building C object esp-idf/lvgl__lvgl/CMakeFiles/__idf_lvgl__lvgl.dir/src/misc/lv_profiler_builtin.c.obj
[1348/2138] Building C object esp-idf/lvgl__lvgl/CMakeFiles/__idf_lvgl__lvgl.dir/src/misc/lv_profiler_builtin_posix.c.obj
[1349/2138] Building C object esp-idf/lvgl__lvgl/CMakeFiles/__idf_lvgl__lvgl.dir/src/misc/lv_rb.c.obj
[1350/2138] Building C object esp-idf/lvgl__lvgl/CMakeFiles/__idf_lvgl__lvgl.dir/src/misc/lv_style.c.obj
[1351/2138] Building C object esp-idf/lvgl__lvgl/CMakeFiles/__idf_lvgl__lvgl.dir/src/misc/lv_style_gen.c.obj
[1352/2138] Building C object esp-idf/lvgl__lvgl/CMakeFiles/__idf_lvgl__lvgl.dir/src/misc/lv_templ.c.obj
[1353/2138] Building C object esp-idf/lvgl__lvgl/CMakeFiles/__idf_lvgl__lvgl.dir/src/misc/lv_text.c.obj
[1354/2138] Building C object esp-idf/lvgl__lvgl/CMakeFiles/__idf_lvgl__lvgl.dir/src/misc/lv_text_ap.c.obj
[1355/2138] Building C object esp-idf/lvgl__lvgl/CMakeFiles/__idf_lvgl__lvgl.dir/src/misc/lv_timer.c.obj
[1356/2138] Building C object esp-idf/lvgl__lvgl/CMakeFiles/__idf_lvgl__lvgl.dir/src/misc/lv_tree.c.obj
[1357/2138] Building C object esp-idf/lvgl__lvgl/CMakeFiles/__idf_lvgl__lvgl.dir/src/misc/lv_utils.c.obj
[1358/2138] Building C object esp-idf/lvgl__lvgl/CMakeFiles/__idf_lvgl__lvgl.dir/src/osal/lv_cmsis_rtos2.c.obj
[1359/2138] Building C object esp-idf/lvgl__lvgl/CMakeFiles/__idf_lvgl__lvgl.dir/src/osal/lv_freertos.c.obj
[1360/2138] Building C object esp-idf/lvgl__lvgl/CMakeFiles/__idf_lvgl__lvgl.dir/src/osal/lv_linux.c.obj
[1361/2138] Building C object esp-idf/lvgl__lvgl/CMakeFiles/__idf_lvgl__lvgl.dir/src/osal/lv_mqx.c.obj
[1362/2138] Building C object esp-idf/lvgl__lvgl/CMakeFiles/__idf_lvgl__lvgl.dir/src/osal/lv_os.c.obj
[1363/2138] Building C object esp-idf/lvgl__lvgl/CMakeFiles/__idf_lvgl__lvgl.dir/src/osal/lv_os_none.c.obj
[1364/2138] Building C object esp-idf/lvgl__lvgl/CMakeFiles/__idf_lvgl__lvgl.dir/src/osal/lv_pthread.c.obj
[1365/2138] Building C object esp-idf/lvgl__lvgl/CMakeFiles/__idf_lvgl__lvgl.dir/src/osal/lv_rtthread.c.obj
[1366/2138] Building C object esp-idf/lvgl__lvgl/CMakeFiles/__idf_lvgl__lvgl.dir/src/osal/lv_sdl2.c.obj
[1367/2138] Building C object esp-idf/lvgl__lvgl/CMakeFiles/__idf_lvgl__lvgl.dir/src/osal/lv_windows.c.obj
[1368/2138] Linking C static library esp-idf\esp_stdio\libesp_stdio.a
[1369/2138] Building C object esp-idf/lvgl__lvgl/CMakeFiles/__idf_lvgl__lvgl.dir/src/others/file_explorer/lv_file_explorer.c.obj
[1370/2138] Building C object esp-idf/lvgl__lvgl/CMakeFiles/__idf_lvgl__lvgl.dir/src/others/fragment/lv_fragment.c.obj
[1371/2138] Building C object esp-idf/lvgl__lvgl/CMakeFiles/__idf_lvgl__lvgl.dir/src/others/fragment/lv_fragment_manager.c.obj
[1372/2138] Building C object esp-idf/lvgl__lvgl/CMakeFiles/__idf_lvgl__lvgl.dir/src/others/translation/lv_translation.c.obj
[1373/2138] Building C object esp-idf/lvgl__lvgl/CMakeFiles/__idf_lvgl__lvgl.dir/src/stdlib/builtin/lv_mem_core_builtin.c.obj
[1374/2138] Building C object esp-idf/lvgl__lvgl/CMakeFiles/__idf_lvgl__lvgl.dir/src/stdlib/builtin/lv_sprintf_builtin.c.obj
[1375/2138] Building C object esp-idf/lvgl__lvgl/CMakeFiles/__idf_lvgl__lvgl.dir/src/stdlib/builtin/lv_string_builtin.c.obj
[1376/2138] Building C object esp-idf/lvgl__lvgl/CMakeFiles/__idf_lvgl__lvgl.dir/src/stdlib/builtin/lv_tlsf.c.obj
[1377/2138] Building C object esp-idf/lvgl__lvgl/CMakeFiles/__idf_lvgl__lvgl.dir/src/stdlib/clib/lv_mem_core_clib.c.obj
[1378/2138] Building C object esp-idf/lvgl__lvgl/CMakeFiles/__idf_lvgl__lvgl.dir/src/stdlib/clib/lv_sprintf_clib.c.obj
[1379/2138] Building C object esp-idf/lvgl__lvgl/CMakeFiles/__idf_lvgl__lvgl.dir/src/stdlib/clib/lv_string_clib.c.obj
[1380/2138] Building C object esp-idf/lvgl__lvgl/CMakeFiles/__idf_lvgl__lvgl.dir/src/stdlib/lv_mem.c.obj
[1381/2138] Building C object esp-idf/lvgl__lvgl/CMakeFiles/__idf_lvgl__lvgl.dir/src/stdlib/micropython/lv_mem_core_micropython.c.obj
[1382/2138] Building C object esp-idf/lvgl__lvgl/CMakeFiles/__idf_lvgl__lvgl.dir/src/stdlib/rtthread/lv_mem_core_rtthread.c.obj
[1383/2138] Building C object esp-idf/lvgl__lvgl/CMakeFiles/__idf_lvgl__lvgl.dir/src/stdlib/rtthread/lv_sprintf_rtthread.c.obj
[1384/2138] Building C object esp-idf/lvgl__lvgl/CMakeFiles/__idf_lvgl__lvgl.dir/src/stdlib/rtthread/lv_string_rtthread.c.obj
[1385/2138] Building C object esp-idf/lvgl__lvgl/CMakeFiles/__idf_lvgl__lvgl.dir/src/stdlib/uefi/lv_mem_core_uefi.c.obj
[1386/2138] Building C object esp-idf/lvgl__lvgl/CMakeFiles/__idf_lvgl__lvgl.dir/src/themes/default/lv_theme_default.c.obj
[1387/2138] Building C object esp-idf/lvgl__lvgl/CMakeFiles/__idf_lvgl__lvgl.dir/src/themes/lv_theme.c.obj
[1388/2138] Building C object esp-idf/lvgl__lvgl/CMakeFiles/__idf_lvgl__lvgl.dir/src/themes/mono/lv_theme_mono.c.obj
[1389/2138] Building C object esp-idf/lvgl__lvgl/CMakeFiles/__idf_lvgl__lvgl.dir/src/themes/simple/lv_theme_simple.c.obj
[1390/2138] Building C object esp-idf/lvgl__lvgl/CMakeFiles/__idf_lvgl__lvgl.dir/src/tick/lv_tick.c.obj
[1391/2138] Building C object esp-idf/lvgl__lvgl/CMakeFiles/__idf_lvgl__lvgl.dir/src/widgets/3dtexture/lv_3dtexture.c.obj
[1392/2138] Building C object esp-idf/lvgl__lvgl/CMakeFiles/__idf_lvgl__lvgl.dir/src/widgets/animimage/lv_animimage.c.obj
[1393/2138] Linking C static library esp-idf\riscv\libriscv.a
[1394/2138] Building C object esp-idf/lvgl__lvgl/CMakeFiles/__idf_lvgl__lvgl.dir/src/widgets/arc/lv_arc.c.obj
[1395/2138] Building C object esp-idf/lvgl__lvgl/CMakeFiles/__idf_lvgl__lvgl.dir/src/widgets/arclabel/lv_arclabel.c.obj
[1396/2138] Building C object esp-idf/lvgl__lvgl/CMakeFiles/__idf_lvgl__lvgl.dir/src/widgets/bar/lv_bar.c.obj
[1397/2138] Building C object esp-idf/lvgl__lvgl/CMakeFiles/__idf_lvgl__lvgl.dir/src/widgets/button/lv_button.c.obj
[1398/2138] Building C object esp-idf/lvgl__lvgl/CMakeFiles/__idf_lvgl__lvgl.dir/src/widgets/buttonmatrix/lv_buttonmatrix.c.obj
[1399/2138] Building C object esp-idf/lvgl__lvgl/CMakeFiles/__idf_lvgl__lvgl.dir/src/widgets/calendar/lv_calendar.c.obj
[1400/2138] Building C object esp-idf/lvgl__lvgl/CMakeFiles/__idf_lvgl__lvgl.dir/src/widgets/calendar/lv_calendar_chinese.c.obj
[1401/2138] Building C object esp-idf/lvgl__lvgl/CMakeFiles/__idf_lvgl__lvgl.dir/src/widgets/calendar/lv_calendar_header_arrow.c.obj
[1402/2138] Building C object esp-idf/lvgl__lvgl/CMakeFiles/__idf_lvgl__lvgl.dir/src/widgets/calendar/lv_calendar_header_dropdown.c.obj
[1403/2138] Building C object esp-idf/lvgl__lvgl/CMakeFiles/__idf_lvgl__lvgl.dir/src/widgets/canvas/lv_canvas.c.obj
[1404/2138] Building C object esp-idf/lvgl__lvgl/CMakeFiles/__idf_lvgl__lvgl.dir/src/widgets/chart/lv_chart.c.obj
[1405/2138] Building C object esp-idf/lvgl__lvgl/CMakeFiles/__idf_lvgl__lvgl.dir/src/widgets/checkbox/lv_checkbox.c.obj
[1406/2138] Building C object esp-idf/lvgl__lvgl/CMakeFiles/__idf_lvgl__lvgl.dir/src/widgets/dropdown/lv_dropdown.c.obj
[1407/2138] Building C object esp-idf/lvgl__lvgl/CMakeFiles/__idf_lvgl__lvgl.dir/src/widgets/gif/lv_gif.c.obj
[1408/2138] Building C object esp-idf/lvgl__lvgl/CMakeFiles/__idf_lvgl__lvgl.dir/src/widgets/image/lv_image.c.obj
[1409/2138] Building C object esp-idf/lvgl__lvgl/CMakeFiles/__idf_lvgl__lvgl.dir/src/widgets/imagebutton/lv_imagebutton.c.obj
[1410/2138] Building C object esp-idf/lvgl__lvgl/CMakeFiles/__idf_lvgl__lvgl.dir/src/widgets/ime/lv_ime_pinyin.c.obj
[1411/2138] Building C object esp-idf/lvgl__lvgl/CMakeFiles/__idf_lvgl__lvgl.dir/src/widgets/keyboard/lv_keyboard.c.obj
[1412/2138] Building C object esp-idf/lvgl__lvgl/CMakeFiles/__idf_lvgl__lvgl.dir/src/widgets/label/lv_label.c.obj
[1413/2138] Building C object esp-idf/lvgl__lvgl/CMakeFiles/__idf_lvgl__lvgl.dir/src/widgets/led/lv_led.c.obj
[1414/2138] Building C object esp-idf/lvgl__lvgl/CMakeFiles/__idf_lvgl__lvgl.dir/src/widgets/line/lv_line.c.obj
[1415/2138] Building C object esp-idf/lvgl__lvgl/CMakeFiles/__idf_lvgl__lvgl.dir/src/widgets/list/lv_list.c.obj
[1416/2138] Building C object esp-idf/lvgl__lvgl/CMakeFiles/__idf_lvgl__lvgl.dir/src/widgets/lottie/lv_lottie.c.obj
[1417/2138] Building C object esp-idf/lvgl__lvgl/CMakeFiles/__idf_lvgl__lvgl.dir/src/widgets/menu/lv_menu.c.obj
[1418/2138] Linking C static library esp-idf\esp_hal_twai\libesp_hal_twai.a
[1419/2138] Linking C static library esp-idf\esp_driver_bitscrambler\libesp_driver_bitscrambler.a
[1420/2138] Linking C static library esp-idf\esp_hal_parlio\libesp_hal_parlio.a
[1421/2138] Linking C static library esp-idf\esp_hal_sd\libesp_hal_sd.a
[1422/2138] Linking C static library esp-idf\esp_driver_spi\libesp_driver_spi.a
[1423/2138] Linking C static library esp-idf\esp_driver_i2c\libesp_driver_i2c.a
[1424/2138] Linking C static library esp-idf\esp_hal_ledc\libesp_hal_ledc.a
[1425/2138] Linking C static library esp-idf\esp_hal_ppa\libesp_hal_ppa.a
[1426/2138] Linking C static library esp-idf\esp_hal_lcd\libesp_hal_lcd.a
[1427/2138] Building C object esp-idf/lvgl__lvgl/CMakeFiles/__idf_lvgl__lvgl.dir/src/widgets/msgbox/lv_msgbox.c.obj
[1428/2138] Building C object esp-idf/lvgl__lvgl/CMakeFiles/__idf_lvgl__lvgl.dir/src/widgets/objx_templ/lv_objx_templ.c.obj
[1429/2138] Building C object esp-idf/lvgl__lvgl/CMakeFiles/__idf_lvgl__lvgl.dir/src/widgets/property/lv_animimage_properties.c.obj
[1430/2138] Building C object esp-idf/lvgl__lvgl/CMakeFiles/__idf_lvgl__lvgl.dir/src/widgets/property/lv_arc_properties.c.obj
[1431/2138] Building C object esp-idf/lvgl__lvgl/CMakeFiles/__idf_lvgl__lvgl.dir/src/widgets/property/lv_bar_properties.c.obj
[1432/2138] Building C object esp-idf/lvgl__lvgl/CMakeFiles/__idf_lvgl__lvgl.dir/src/widgets/property/lv_buttonmatrix_properties.c.obj
[1433/2138] Building C object esp-idf/lvgl__lvgl/CMakeFiles/__idf_lvgl__lvgl.dir/src/widgets/property/lv_chart_properties.c.obj
[1434/2138] Building C object esp-idf/lvgl__lvgl/CMakeFiles/__idf_lvgl__lvgl.dir/src/widgets/property/lv_checkbox_properties.c.obj
[1435/2138] Building C object esp-idf/lvgl__lvgl/CMakeFiles/__idf_lvgl__lvgl.dir/src/widgets/property/lv_dropdown_properties.c.obj
[1436/2138] Building C object esp-idf/lvgl__lvgl/CMakeFiles/__idf_lvgl__lvgl.dir/src/widgets/property/lv_image_properties.c.obj
[1437/2138] Building C object esp-idf/lvgl__lvgl/CMakeFiles/__idf_lvgl__lvgl.dir/src/widgets/property/lv_keyboard_properties.c.obj
[1438/2138] Building C object esp-idf/lvgl__lvgl/CMakeFiles/__idf_lvgl__lvgl.dir/src/widgets/property/lv_label_properties.c.obj
[1439/2138] Building C object esp-idf/lvgl__lvgl/CMakeFiles/__idf_lvgl__lvgl.dir/src/widgets/property/lv_led_properties.c.obj
[1440/2138] Building C object esp-idf/lvgl__lvgl/CMakeFiles/__idf_lvgl__lvgl.dir/src/widgets/property/lv_line_properties.c.obj
[1441/2138] Building C object esp-idf/lvgl__lvgl/CMakeFiles/__idf_lvgl__lvgl.dir/src/widgets/property/lv_menu_properties.c.obj
[1442/2138] Linking C static library esp-idf\driver\libdriver.a
[1443/2138] Building C object esp-idf/lvgl__lvgl/CMakeFiles/__idf_lvgl__lvgl.dir/src/widgets/property/lv_obj_properties.c.obj
[1444/2138] Linking C static library esp-idf\esp_driver_parlio\libesp_driver_parlio.a
[1445/2138] Building C object esp-idf/lvgl__lvgl/CMakeFiles/__idf_lvgl__lvgl.dir/src/widgets/property/lv_roller_properties.c.obj
[1446/2138] Building C object esp-idf/lvgl__lvgl/CMakeFiles/__idf_lvgl__lvgl.dir/src/widgets/property/lv_scale_properties.c.obj
[1447/2138] Linking C static library esp-idf\esp_driver_ledc\libesp_driver_ledc.a
[1448/2138] Linking C static library esp-idf\esp_driver_ppa\libesp_driver_ppa.a
[1449/2138] Building C object esp-idf/lvgl__lvgl/CMakeFiles/__idf_lvgl__lvgl.dir/src/widgets/property/lv_slider_properties.c.obj
[1450/2138] Building C object esp-idf/lvgl__lvgl/CMakeFiles/__idf_lvgl__lvgl.dir/src/widgets/property/lv_span_properties.c.obj
[1451/2138] Building C object esp-idf/lvgl__lvgl/CMakeFiles/__idf_lvgl__lvgl.dir/src/widgets/property/lv_spinbox_properties.c.obj
[1452/2138] Building C object esp-idf/lvgl__lvgl/CMakeFiles/__idf_lvgl__lvgl.dir/src/widgets/property/lv_spinner_properties.c.obj
[1453/2138] Linking C static library esp-idf\esp_driver_isp\libesp_driver_isp.a
[1454/2138] Building C object esp-idf/lvgl__lvgl/CMakeFiles/__idf_lvgl__lvgl.dir/src/widgets/property/lv_style_properties.c.obj
[1455/2138] Building C object esp-idf/lvgl__lvgl/CMakeFiles/__idf_lvgl__lvgl.dir/src/widgets/property/lv_switch_properties.c.obj
[1456/2138] Building C object esp-idf/lvgl__lvgl/CMakeFiles/__idf_lvgl__lvgl.dir/src/widgets/property/lv_table_properties.c.obj
[1457/2138] Building C object esp-idf/lvgl__lvgl/CMakeFiles/__idf_lvgl__lvgl.dir/src/widgets/property/lv_tabview_properties.c.obj
[1458/2138] Building C object esp-idf/lvgl__lvgl/CMakeFiles/__idf_lvgl__lvgl.dir/src/widgets/property/lv_textarea_properties.c.obj
[1459/2138] Building C object esp-idf/lvgl__lvgl/CMakeFiles/__idf_lvgl__lvgl.dir/src/widgets/roller/lv_roller.c.obj
[1460/2138] Building C object esp-idf/lvgl__lvgl/CMakeFiles/__idf_lvgl__lvgl.dir/src/widgets/scale/lv_scale.c.obj
[1461/2138] Building C object esp-idf/lvgl__lvgl/CMakeFiles/__idf_lvgl__lvgl.dir/src/widgets/slider/lv_slider.c.obj
[1462/2138] Building C object esp-idf/lvgl__lvgl/CMakeFiles/__idf_lvgl__lvgl.dir/src/widgets/span/lv_span.c.obj
[1463/2138] Building C object esp-idf/lvgl__lvgl/CMakeFiles/__idf_lvgl__lvgl.dir/src/widgets/spinbox/lv_spinbox.c.obj
[1464/2138] Building C object esp-idf/lvgl__lvgl/CMakeFiles/__idf_lvgl__lvgl.dir/src/widgets/spinner/lv_spinner.c.obj
[1465/2138] Building C object esp-idf/lvgl__lvgl/CMakeFiles/__idf_lvgl__lvgl.dir/src/widgets/switch/lv_switch.c.obj
[1466/2138] Linking C static library esp-idf\espressif__i2c_bus\libespressif__i2c_bus.a
[1467/2138] Building C object esp-idf/lvgl__lvgl/CMakeFiles/__idf_lvgl__lvgl.dir/src/widgets/table/lv_table.c.obj
[1468/2138] Building C object esp-idf/lvgl__lvgl/CMakeFiles/__idf_lvgl__lvgl.dir/src/widgets/tabview/lv_tabview.c.obj
[1469/2138] Building C object esp-idf/lvgl__lvgl/CMakeFiles/__idf_lvgl__lvgl.dir/src/widgets/textarea/lv_textarea.c.obj
[1470/2138] Building C object esp-idf/lvgl__lvgl/CMakeFiles/__idf_lvgl__lvgl.dir/src/widgets/tileview/lv_tileview.c.obj
[1471/2138] Building C object esp-idf/lvgl__lvgl/CMakeFiles/__idf_lvgl__lvgl.dir/src/widgets/win/lv_win.c.obj
[1472/2138] Linking C static library esp-idf\sdmmc\libsdmmc.a
[1473/2138] Building C object esp-idf/lvgl__lvgl/CMakeFiles/__idf_lvgl__lvgl.dir/examples/anim/lv_example_anim_1.c.obj
[1474/2138] Building C object esp-idf/lvgl__lvgl/CMakeFiles/__idf_lvgl__lvgl.dir/examples/anim/lv_example_anim_2.c.obj
[1475/2138] Building C object esp-idf/lvgl__lvgl/CMakeFiles/__idf_lvgl__lvgl.dir/examples/anim/lv_example_anim_3.c.obj
[1476/2138] Building C object esp-idf/lvgl__lvgl/CMakeFiles/__idf_lvgl__lvgl.dir/examples/anim/lv_example_anim_4.c.obj
[1477/2138] Generating  IPA configuration file...
[1478/2138] Building C object esp-idf/lvgl__lvgl/CMakeFiles/__idf_lvgl__lvgl.dir/examples/anim/lv_example_anim_timeline_1.c.obj
[1479/2138] Building C object esp-idf/lvgl__lvgl/CMakeFiles/__idf_lvgl__lvgl.dir/examples/assets/animimg001.c.obj
[1480/2138] Building C object esp-idf/lvgl__lvgl/CMakeFiles/__idf_lvgl__lvgl.dir/examples/assets/animimg002.c.obj
[1481/2138] Building C object esp-idf/lvgl__lvgl/CMakeFiles/__idf_lvgl__lvgl.dir/examples/assets/animimg003.c.obj
[1482/2138] Building C object esp-idf/lvgl__lvgl/CMakeFiles/__idf_lvgl__lvgl.dir/examples/assets/emoji/img_emoji_F617.c.obj
[1483/2138] Building C object esp-idf/lvgl__lvgl/CMakeFiles/__idf_lvgl__lvgl.dir/examples/assets/img_caret_down.c.obj
[1484/2138] Building C object esp-idf/lvgl__lvgl/CMakeFiles/__idf_lvgl__lvgl.dir/examples/assets/img_cogwheel_argb.c.obj
[1485/2138] Building C object esp-idf/lvgl__lvgl/CMakeFiles/__idf_lvgl__lvgl.dir/examples/assets/img_cogwheel_indexed16.c.obj
[1486/2138] Building C object esp-idf/lvgl__lvgl/CMakeFiles/__idf_lvgl__lvgl.dir/examples/assets/img_cogwheel_rgb.c.obj
[1487/2138] Building C object esp-idf/lvgl__lvgl/CMakeFiles/__idf_lvgl__lvgl.dir/examples/assets/img_hand.c.obj
[1488/2138] Building C object esp-idf/lvgl__lvgl/CMakeFiles/__idf_lvgl__lvgl.dir/examples/assets/img_multilang_like.c.obj
[1489/2138] Building C object esp-idf/lvgl__lvgl/CMakeFiles/__idf_lvgl__lvgl.dir/examples/assets/img_skew_strip.c.obj
[1490/2138] Building C object esp-idf/lvgl__lvgl/CMakeFiles/__idf_lvgl__lvgl.dir/examples/assets/img_star.c.obj
[1491/2138] Building C object esp-idf/lvgl__lvgl/CMakeFiles/__idf_lvgl__lvgl.dir/examples/assets/img_svg_img.c.obj
[1492/2138] Building C object esp-idf/lvgl__lvgl/CMakeFiles/__idf_lvgl__lvgl.dir/examples/assets/img_transform_avatar_15.c.obj
[1493/2138] Building C object esp-idf/lvgl__lvgl/CMakeFiles/__idf_lvgl__lvgl.dir/examples/assets/imgbtn_left.c.obj
[1494/2138] Building C object esp-idf/lvgl__lvgl/CMakeFiles/__idf_lvgl__lvgl.dir/examples/assets/imgbtn_mid.c.obj
[1495/2138] Linking C static library esp-idf\esp_driver_sd_intf\libesp_driver_sd_intf.a
[1496/2138] Building C object esp-idf/lvgl__lvgl/CMakeFiles/__idf_lvgl__lvgl.dir/examples/assets/imgbtn_right.c.obj
[1497/2138] Building C object esp-idf/lvgl__lvgl/CMakeFiles/__idf_lvgl__lvgl.dir/examples/event/lv_example_event_bubble.c.obj
[1498/2138] Building C object esp-idf/lvgl__lvgl/CMakeFiles/__idf_lvgl__lvgl.dir/examples/event/lv_example_event_button.c.obj
[1499/2138] Building C object esp-idf/lvgl__lvgl/CMakeFiles/__idf_lvgl__lvgl.dir/examples/event/lv_example_event_click.c.obj
[1500/2138] Building C object esp-idf/lvgl__lvgl/CMakeFiles/__idf_lvgl__lvgl.dir/examples/event/lv_example_event_draw.c.obj
[1501/2138] Building C object esp-idf/lvgl__lvgl/CMakeFiles/__idf_lvgl__lvgl.dir/examples/event/lv_example_event_streak.c.obj
[1502/2138] Building C object esp-idf/lvgl__lvgl/CMakeFiles/__idf_lvgl__lvgl.dir/examples/event/lv_example_event_trickle.c.obj
[1503/2138] Building C object esp-idf/lvgl__lvgl/CMakeFiles/__idf_lvgl__lvgl.dir/examples/get_started/lv_example_get_started_1.c.obj
[1504/2138] Building C object esp-idf/lvgl__lvgl/CMakeFiles/__idf_lvgl__lvgl.dir/examples/get_started/lv_example_get_started_2.c.obj
[1505/2138] Linking C static library esp-idf\esp_driver_cam\libesp_driver_cam.a
[1506/2138] Building C object esp-idf/lvgl__lvgl/CMakeFiles/__idf_lvgl__lvgl.dir/examples/get_started/lv_example_get_started_3.c.obj
[1507/2138] Building C object esp-idf/lvgl__lvgl/CMakeFiles/__idf_lvgl__lvgl.dir/examples/get_started/lv_example_get_started_4.c.obj
[1508/2138] Building C object esp-idf/lvgl__lvgl/CMakeFiles/__idf_lvgl__lvgl.dir/examples/grad/lv_example_grad_1.c.obj
[1509/2138] Linking C static library esp-idf\esp_lcd\libesp_lcd.a
[1510/2138] Building C object esp-idf/lvgl__lvgl/CMakeFiles/__idf_lvgl__lvgl.dir/examples/grad/lv_example_grad_2.c.obj
[1511/2138] Building C object esp-idf/lvgl__lvgl/CMakeFiles/__idf_lvgl__lvgl.dir/examples/grad/lv_example_grad_3.c.obj
[1512/2138] Building C object esp-idf/lvgl__lvgl/CMakeFiles/__idf_lvgl__lvgl.dir/examples/grad/lv_example_grad_4.c.obj
[1513/2138] Building C object esp-idf/lvgl__lvgl/CMakeFiles/__idf_lvgl__lvgl.dir/examples/layouts/flex/lv_example_flex_1.c.obj
[1514/2138] Building C object esp-idf/lvgl__lvgl/CMakeFiles/__idf_lvgl__lvgl.dir/examples/layouts/flex/lv_example_flex_2.c.obj
[1515/2138] Building C object esp-idf/lvgl__lvgl/CMakeFiles/__idf_lvgl__lvgl.dir/examples/layouts/flex/lv_example_flex_3.c.obj
[1516/2138] Building C object esp-idf/lvgl__lvgl/CMakeFiles/__idf_lvgl__lvgl.dir/examples/layouts/flex/lv_example_flex_4.c.obj
[1517/2138] Building C object esp-idf/lvgl__lvgl/CMakeFiles/__idf_lvgl__lvgl.dir/examples/layouts/flex/lv_example_flex_5.c.obj
[1518/2138] Building C object esp-idf/lvgl__lvgl/CMakeFiles/__idf_lvgl__lvgl.dir/examples/layouts/flex/lv_example_flex_6.c.obj
[1519/2138] Building C object esp-idf/lvgl__lvgl/CMakeFiles/__idf_lvgl__lvgl.dir/examples/layouts/grid/lv_example_grid_1.c.obj
[1520/2138] Building C object esp-idf/lvgl__lvgl/CMakeFiles/__idf_lvgl__lvgl.dir/examples/layouts/grid/lv_example_grid_2.c.obj
[1521/2138] Building C object esp-idf/lvgl__lvgl/CMakeFiles/__idf_lvgl__lvgl.dir/examples/layouts/grid/lv_example_grid_3.c.obj
[1522/2138] Building C object esp-idf/lvgl__lvgl/CMakeFiles/__idf_lvgl__lvgl.dir/examples/layouts/grid/lv_example_grid_4.c.obj
[1523/2138] Building C object esp-idf/lvgl__lvgl/CMakeFiles/__idf_lvgl__lvgl.dir/examples/layouts/grid/lv_example_grid_5.c.obj
[1524/2138] Building C object esp-idf/lvgl__lvgl/CMakeFiles/__idf_lvgl__lvgl.dir/examples/layouts/grid/lv_example_grid_6.c.obj
[1525/2138] Building C object esp-idf/lvgl__lvgl/CMakeFiles/__idf_lvgl__lvgl.dir/examples/libs/barcode/lv_example_barcode_1.c.obj
[1526/2138] Building C object esp-idf/lvgl__lvgl/CMakeFiles/__idf_lvgl__lvgl.dir/examples/libs/bmp/lv_example_bmp_1.c.obj
[1527/2138] Building C object esp-idf/lvgl__lvgl/CMakeFiles/__idf_lvgl__lvgl.dir/examples/libs/ffmpeg/lv_example_ffmpeg_1.c.obj
[1528/2138] Building C object esp-idf/lvgl__lvgl/CMakeFiles/__idf_lvgl__lvgl.dir/examples/libs/ffmpeg/lv_example_ffmpeg_2.c.obj
[1529/2138] Building C object esp-idf/lvgl__lvgl/CMakeFiles/__idf_lvgl__lvgl.dir/examples/libs/freetype/lv_example_freetype_1.c.obj
[1530/2138] Building C object esp-idf/lvgl__lvgl/CMakeFiles/__idf_lvgl__lvgl.dir/examples/libs/freetype/lv_example_freetype_2.c.obj
[1531/2138] Building C object esp-idf/lvgl__lvgl/CMakeFiles/__idf_lvgl__lvgl.dir/examples/libs/freetype/lv_example_freetype_3.c.obj
[1532/2138] Building C object esp-idf/lvgl__lvgl/CMakeFiles/__idf_lvgl__lvgl.dir/examples/libs/gif/img_bulb_gif.c.obj
[1533/2138] Building C object esp-idf/lvgl__lvgl/CMakeFiles/__idf_lvgl__lvgl.dir/examples/libs/gif/lv_example_gif_1.c.obj
[1534/2138] Building C object esp-idf/lvgl__lvgl/CMakeFiles/__idf_lvgl__lvgl.dir/examples/libs/gltf/lv_example_gltf_1.c.obj
[1535/2138] Building C object esp-idf/lvgl__lvgl/CMakeFiles/__idf_lvgl__lvgl.dir/examples/libs/gltf/lv_example_gltf_2.c.obj
[1536/2138] Building C object esp-idf/lvgl__lvgl/CMakeFiles/__idf_lvgl__lvgl.dir/examples/libs/gltf/lv_example_gltf_3.c.obj
[1537/2138] Building C object esp-idf/lvgl__lvgl/CMakeFiles/__idf_lvgl__lvgl.dir/examples/libs/gstreamer/lv_example_gstreamer_1.c.obj
[1538/2138] Building C object esp-idf/lvgl__lvgl/CMakeFiles/__idf_lvgl__lvgl.dir/examples/libs/libjpeg_turbo/lv_example_libjpeg_turbo_1.c.obj
[1539/2138] Building C object esp-idf/lvgl__lvgl/CMakeFiles/__idf_lvgl__lvgl.dir/examples/libs/libpng/img_png_demo.c.obj
[1540/2138] Building C object esp-idf/lvgl__lvgl/CMakeFiles/__idf_lvgl__lvgl.dir/examples/libs/libpng/lv_example_libpng_1.c.obj
[1541/2138] Building C object esp-idf/lvgl__lvgl/CMakeFiles/__idf_lvgl__lvgl.dir/examples/libs/libwebp/lv_example_libwebp_1.c.obj
[1542/2138] Building C object esp-idf/lvgl__lvgl/CMakeFiles/__idf_lvgl__lvgl.dir/examples/libs/lodepng/img_wink_png.c.obj
[1543/2138] Building C object esp-idf/lvgl__lvgl/CMakeFiles/__idf_lvgl__lvgl.dir/examples/libs/lodepng/lv_example_lodepng_1.c.obj
[1544/2138] Building C object esp-idf/lvgl__lvgl/CMakeFiles/__idf_lvgl__lvgl.dir/examples/libs/qrcode/lv_example_qrcode_1.c.obj
[1545/2138] Building C object esp-idf/lvgl__lvgl/CMakeFiles/__idf_lvgl__lvgl.dir/examples/libs/rlottie/lv_example_rlottie_1.c.obj
[1546/2138] Building C object esp-idf/lvgl__lvgl/CMakeFiles/__idf_lvgl__lvgl.dir/examples/libs/rlottie/lv_example_rlottie_2.c.obj
[1547/2138] Building C object esp-idf/lvgl__lvgl/CMakeFiles/__idf_lvgl__lvgl.dir/examples/libs/rlottie/lv_example_rlottie_approve.c.obj
[1548/2138] Building C object esp-idf/lvgl__lvgl/CMakeFiles/__idf_lvgl__lvgl.dir/examples/libs/svg/lv_example_svg_1.c.obj
[1549/2138] Building C object esp-idf/lvgl__lvgl/CMakeFiles/__idf_lvgl__lvgl.dir/examples/libs/svg/lv_example_svg_2.c.obj
[1550/2138] Building C object esp-idf/lvgl__lvgl/CMakeFiles/__idf_lvgl__lvgl.dir/examples/libs/svg/lv_example_svg_3.c.obj
[1551/2138] Building C object esp-idf/lvgl__lvgl/CMakeFiles/__idf_lvgl__lvgl.dir/examples/libs/tiny_ttf/lv_example_tiny_ttf_1.c.obj
[1552/2138] Building C object esp-idf/lvgl__lvgl/CMakeFiles/__idf_lvgl__lvgl.dir/examples/libs/tiny_ttf/lv_example_tiny_ttf_2.c.obj
[1553/2138] Building C object esp-idf/lvgl__lvgl/CMakeFiles/__idf_lvgl__lvgl.dir/examples/libs/tiny_ttf/lv_example_tiny_ttf_3.c.obj
[1554/2138] Building C object esp-idf/lvgl__lvgl/CMakeFiles/__idf_lvgl__lvgl.dir/examples/libs/tiny_ttf/ubuntu_font.c.obj
[1555/2138] Building C object esp-idf/lvgl__lvgl/CMakeFiles/__idf_lvgl__lvgl.dir/examples/libs/tjpgd/lv_example_tjpgd_1.c.obj
[1556/2138] Building C object esp-idf/lvgl__lvgl/CMakeFiles/__idf_lvgl__lvgl.dir/examples/others/file_explorer/lv_example_file_explorer_1.c.obj
[1557/2138] Building C object esp-idf/lvgl__lvgl/CMakeFiles/__idf_lvgl__lvgl.dir/examples/others/file_explorer/lv_example_file_explorer_2.c.obj
[1558/2138] Building C object esp-idf/lvgl__lvgl/CMakeFiles/__idf_lvgl__lvgl.dir/examples/others/file_explorer/lv_example_file_explorer_3.c.obj
[1559/2138] Building C object esp-idf/lvgl__lvgl/CMakeFiles/__idf_lvgl__lvgl.dir/examples/others/font_manager/lv_example_font_manager_1.c.obj
[1560/2138] Building C object esp-idf/lvgl__lvgl/CMakeFiles/__idf_lvgl__lvgl.dir/examples/others/font_manager/lv_example_font_manager_2.c.obj
[1561/2138] Building C object esp-idf/lvgl__lvgl/CMakeFiles/__idf_lvgl__lvgl.dir/examples/others/font_manager/lv_example_font_manager_3.c.obj
[1562/2138] Building C object esp-idf/lvgl__lvgl/CMakeFiles/__idf_lvgl__lvgl.dir/examples/others/fragment/lv_example_fragment_1.c.obj
[1563/2138] Building C object esp-idf/lvgl__lvgl/CMakeFiles/__idf_lvgl__lvgl.dir/examples/others/fragment/lv_example_fragment_2.c.obj
[1564/2138] Building C object esp-idf/lvgl__lvgl/CMakeFiles/__idf_lvgl__lvgl.dir/examples/others/gestures/lv_example_gestures.c.obj
[1565/2138] Building C object esp-idf/lvgl__lvgl/CMakeFiles/__idf_lvgl__lvgl.dir/examples/others/gridnav/lv_example_gridnav_1.c.obj
[1566/2138] Building C object esp-idf/lvgl__lvgl/CMakeFiles/__idf_lvgl__lvgl.dir/examples/others/gridnav/lv_example_gridnav_2.c.obj
[1567/2138] Building C object esp-idf/lvgl__lvgl/CMakeFiles/__idf_lvgl__lvgl.dir/examples/others/gridnav/lv_example_gridnav_3.c.obj
[1568/2138] Building C object esp-idf/lvgl__lvgl/CMakeFiles/__idf_lvgl__lvgl.dir/examples/others/gridnav/lv_example_gridnav_4.c.obj
[1569/2138] Building C object esp-idf/lvgl__lvgl/CMakeFiles/__idf_lvgl__lvgl.dir/examples/others/gridnav/lv_example_gridnav_5.c.obj
[1570/2138] Building C object esp-idf/lvgl__lvgl/CMakeFiles/__idf_lvgl__lvgl.dir/examples/others/ime/lv_example_ime_pinyin_1.c.obj
[1571/2138] Building C object esp-idf/lvgl__lvgl/CMakeFiles/__idf_lvgl__lvgl.dir/examples/others/ime/lv_example_ime_pinyin_2.c.obj
[1572/2138] Building C object esp-idf/lvgl__lvgl/CMakeFiles/__idf_lvgl__lvgl.dir/examples/others/imgfont/lv_example_imgfont_1.c.obj
[1573/2138] Building C object esp-idf/lvgl__lvgl/CMakeFiles/__idf_lvgl__lvgl.dir/examples/others/monkey/lv_example_monkey_1.c.obj
[1574/2138] Building C object esp-idf/lvgl__lvgl/CMakeFiles/__idf_lvgl__lvgl.dir/examples/others/monkey/lv_example_monkey_2.c.obj
[1575/2138] Building C object esp-idf/lvgl__lvgl/CMakeFiles/__idf_lvgl__lvgl.dir/examples/others/monkey/lv_example_monkey_3.c.obj
[1576/2138] Building C object esp-idf/lvgl__lvgl/CMakeFiles/__idf_lvgl__lvgl.dir/examples/others/observer/lv_example_observer_1.c.obj
[1577/2138] Building C object esp-idf/lvgl__lvgl/CMakeFiles/__idf_lvgl__lvgl.dir/examples/others/observer/lv_example_observer_2.c.obj
[1578/2138] Building C object esp-idf/lvgl__lvgl/CMakeFiles/__idf_lvgl__lvgl.dir/examples/others/observer/lv_example_observer_3.c.obj
[1579/2138] Building C object esp-idf/lvgl__lvgl/CMakeFiles/__idf_lvgl__lvgl.dir/examples/others/observer/lv_example_observer_4.c.obj
[1580/2138] Building C object esp-idf/lvgl__lvgl/CMakeFiles/__idf_lvgl__lvgl.dir/examples/others/observer/lv_example_observer_5.c.obj
[1581/2138] Building C object esp-idf/lvgl__lvgl/CMakeFiles/__idf_lvgl__lvgl.dir/examples/others/observer/lv_example_observer_6.c.obj
[1582/2138] Building C object esp-idf/lvgl__lvgl/CMakeFiles/__idf_lvgl__lvgl.dir/examples/others/observer/lv_example_observer_7.c.obj
[1583/2138] Building C object esp-idf/lvgl__lvgl/CMakeFiles/__idf_lvgl__lvgl.dir/examples/others/snapshot/lv_example_snapshot_1.c.obj
[1584/2138] Building C object esp-idf/lvgl__lvgl/CMakeFiles/__idf_lvgl__lvgl.dir/examples/others/translation/lv_example_translation_1.c.obj
[1585/2138] Building C object esp-idf/lvgl__lvgl/CMakeFiles/__idf_lvgl__lvgl.dir/examples/others/translation/lv_example_translation_2.c.obj
[1586/2138] Building C object esp-idf/lvgl__lvgl/CMakeFiles/__idf_lvgl__lvgl.dir/examples/porting/lv_port_disp_template.c.obj
[1587/2138] Building C object esp-idf/lvgl__lvgl/CMakeFiles/__idf_lvgl__lvgl.dir/examples/porting/lv_port_fs_template.c.obj
[1588/2138] Building C object esp-idf/lvgl__lvgl/CMakeFiles/__idf_lvgl__lvgl.dir/examples/porting/lv_port_indev_template.c.obj
[1589/2138] Building C object esp-idf/lvgl__lvgl/CMakeFiles/__idf_lvgl__lvgl.dir/examples/porting/lv_port_lcd_stm32_template.c.obj
[1590/2138] Building C object esp-idf/lvgl__lvgl/CMakeFiles/__idf_lvgl__lvgl.dir/examples/porting/osal/lv_example_osal.c.obj
[1591/2138] Building C object esp-idf/lvgl__lvgl/CMakeFiles/__idf_lvgl__lvgl.dir/examples/scroll/lv_example_scroll_1.c.obj
[1592/2138] Building C object esp-idf/lvgl__lvgl/CMakeFiles/__idf_lvgl__lvgl.dir/examples/scroll/lv_example_scroll_2.c.obj
[1593/2138] Building C object esp-idf/lvgl__lvgl/CMakeFiles/__idf_lvgl__lvgl.dir/examples/scroll/lv_example_scroll_3.c.obj
[1594/2138] Building C object esp-idf/lvgl__lvgl/CMakeFiles/__idf_lvgl__lvgl.dir/examples/scroll/lv_example_scroll_4.c.obj
[1595/2138] Building C object esp-idf/lvgl__lvgl/CMakeFiles/__idf_lvgl__lvgl.dir/examples/scroll/lv_example_scroll_5.c.obj
[1596/2138] Building C object esp-idf/lvgl__lvgl/CMakeFiles/__idf_lvgl__lvgl.dir/examples/scroll/lv_example_scroll_6.c.obj
[1597/2138] Building C object esp-idf/lvgl__lvgl/CMakeFiles/__idf_lvgl__lvgl.dir/examples/scroll/lv_example_scroll_7.c.obj
[1598/2138] Building C object esp-idf/lvgl__lvgl/CMakeFiles/__idf_lvgl__lvgl.dir/examples/scroll/lv_example_scroll_8.c.obj
[1599/2138] Building C object esp-idf/lvgl__lvgl/CMakeFiles/__idf_lvgl__lvgl.dir/examples/scroll/lv_example_scroll_9.c.obj
[1600/2138] Building C object esp-idf/lvgl__lvgl/CMakeFiles/__idf_lvgl__lvgl.dir/examples/styles/lv_example_style_1.c.obj
[1601/2138] Building C object esp-idf/lvgl__lvgl/CMakeFiles/__idf_lvgl__lvgl.dir/examples/styles/lv_example_style_10.c.obj
[1602/2138] Building C object esp-idf/lvgl__lvgl/CMakeFiles/__idf_lvgl__lvgl.dir/examples/styles/lv_example_style_11.c.obj
[1603/2138] Building C object esp-idf/lvgl__lvgl/CMakeFiles/__idf_lvgl__lvgl.dir/examples/styles/lv_example_style_12.c.obj
[1604/2138] Building C object esp-idf/lvgl__lvgl/CMakeFiles/__idf_lvgl__lvgl.dir/examples/styles/lv_example_style_13.c.obj
[1605/2138] Building C object esp-idf/lvgl__lvgl/CMakeFiles/__idf_lvgl__lvgl.dir/examples/styles/lv_example_style_14.c.obj
[1606/2138] Building C object esp-idf/lvgl__lvgl/CMakeFiles/__idf_lvgl__lvgl.dir/examples/styles/lv_example_style_15.c.obj
[1607/2138] Building C object esp-idf/lvgl__lvgl/CMakeFiles/__idf_lvgl__lvgl.dir/examples/styles/lv_example_style_16.c.obj
[1608/2138] Building C object esp-idf/lvgl__lvgl/CMakeFiles/__idf_lvgl__lvgl.dir/examples/styles/lv_example_style_17.c.obj
[1609/2138] Building C object esp-idf/lvgl__lvgl/CMakeFiles/__idf_lvgl__lvgl.dir/examples/styles/lv_example_style_18.c.obj
[1610/2138] Building C object esp-idf/lvgl__lvgl/CMakeFiles/__idf_lvgl__lvgl.dir/examples/styles/lv_example_style_19.c.obj
[1611/2138] Building C object esp-idf/lvgl__lvgl/CMakeFiles/__idf_lvgl__lvgl.dir/examples/styles/lv_example_style_2.c.obj
[1612/2138] Building C object esp-idf/lvgl__lvgl/CMakeFiles/__idf_lvgl__lvgl.dir/examples/styles/lv_example_style_20.c.obj
[1613/2138] Building C object esp-idf/lvgl__lvgl/CMakeFiles/__idf_lvgl__lvgl.dir/examples/styles/lv_example_style_21.c.obj
[1614/2138] Building C object esp-idf/lvgl__lvgl/CMakeFiles/__idf_lvgl__lvgl.dir/examples/styles/lv_example_style_3.c.obj
[1615/2138] Building C object esp-idf/lvgl__lvgl/CMakeFiles/__idf_lvgl__lvgl.dir/examples/styles/lv_example_style_4.c.obj
[1616/2138] Building C object esp-idf/lvgl__lvgl/CMakeFiles/__idf_lvgl__lvgl.dir/examples/styles/lv_example_style_5.c.obj
[1617/2138] Building C object esp-idf/lvgl__lvgl/CMakeFiles/__idf_lvgl__lvgl.dir/examples/styles/lv_example_style_6.c.obj
[1618/2138] Building C object esp-idf/lvgl__lvgl/CMakeFiles/__idf_lvgl__lvgl.dir/examples/styles/lv_example_style_7.c.obj
[1619/2138] Building C object esp-idf/lvgl__lvgl/CMakeFiles/__idf_lvgl__lvgl.dir/examples/styles/lv_example_style_8.c.obj
[1620/2138] Building C object esp-idf/lvgl__lvgl/CMakeFiles/__idf_lvgl__lvgl.dir/examples/styles/lv_example_style_9.c.obj
[1621/2138] Building C object esp-idf/lvgl__lvgl/CMakeFiles/__idf_lvgl__lvgl.dir/examples/widgets/animimg/lv_example_animimg_1.c.obj
[1622/2138] Building C object esp-idf/lvgl__lvgl/CMakeFiles/__idf_lvgl__lvgl.dir/examples/widgets/arc/lv_example_arc_1.c.obj
[1623/2138] Building C object esp-idf/lvgl__lvgl/CMakeFiles/__idf_lvgl__lvgl.dir/examples/widgets/arc/lv_example_arc_2.c.obj
[1624/2138] Building C object esp-idf/lvgl__lvgl/CMakeFiles/__idf_lvgl__lvgl.dir/examples/widgets/arc/lv_example_arc_3.c.obj
[1625/2138] Building C object esp-idf/lvgl__lvgl/CMakeFiles/__idf_lvgl__lvgl.dir/examples/widgets/arclabel/lv_example_arclabel_1.c.obj
[1626/2138] Building C object esp-idf/lvgl__lvgl/CMakeFiles/__idf_lvgl__lvgl.dir/examples/widgets/bar/lv_example_bar_1.c.obj
[1627/2138] Building C object esp-idf/lvgl__lvgl/CMakeFiles/__idf_lvgl__lvgl.dir/examples/widgets/bar/lv_example_bar_2.c.obj
[1628/2138] Building C object esp-idf/lvgl__lvgl/CMakeFiles/__idf_lvgl__lvgl.dir/examples/widgets/bar/lv_example_bar_3.c.obj
[1629/2138] Building C object esp-idf/lvgl__lvgl/CMakeFiles/__idf_lvgl__lvgl.dir/examples/widgets/bar/lv_example_bar_4.c.obj
[1630/2138] Building C object esp-idf/lvgl__lvgl/CMakeFiles/__idf_lvgl__lvgl.dir/examples/widgets/bar/lv_example_bar_5.c.obj
[1631/2138] Building C object esp-idf/lvgl__lvgl/CMakeFiles/__idf_lvgl__lvgl.dir/examples/widgets/bar/lv_example_bar_6.c.obj
[1632/2138] Building C object esp-idf/lvgl__lvgl/CMakeFiles/__idf_lvgl__lvgl.dir/examples/widgets/bar/lv_example_bar_7.c.obj
[1633/2138] Building C object esp-idf/lvgl__lvgl/CMakeFiles/__idf_lvgl__lvgl.dir/examples/widgets/button/lv_example_button_1.c.obj
[1634/2138] Building C object esp-idf/lvgl__lvgl/CMakeFiles/__idf_lvgl__lvgl.dir/examples/widgets/button/lv_example_button_2.c.obj
[1635/2138] Building C object esp-idf/lvgl__lvgl/CMakeFiles/__idf_lvgl__lvgl.dir/examples/widgets/button/lv_example_button_3.c.obj
[1636/2138] Building C object esp-idf/lvgl__lvgl/CMakeFiles/__idf_lvgl__lvgl.dir/examples/widgets/buttonmatrix/lv_example_buttonmatrix_1.c.obj
[1637/2138] Building C object esp-idf/lvgl__lvgl/CMakeFiles/__idf_lvgl__lvgl.dir/examples/widgets/buttonmatrix/lv_example_buttonmatrix_2.c.obj
[1638/2138] Building C object esp-idf/lvgl__lvgl/CMakeFiles/__idf_lvgl__lvgl.dir/examples/widgets/buttonmatrix/lv_example_buttonmatrix_3.c.obj
[1639/2138] Building C object esp-idf/lvgl__lvgl/CMakeFiles/__idf_lvgl__lvgl.dir/examples/widgets/calendar/lv_example_calendar_1.c.obj
[1640/2138] Building C object esp-idf/lvgl__lvgl/CMakeFiles/__idf_lvgl__lvgl.dir/examples/widgets/calendar/lv_example_calendar_2.c.obj
[1641/2138] Building C object esp-idf/lvgl__lvgl/CMakeFiles/__idf_lvgl__lvgl.dir/examples/widgets/canvas/lv_example_canvas_1.c.obj
[1642/2138] Building C object esp-idf/lvgl__lvgl/CMakeFiles/__idf_lvgl__lvgl.dir/examples/widgets/canvas/lv_example_canvas_10.c.obj
[1643/2138] Building C object esp-idf/lvgl__lvgl/CMakeFiles/__idf_lvgl__lvgl.dir/examples/widgets/canvas/lv_example_canvas_11.c.obj
[1644/2138] Building C object esp-idf/lvgl__lvgl/CMakeFiles/__idf_lvgl__lvgl.dir/examples/widgets/canvas/lv_example_canvas_12.c.obj
[1645/2138] Building C object esp-idf/lvgl__lvgl/CMakeFiles/__idf_lvgl__lvgl.dir/examples/widgets/canvas/lv_example_canvas_2.c.obj
[1646/2138] Building C object esp-idf/lvgl__lvgl/CMakeFiles/__idf_lvgl__lvgl.dir/examples/widgets/canvas/lv_example_canvas_3.c.obj
[1647/2138] Building C object esp-idf/lvgl__lvgl/CMakeFiles/__idf_lvgl__lvgl.dir/examples/widgets/canvas/lv_example_canvas_4.c.obj
[1648/2138] Building C object esp-idf/lvgl__lvgl/CMakeFiles/__idf_lvgl__lvgl.dir/examples/widgets/canvas/lv_example_canvas_5.c.obj
[1649/2138] Building C object esp-idf/lvgl__lvgl/CMakeFiles/__idf_lvgl__lvgl.dir/examples/widgets/canvas/lv_example_canvas_6.c.obj
[1650/2138] Building C object esp-idf/lvgl__lvgl/CMakeFiles/__idf_lvgl__lvgl.dir/examples/widgets/canvas/lv_example_canvas_7.c.obj
[1651/2138] Building C object esp-idf/lvgl__lvgl/CMakeFiles/__idf_lvgl__lvgl.dir/examples/widgets/canvas/lv_example_canvas_8.c.obj
[1652/2138] Building C object esp-idf/lvgl__lvgl/CMakeFiles/__idf_lvgl__lvgl.dir/examples/widgets/canvas/lv_example_canvas_9.c.obj
[1653/2138] Building C object esp-idf/lvgl__lvgl/CMakeFiles/__idf_lvgl__lvgl.dir/examples/widgets/chart/lv_example_chart_1.c.obj
[1654/2138] Building C object esp-idf/lvgl__lvgl/CMakeFiles/__idf_lvgl__lvgl.dir/examples/widgets/chart/lv_example_chart_2.c.obj
[1655/2138] Building C object esp-idf/lvgl__lvgl/CMakeFiles/__idf_lvgl__lvgl.dir/examples/widgets/chart/lv_example_chart_3.c.obj
[1656/2138] Building C object esp-idf/lvgl__lvgl/CMakeFiles/__idf_lvgl__lvgl.dir/examples/widgets/chart/lv_example_chart_4.c.obj
[1657/2138] Building C object esp-idf/lvgl__lvgl/CMakeFiles/__idf_lvgl__lvgl.dir/examples/widgets/chart/lv_example_chart_5.c.obj
[1658/2138] Building C object esp-idf/lvgl__lvgl/CMakeFiles/__idf_lvgl__lvgl.dir/examples/widgets/chart/lv_example_chart_6.c.obj
[1659/2138] Building C object esp-idf/lvgl__lvgl/CMakeFiles/__idf_lvgl__lvgl.dir/examples/widgets/chart/lv_example_chart_7.c.obj
[1660/2138] Building C object esp-idf/lvgl__lvgl/CMakeFiles/__idf_lvgl__lvgl.dir/examples/widgets/chart/lv_example_chart_8.c.obj
[1661/2138] Building C object esp-idf/lvgl__lvgl/CMakeFiles/__idf_lvgl__lvgl.dir/examples/widgets/checkbox/lv_example_checkbox_1.c.obj
[1662/2138] Building C object esp-idf/lvgl__lvgl/CMakeFiles/__idf_lvgl__lvgl.dir/examples/widgets/checkbox/lv_example_checkbox_2.c.obj
[1663/2138] Building C object esp-idf/lvgl__lvgl/CMakeFiles/__idf_lvgl__lvgl.dir/examples/widgets/dropdown/lv_example_dropdown_1.c.obj
[1664/2138] Building C object esp-idf/lvgl__lvgl/CMakeFiles/__idf_lvgl__lvgl.dir/examples/widgets/dropdown/lv_example_dropdown_2.c.obj
[1665/2138] Building C object esp-idf/lvgl__lvgl/CMakeFiles/__idf_lvgl__lvgl.dir/examples/widgets/dropdown/lv_example_dropdown_3.c.obj
[1666/2138] Building C object esp-idf/lvgl__lvgl/CMakeFiles/__idf_lvgl__lvgl.dir/examples/widgets/image/lv_example_image_1.c.obj
[1667/2138] Building C object esp-idf/lvgl__lvgl/CMakeFiles/__idf_lvgl__lvgl.dir/examples/widgets/image/lv_example_image_2.c.obj
[1668/2138] Building C object esp-idf/lvgl__lvgl/CMakeFiles/__idf_lvgl__lvgl.dir/examples/widgets/image/lv_example_image_3.c.obj
[1669/2138] Building C object esp-idf/lvgl__lvgl/CMakeFiles/__idf_lvgl__lvgl.dir/examples/widgets/image/lv_example_image_4.c.obj
[1670/2138] Building C object esp-idf/lvgl__lvgl/CMakeFiles/__idf_lvgl__lvgl.dir/examples/widgets/image/lv_example_image_5.c.obj
[1671/2138] Building C object esp-idf/lvgl__lvgl/CMakeFiles/__idf_lvgl__lvgl.dir/examples/widgets/imagebutton/lv_example_imagebutton_1.c.obj
[1672/2138] Building C object esp-idf/lvgl__lvgl/CMakeFiles/__idf_lvgl__lvgl.dir/examples/widgets/keyboard/lv_example_keyboard_1.c.obj
[1673/2138] Building C object esp-idf/lvgl__lvgl/CMakeFiles/__idf_lvgl__lvgl.dir/examples/widgets/keyboard/lv_example_keyboard_2.c.obj
[1674/2138] Building C object esp-idf/lvgl__lvgl/CMakeFiles/__idf_lvgl__lvgl.dir/examples/widgets/keyboard/lv_example_keyboard_3.c.obj
[1675/2138] Building C object esp-idf/lvgl__lvgl/CMakeFiles/__idf_lvgl__lvgl.dir/examples/widgets/label/lv_example_label_1.c.obj
[1676/2138] Building C object esp-idf/lvgl__lvgl/CMakeFiles/__idf_lvgl__lvgl.dir/examples/widgets/label/lv_example_label_2.c.obj
[1677/2138] Building C object esp-idf/lvgl__lvgl/CMakeFiles/__idf_lvgl__lvgl.dir/examples/widgets/label/lv_example_label_3.c.obj
[1678/2138] Building C object esp-idf/lvgl__lvgl/CMakeFiles/__idf_lvgl__lvgl.dir/examples/widgets/label/lv_example_label_4.c.obj
[1679/2138] Building C object esp-idf/lvgl__lvgl/CMakeFiles/__idf_lvgl__lvgl.dir/examples/widgets/label/lv_example_label_5.c.obj
[1680/2138] Building C object esp-idf/lvgl__lvgl/CMakeFiles/__idf_lvgl__lvgl.dir/examples/widgets/label/lv_example_label_6.c.obj
[1681/2138] Building C object esp-idf/lvgl__lvgl/CMakeFiles/__idf_lvgl__lvgl.dir/examples/widgets/label/lv_example_label_7.c.obj
[1682/2138] Building C object esp-idf/lvgl__lvgl/CMakeFiles/__idf_lvgl__lvgl.dir/examples/widgets/led/lv_example_led_1.c.obj
[1683/2138] Building C object esp-idf/lvgl__lvgl/CMakeFiles/__idf_lvgl__lvgl.dir/examples/widgets/line/lv_example_line_1.c.obj
[1684/2138] Building C object esp-idf/lvgl__lvgl/CMakeFiles/__idf_lvgl__lvgl.dir/examples/widgets/list/lv_example_list_1.c.obj
[1685/2138] Building C object esp-idf/lvgl__lvgl/CMakeFiles/__idf_lvgl__lvgl.dir/examples/widgets/list/lv_example_list_2.c.obj
[1686/2138] Building C object esp-idf/lvgl__lvgl/CMakeFiles/__idf_lvgl__lvgl.dir/examples/widgets/lottie/lv_example_lottie_1.c.obj
[1687/2138] Building C object esp-idf/lvgl__lvgl/CMakeFiles/__idf_lvgl__lvgl.dir/examples/widgets/lottie/lv_example_lottie_2.c.obj
[1688/2138] Building C object esp-idf/lvgl__lvgl/CMakeFiles/__idf_lvgl__lvgl.dir/examples/widgets/lottie/lv_example_lottie_approve.c.obj
[1689/2138] Building C object esp-idf/lvgl__lvgl/CMakeFiles/__idf_lvgl__lvgl.dir/examples/widgets/menu/lv_example_menu_1.c.obj
[1690/2138] Building C object esp-idf/lvgl__lvgl/CMakeFiles/__idf_lvgl__lvgl.dir/examples/widgets/menu/lv_example_menu_2.c.obj
[1691/2138] Building C object esp-idf/lvgl__lvgl/CMakeFiles/__idf_lvgl__lvgl.dir/examples/widgets/menu/lv_example_menu_3.c.obj
[1692/2138] Building C object esp-idf/lvgl__lvgl/CMakeFiles/__idf_lvgl__lvgl.dir/examples/widgets/menu/lv_example_menu_4.c.obj
[1693/2138] Building C object esp-idf/lvgl__lvgl/CMakeFiles/__idf_lvgl__lvgl.dir/examples/widgets/menu/lv_example_menu_5.c.obj
[1694/2138] Building C object esp-idf/lvgl__lvgl/CMakeFiles/__idf_lvgl__lvgl.dir/examples/widgets/msgbox/lv_example_msgbox_1.c.obj
[1695/2138] Building C object esp-idf/lvgl__lvgl/CMakeFiles/__idf_lvgl__lvgl.dir/examples/widgets/msgbox/lv_example_msgbox_2.c.obj
[1696/2138] Building C object esp-idf/lvgl__lvgl/CMakeFiles/__idf_lvgl__lvgl.dir/examples/widgets/msgbox/lv_example_msgbox_3.c.obj
[1697/2138] Building C object esp-idf/lvgl__lvgl/CMakeFiles/__idf_lvgl__lvgl.dir/examples/widgets/obj/lv_example_obj_1.c.obj
[1698/2138] Building C object esp-idf/lvgl__lvgl/CMakeFiles/__idf_lvgl__lvgl.dir/examples/widgets/obj/lv_example_obj_2.c.obj
[1699/2138] Building C object esp-idf/lvgl__lvgl/CMakeFiles/__idf_lvgl__lvgl.dir/examples/widgets/obj/lv_example_obj_3.c.obj
[1700/2138] Building C object esp-idf/lvgl__lvgl/CMakeFiles/__idf_lvgl__lvgl.dir/examples/widgets/roller/lv_example_roller_1.c.obj
[1701/2138] Building C object esp-idf/lvgl__lvgl/CMakeFiles/__idf_lvgl__lvgl.dir/examples/widgets/roller/lv_example_roller_2.c.obj
[1702/2138] Building C object esp-idf/lvgl__lvgl/CMakeFiles/__idf_lvgl__lvgl.dir/examples/widgets/roller/lv_example_roller_3.c.obj
[1703/2138] Building C object esp-idf/lvgl__lvgl/CMakeFiles/__idf_lvgl__lvgl.dir/examples/widgets/scale/lv_example_scale_1.c.obj
[1704/2138] Building C object esp-idf/lvgl__lvgl/CMakeFiles/__idf_lvgl__lvgl.dir/examples/widgets/scale/lv_example_scale_10.c.obj
[1705/2138] Building C object esp-idf/lvgl__lvgl/CMakeFiles/__idf_lvgl__lvgl.dir/examples/widgets/scale/lv_example_scale_11.c.obj
[1706/2138] Building C object esp-idf/lvgl__lvgl/CMakeFiles/__idf_lvgl__lvgl.dir/examples/widgets/scale/lv_example_scale_12.c.obj
[1707/2138] Building C object esp-idf/lvgl__lvgl/CMakeFiles/__idf_lvgl__lvgl.dir/examples/widgets/scale/lv_example_scale_2.c.obj
[1708/2138] Building C object esp-idf/lvgl__lvgl/CMakeFiles/__idf_lvgl__lvgl.dir/examples/widgets/scale/lv_example_scale_3.c.obj
[1709/2138] Building C object esp-idf/lvgl__lvgl/CMakeFiles/__idf_lvgl__lvgl.dir/examples/widgets/scale/lv_example_scale_4.c.obj
[1710/2138] Building C object esp-idf/lvgl__lvgl/CMakeFiles/__idf_lvgl__lvgl.dir/examples/widgets/scale/lv_example_scale_5.c.obj
[1711/2138] Building C object esp-idf/lvgl__lvgl/CMakeFiles/__idf_lvgl__lvgl.dir/examples/widgets/scale/lv_example_scale_6.c.obj
[1712/2138] Building C object esp-idf/lvgl__lvgl/CMakeFiles/__idf_lvgl__lvgl.dir/examples/widgets/scale/lv_example_scale_7.c.obj
[1713/2138] Building C object esp-idf/lvgl__lvgl/CMakeFiles/__idf_lvgl__lvgl.dir/examples/widgets/scale/lv_example_scale_8.c.obj
[1714/2138] Building C object esp-idf/lvgl__lvgl/CMakeFiles/__idf_lvgl__lvgl.dir/examples/widgets/scale/lv_example_scale_9.c.obj
[1715/2138] Building C object esp-idf/lvgl__lvgl/CMakeFiles/__idf_lvgl__lvgl.dir/examples/widgets/slider/lv_example_slider_1.c.obj
[1716/2138] Building C object esp-idf/lvgl__lvgl/CMakeFiles/__idf_lvgl__lvgl.dir/examples/widgets/slider/lv_example_slider_2.c.obj
[1717/2138] Building C object esp-idf/lvgl__lvgl/CMakeFiles/__idf_lvgl__lvgl.dir/examples/widgets/slider/lv_example_slider_3.c.obj
[1718/2138] Building C object esp-idf/lvgl__lvgl/CMakeFiles/__idf_lvgl__lvgl.dir/examples/widgets/slider/lv_example_slider_4.c.obj
[1719/2138] Building C object esp-idf/lvgl__lvgl/CMakeFiles/__idf_lvgl__lvgl.dir/examples/widgets/span/lv_example_span_1.c.obj
[1720/2138] Building C object esp-idf/lvgl__lvgl/CMakeFiles/__idf_lvgl__lvgl.dir/examples/widgets/spinbox/lv_example_spinbox_1.c.obj
[1721/2138] Building C object esp-idf/lvgl__lvgl/CMakeFiles/__idf_lvgl__lvgl.dir/examples/widgets/spinner/lv_example_spinner_1.c.obj
[1722/2138] Building C object esp-idf/lvgl__lvgl/CMakeFiles/__idf_lvgl__lvgl.dir/examples/widgets/switch/lv_example_switch_1.c.obj
[1723/2138] Building C object esp-idf/lvgl__lvgl/CMakeFiles/__idf_lvgl__lvgl.dir/examples/widgets/switch/lv_example_switch_2.c.obj
[1724/2138] Building C object esp-idf/lvgl__lvgl/CMakeFiles/__idf_lvgl__lvgl.dir/examples/widgets/table/lv_example_table_1.c.obj
[1725/2138] Building C object esp-idf/lvgl__lvgl/CMakeFiles/__idf_lvgl__lvgl.dir/examples/widgets/table/lv_example_table_2.c.obj
[1726/2138] Building C object esp-idf/lvgl__lvgl/CMakeFiles/__idf_lvgl__lvgl.dir/examples/widgets/tabview/lv_example_tabview_1.c.obj
[1727/2138] Building C object esp-idf/lvgl__lvgl/CMakeFiles/__idf_lvgl__lvgl.dir/examples/widgets/tabview/lv_example_tabview_2.c.obj
[1728/2138] Building C object esp-idf/lvgl__lvgl/CMakeFiles/__idf_lvgl__lvgl.dir/examples/widgets/textarea/lv_example_textarea_1.c.obj
[1729/2138] Building C object esp-idf/lvgl__lvgl/CMakeFiles/__idf_lvgl__lvgl.dir/examples/widgets/textarea/lv_example_textarea_2.c.obj
[1730/2138] Building C object esp-idf/lvgl__lvgl/CMakeFiles/__idf_lvgl__lvgl.dir/examples/widgets/textarea/lv_example_textarea_3.c.obj
[1731/2138] Building C object esp-idf/lvgl__lvgl/CMakeFiles/__idf_lvgl__lvgl.dir/examples/widgets/textarea/lv_example_textarea_4.c.obj
[1732/2138] Building C object esp-idf/lvgl__lvgl/CMakeFiles/__idf_lvgl__lvgl.dir/examples/widgets/tileview/lv_example_tileview_1.c.obj
[1733/2138] Building C object esp-idf/lvgl__lvgl/CMakeFiles/__idf_lvgl__lvgl.dir/examples/widgets/win/lv_example_win_1.c.obj
[1734/2138] Building C object esp-idf/lvgl__lvgl/CMakeFiles/__idf_lvgl__lvgl.dir/demos/lv_demos.c.obj
[1735/2138] Linking C static library esp-idf\espressif__esp_sccb_intf\libespressif__esp_sccb_intf.a
[1736/2138] Building C object esp-idf/espressif__esp_cam_sensor/CMakeFiles/__idf_espressif__esp_cam_sensor.dir/src/esp_cam_sensor.c.obj
[1737/2138] Building C object esp-idf/espressif__esp_cam_sensor/CMakeFiles/__idf_espressif__esp_cam_sensor.dir/src/esp_cam_sensor_xclk.c.obj
[1738/2138] Building C object esp-idf/espressif__esp_cam_sensor/CMakeFiles/__idf_espressif__esp_cam_sensor.dir/src/esp_cam_motor.c.obj
[1739/2138] Building C object esp-idf/espressif__esp_cam_sensor/CMakeFiles/__idf_espressif__esp_cam_sensor.dir/src/driver_cam/esp_cam_ctlr_spi_cam.c.obj
[1740/2138] Building C object esp-idf/espressif__esp_cam_sensor/CMakeFiles/__idf_espressif__esp_cam_sensor.dir/src/driver_spi/spi_slave.c.obj
[1741/2138] Building C object esp-idf/espressif__esp_h264/CMakeFiles/__idf_espressif__esp_h264.dir/port/src/esp_h264_alloc.c.obj
[1742/2138] Building C object esp-idf/espressif__esp_h264/CMakeFiles/__idf_espressif__esp_h264.dir/port/src/esp_h264_cache.c.obj
[1743/2138] Building C object esp-idf/espressif__esp_h264/CMakeFiles/__idf_espressif__esp_h264.dir/interface/src/esp_h264_dec.c.obj
[1744/2138] Building C object esp-idf/espressif__esp_h264/CMakeFiles/__idf_espressif__esp_h264.dir/interface/src/esp_h264_dec_param.c.obj
[1745/2138] Building C object esp-idf/espressif__esp_h264/CMakeFiles/__idf_espressif__esp_h264.dir/interface/src/esp_h264_enc_dual.c.obj
[1746/2138] Building C object esp-idf/espressif__esp_h264/CMakeFiles/__idf_espressif__esp_h264.dir/interface/src/esp_h264_enc_param.c.obj
[1747/2138] Building C object esp-idf/espressif__esp_h264/CMakeFiles/__idf_espressif__esp_h264.dir/interface/src/esp_h264_enc_param_hw.c.obj
[1748/2138] Building C object esp-idf/espressif__esp_h264/CMakeFiles/__idf_espressif__esp_h264.dir/interface/src/esp_h264_enc_single.c.obj
[1749/2138] Building C object esp-idf/espressif__esp_h264/CMakeFiles/__idf_espressif__esp_h264.dir/interface/src/esp_h264_version.c.obj
[1750/2138] Building C object esp-idf/espressif__esp_h264/CMakeFiles/__idf_espressif__esp_h264.dir/sw/src/esp_h264_dec_sw.c.obj
[1751/2138] Building C object esp-idf/espressif__esp_h264/CMakeFiles/__idf_espressif__esp_h264.dir/sw/src/esp_h264_enc_single_sw.c.obj
[1752/2138] Building C object esp-idf/espressif__esp_h264/CMakeFiles/__idf_espressif__esp_h264.dir/sw/src/esp_h264_enc_sw_param.c.obj
[1753/2138] Building C object esp-idf/espressif__esp_h264/CMakeFiles/__idf_espressif__esp_h264.dir/sw/src/h264_color_convert.c.obj
[1754/2138] Building C object esp-idf/espressif__esp_h264/CMakeFiles/__idf_espressif__esp_h264.dir/hw/src/esp_h264_enc_dual_hw.c.obj
[1755/2138] Building C object esp-idf/espressif__esp_h264/CMakeFiles/__idf_espressif__esp_h264.dir/hw/src/esp_h264_enc_hw_param.c.obj
[1756/2138] Building C object esp-idf/espressif__esp_h264/CMakeFiles/__idf_espressif__esp_h264.dir/hw/src/esp_h264_enc_single_hw.c.obj
[1757/2138] Building C object esp-idf/espressif__esp_h264/CMakeFiles/__idf_espressif__esp_h264.dir/hw/src/h264_nal.c.obj
[1758/2138] Building C object esp-idf/espressif__esp_h264/CMakeFiles/__idf_espressif__esp_h264.dir/hw/src/h264_rc.c.obj
[1759/2138] Building C object esp-idf/espressif__esp_h264/CMakeFiles/__idf_espressif__esp_h264.dir/hw/hal/esp32p4/h264_dma_hal.c.obj
[1760/2138] Building C object esp-idf/espressif__esp_h264/CMakeFiles/__idf_espressif__esp_h264.dir/hw/hal/esp32p4/h264_hal.c.obj
[1761/2138] Building C object esp-idf/espressif__esp_ipa/CMakeFiles/__idf_espressif__esp_ipa.dir/esp_video_ipa_config.c.obj
[1762/2138] Building C object esp-idf/espressif__esp_ipa/CMakeFiles/__idf_espressif__esp_ipa.dir/src/version.c.obj
[1763/2138] Building C object esp-idf/espressif__usb_host_uvc/CMakeFiles/__idf_espressif__usb_host_uvc.dir/uvc_host.c.obj
[1764/2138] Building C object esp-idf/espressif__usb_host_uvc/CMakeFiles/__idf_espressif__usb_host_uvc.dir/uvc_descriptor_parsing.c.obj
[1765/2138] Building C object esp-idf/espressif__usb_host_uvc/CMakeFiles/__idf_espressif__usb_host_uvc.dir/uvc_descriptor_printing.c.obj
[1766/2138] Building C object esp-idf/espressif__usb_host_uvc/CMakeFiles/__idf_espressif__usb_host_uvc.dir/uvc_frame.c.obj
[1767/2138] Building C object esp-idf/espressif__usb_host_uvc/CMakeFiles/__idf_espressif__usb_host_uvc.dir/uvc_control.c.obj
[1768/2138] Building C object esp-idf/espressif__usb_host_uvc/CMakeFiles/__idf_espressif__usb_host_uvc.dir/uvc_isoc.c.obj
[1769/2138] Building C object esp-idf/espressif__usb_host_uvc/CMakeFiles/__idf_espressif__usb_host_uvc.dir/uvc_bulk.c.obj
[1770/2138] Building C object esp-idf/espressif__esp_lcd_touch/CMakeFiles/__idf_espressif__esp_lcd_touch.dir/esp_lcd_touch.c.obj
[1771/2138] Building C object esp-idf/console/CMakeFiles/__idf_console.dir/commands.c.obj
[1772/2138] Building C object esp-idf/console/CMakeFiles/__idf_console.dir/esp_console_common.c.obj
[1773/2138] Building C object esp-idf/console/CMakeFiles/__idf_console.dir/split_argv.c.obj
[1774/2138] Building C object esp-idf/console/CMakeFiles/__idf_console.dir/linenoise/linenoise.c.obj
[1775/2138] Building C object esp-idf/console/CMakeFiles/__idf_console.dir/esp_console_repl_chip.c.obj
[1776/2138] Building C object esp-idf/console/CMakeFiles/__idf_console.dir/esp_console_repl_internal.c.obj
[1777/2138] Building C object esp-idf/console/CMakeFiles/__idf_console.dir/argtable3/arg_cmd.c.obj
[1778/2138] Building C object esp-idf/console/CMakeFiles/__idf_console.dir/argtable3/arg_date.c.obj
[1779/2138] Building C object esp-idf/console/CMakeFiles/__idf_console.dir/argtable3/arg_dbl.c.obj
[1780/2138] Building C object esp-idf/console/CMakeFiles/__idf_console.dir/argtable3/arg_dstr.c.obj
[1781/2138] Building C object esp-idf/console/CMakeFiles/__idf_console.dir/argtable3/arg_end.c.obj
[1782/2138] Building C object esp-idf/console/CMakeFiles/__idf_console.dir/argtable3/arg_file.c.obj
[1783/2138] Building C object esp-idf/console/CMakeFiles/__idf_console.dir/argtable3/arg_hashtable.c.obj
[1784/2138] Building C object esp-idf/console/CMakeFiles/__idf_console.dir/argtable3/arg_int.c.obj
[1785/2138] Building C object esp-idf/console/CMakeFiles/__idf_console.dir/argtable3/arg_lit.c.obj
[1786/2138] Building C object esp-idf/console/CMakeFiles/__idf_console.dir/argtable3/arg_rem.c.obj
[1787/2138] Building C object esp-idf/console/CMakeFiles/__idf_console.dir/argtable3/arg_rex.c.obj
[1788/2138] Building C object esp-idf/console/CMakeFiles/__idf_console.dir/argtable3/arg_str.c.obj
[1789/2138] Building C object esp-idf/console/CMakeFiles/__idf_console.dir/argtable3/arg_utils.c.obj
[1790/2138] Building C object esp-idf/console/CMakeFiles/__idf_console.dir/argtable3/argtable3.c.obj
[1791/2138] Linking C static library esp-idf\esp_driver_sdmmc\libesp_driver_sdmmc.a
[1792/2138] Linking C static library esp-idf\espressif__usb\libespressif__usb.a
[1793/2138] Linking C static library esp-idf\esp_driver_sdspi\libesp_driver_sdspi.a
[1794/2138] Building C object esp-idf/fatfs/CMakeFiles/__idf_fatfs.dir/diskio/diskio.c.obj
[1795/2138] Building C object esp-idf/fatfs/CMakeFiles/__idf_fatfs.dir/diskio/diskio_rawflash.c.obj
[1796/2138] Building C object esp-idf/fatfs/CMakeFiles/__idf_fatfs.dir/diskio/diskio_wl.c.obj
[1797/2138] Building C object esp-idf/fatfs/CMakeFiles/__idf_fatfs.dir/diskio/diskio_bdl.c.obj
[1798/2138] Building C object esp-idf/fatfs/CMakeFiles/__idf_fatfs.dir/src/ff.c.obj
[1799/2138] Building C object esp-idf/fatfs/CMakeFiles/__idf_fatfs.dir/src/ffunicode.c.obj
[1800/2138] Building C object esp-idf/fatfs/CMakeFiles/__idf_fatfs.dir/port/freertos/ffsystem.c.obj
[1801/2138] Building C object esp-idf/fatfs/CMakeFiles/__idf_fatfs.dir/diskio/diskio_sdmmc.c.obj
[1802/2138] Building C object esp-idf/fatfs/CMakeFiles/__idf_fatfs.dir/vfs/vfs_fat.c.obj
[1803/2138] Building C object esp-idf/fatfs/CMakeFiles/__idf_fatfs.dir/vfs/vfs_fat_sdmmc.c.obj
[1804/2138] Building C object esp-idf/fatfs/CMakeFiles/__idf_fatfs.dir/vfs/vfs_fat_spiflash.c.obj
[1805/2138] Building C object esp-idf/fatfs/CMakeFiles/__idf_fatfs.dir/vfs/vfs_fat_bdl.c.obj
[1806/2138] Building C object esp-idf/spiffs/CMakeFiles/__idf_spiffs.dir/spiffs_api.c.obj
[1807/2138] Building C object esp-idf/spiffs/CMakeFiles/__idf_spiffs.dir/spiffs/src/spiffs_cache.c.obj
[1808/2138] Building C object esp-idf/spiffs/CMakeFiles/__idf_spiffs.dir/spiffs/src/spiffs_check.c.obj
[1809/2138] Building C object esp-idf/spiffs/CMakeFiles/__idf_spiffs.dir/spiffs/src/spiffs_gc.c.obj
[1810/2138] Building C object esp-idf/spiffs/CMakeFiles/__idf_spiffs.dir/spiffs/src/spiffs_hydrogen.c.obj
[1811/2138] Building C object esp-idf/spiffs/CMakeFiles/__idf_spiffs.dir/spiffs/src/spiffs_nucleus.c.obj
[1812/2138] Building C object esp-idf/spiffs/CMakeFiles/__idf_spiffs.dir/esp_spiffs.c.obj
[1813/2138] Building C object esp-idf/espressif__bmi270/CMakeFiles/__idf_espressif__bmi270.dir/src/bmi270.c.obj
[1814/2138] Building C object esp-idf/espressif__bmi270/CMakeFiles/__idf_espressif__bmi270.dir/src/bmi270_sensor_hub.c.obj
[1815/2138] Building C object esp-idf/espressif__esp_codec_dev/CMakeFiles/__idf_espressif__esp_codec_dev.dir/esp_codec_dev.c.obj
[1816/2138] Building C object esp-idf/espressif__esp_codec_dev/CMakeFiles/__idf_espressif__esp_codec_dev.dir/esp_codec_dev_vol.c.obj
[1817/2138] Building C object esp-idf/espressif__esp_codec_dev/CMakeFiles/__idf_espressif__esp_codec_dev.dir/esp_codec_dev_if.c.obj
[1818/2138] Linking C static library esp-idf\wear_levelling\libwear_levelling.a
[1819/2138] Building C object esp-idf/espressif__esp_codec_dev/CMakeFiles/__idf_espressif__esp_codec_dev.dir/audio_codec_sw_vol.c.obj
[1820/2138] Building C object esp-idf/espressif__esp_codec_dev/CMakeFiles/__idf_espressif__esp_codec_dev.dir/platform/audio_codec_gpio.c.obj
[1821/2138] Building C object esp-idf/espressif__esp_codec_dev/CMakeFiles/__idf_espressif__esp_codec_dev.dir/platform/audio_codec_ctrl_i2c.c.obj
[1822/2138] Building C object esp-idf/espressif__esp_codec_dev/CMakeFiles/__idf_espressif__esp_codec_dev.dir/platform/audio_codec_data_i2s.c.obj
[1823/2138] Building C object esp-idf/espressif__esp_codec_dev/CMakeFiles/__idf_espressif__esp_codec_dev.dir/platform/audio_codec_ctrl_spi.c.obj
[1824/2138] Building C object esp-idf/espressif__esp_codec_dev/CMakeFiles/__idf_espressif__esp_codec_dev.dir/platform/esp_codec_dev_os.c.obj
[1825/2138] Building C object esp-idf/espressif__esp_codec_dev/CMakeFiles/__idf_espressif__esp_codec_dev.dir/device/es8311/es8311.c.obj
[1826/2138] Building C object esp-idf/espressif__esp_codec_dev/CMakeFiles/__idf_espressif__esp_codec_dev.dir/device/es8156/es8156.c.obj
[1827/2138] Building C object esp-idf/espressif__esp_codec_dev/CMakeFiles/__idf_espressif__esp_codec_dev.dir/device/es7243e/es7243e.c.obj
[1828/2138] Building C object esp-idf/espressif__esp_codec_dev/CMakeFiles/__idf_espressif__esp_codec_dev.dir/device/es7210/es7210.c.obj
[1829/2138] Building C object esp-idf/espressif__esp_codec_dev/CMakeFiles/__idf_espressif__esp_codec_dev.dir/device/es7243/es7243.c.obj
[1830/2138] Building C object esp-idf/espressif__esp_codec_dev/CMakeFiles/__idf_espressif__esp_codec_dev.dir/device/es8388/es8388.c.obj
[1831/2138] Building C object esp-idf/espressif__esp_codec_dev/CMakeFiles/__idf_espressif__esp_codec_dev.dir/device/tas5805m/tas5805m.c.obj
[1832/2138] Building C object esp-idf/espressif__esp_codec_dev/CMakeFiles/__idf_espressif__esp_codec_dev.dir/device/es8374/es8374.c.obj
[1833/2138] Building C object esp-idf/espressif__esp_codec_dev/CMakeFiles/__idf_espressif__esp_codec_dev.dir/device/aw88298/aw88298.c.obj
[1834/2138] Building C object esp-idf/espressif__esp_codec_dev/CMakeFiles/__idf_espressif__esp_codec_dev.dir/device/es8389/es8389.c.obj
[1835/2138] Linking C static library esp-idf\espressif__esp_io_expander\libespressif__esp_io_expander.a
[1836/2138] Building C object esp-idf/espressif__esp_io_expander_pi4ioe5v6408/CMakeFiles/__idf_espressif__esp_io_expander_pi4ioe5v6408.dir/esp_io_expander_pi4ioe5v6408.c.obj
[1837/2138] Linking C static library esp-idf\espressif__sensor_hub\libespressif__sensor_hub.a
[1838/2138] Building C object esp-idf/espressif__esp_lvgl_port/CMakeFiles/lvgl_port_lib.dir/src/lvgl9/esp_lvgl_port.c.obj
[1839/2138] Building C object esp-idf/espressif__esp_lvgl_port/CMakeFiles/lvgl_port_lib.dir/src/lvgl9/esp_lvgl_port_disp.c.obj
[1840/2138] Building C object esp-idf/espressif__esp_lvgl_port/CMakeFiles/lvgl_port_lib.dir/src/common/ppa/lcd_ppa.c.obj
[1841/2138] Building C object esp-idf/espressif__esp_lvgl_port/CMakeFiles/lvgl_port_lib.dir/src/lvgl9/esp_lvgl_port_touch.c.obj
[1842/2138] Linking C static library esp-idf\espressif__esp_cam_sensor\libespressif__esp_cam_sensor.a
[1843/2138] Linking C static library esp-idf\espressif__esp_ipa\libespressif__esp_ipa.a
[1844/2138] Building C object esp-idf/espressif__esp_video/CMakeFiles/__idf_espressif__esp_video.dir/src/esp_video_buffer.c.obj
[1845/2138] Building C object esp-idf/espressif__esp_video/CMakeFiles/__idf_espressif__esp_video.dir/src/esp_video_init.c.obj
[1846/2138] Building C object esp-idf/espressif__esp_video/CMakeFiles/__idf_espressif__esp_video.dir/src/esp_video_ioctl.c.obj
[1847/2138] Building C object esp-idf/espressif__esp_video/CMakeFiles/__idf_espressif__esp_video.dir/src/esp_video_mman.c.obj
[1848/2138] Building C object esp-idf/espressif__esp_video/CMakeFiles/__idf_espressif__esp_video.dir/src/esp_video_vfs.c.obj
[1849/2138] Building C object esp-idf/espressif__esp_video/CMakeFiles/__idf_espressif__esp_video.dir/src/esp_video.c.obj
[1850/2138] Building C object esp-idf/espressif__esp_video/CMakeFiles/__idf_espressif__esp_video.dir/src/esp_video_cam.c.obj
[1851/2138] Building C object esp-idf/espressif__esp_video/CMakeFiles/__idf_espressif__esp_video.dir/src/data_reprocessing/esp32p4/esp_video_swap_short.c.obj
[1852/2138] Building ASM object esp-idf/espressif__esp_video/CMakeFiles/__idf_espressif__esp_video.dir/src/data_reprocessing/esp32p4/esp_video_swap_short.S.obj
[1853/2138] Building C object esp-idf/espressif__esp_video/CMakeFiles/__idf_espressif__esp_video.dir/src/data_reprocessing/esp32p4/esp_video_swap_byte.c.obj
[1854/2138] Building ASM object esp-idf/espressif__esp_video/CMakeFiles/__idf_espressif__esp_video.dir/src/data_reprocessing/esp32p4/esp_video_swap_byte.S.obj
[1855/2138] Building C object esp-idf/espressif__esp_video/CMakeFiles/__idf_espressif__esp_video.dir/src/device/esp_video_csi_device.c.obj
[1856/2138] Building C object esp-idf/espressif__esp_video/CMakeFiles/__idf_espressif__esp_video.dir/src/device/esp_video_dvp_device.c.obj
[1857/2138] Building C object esp-idf/espressif__esp_lcd_ili9881c/CMakeFiles/__idf_espressif__esp_lcd_ili9881c.dir/esp_lcd_ili9881c.c.obj
[1858/2138] Building C object esp-idf/espressif__esp_lcd_st7123/CMakeFiles/__idf_espressif__esp_lcd_st7123.dir/esp_lcd_st7123.c.obj
[1859/2138] Linking C static library esp-idf\espressif__esp_lcd_touch\libespressif__esp_lcd_touch.a
[1860/2138] Building C object esp-idf/espressif__esp_lcd_touch_gt911/CMakeFiles/__idf_espressif__esp_lcd_touch_gt911.dir/esp_lcd_touch_gt911.c.obj
[1861/2138] Building C object esp-idf/espressif__esp_lcd_touch_st7123/CMakeFiles/__idf_espressif__esp_lcd_touch_st7123.dir/esp_lcd_touch_st7123.c.obj
[1862/2138] Building C object esp-idf/chmorgan__esp-libhelix-mp3/CMakeFiles/__idf_chmorgan__esp-libhelix-mp3.dir/libhelix-mp3/mp3dec.c.obj
[1863/2138] Building C object esp-idf/chmorgan__esp-libhelix-mp3/CMakeFiles/__idf_chmorgan__esp-libhelix-mp3.dir/libhelix-mp3/mp3tabs.c.obj
[1864/2138] Building C object esp-idf/chmorgan__esp-libhelix-mp3/CMakeFiles/__idf_chmorgan__esp-libhelix-mp3.dir/libhelix-mp3/real/bitstream.c.obj
[1865/2138] Building C object esp-idf/chmorgan__esp-libhelix-mp3/CMakeFiles/__idf_chmorgan__esp-libhelix-mp3.dir/libhelix-mp3/real/buffers.c.obj
[1866/2138] Building C object esp-idf/chmorgan__esp-libhelix-mp3/CMakeFiles/__idf_chmorgan__esp-libhelix-mp3.dir/libhelix-mp3/real/dct32.c.obj
[1867/2138] Linking C static library esp-idf\espressif__usb_host_uvc\libespressif__usb_host_uvc.a
[1868/2138] Building C object esp-idf/chmorgan__esp-libhelix-mp3/CMakeFiles/__idf_chmorgan__esp-libhelix-mp3.dir/libhelix-mp3/real/dequant.c.obj
[1869/2138] Building C object esp-idf/chmorgan__esp-libhelix-mp3/CMakeFiles/__idf_chmorgan__esp-libhelix-mp3.dir/libhelix-mp3/real/dqchan.c.obj
[1870/2138] Building C object esp-idf/chmorgan__esp-libhelix-mp3/CMakeFiles/__idf_chmorgan__esp-libhelix-mp3.dir/libhelix-mp3/real/huffman.c.obj
[1871/2138] Building C object esp-idf/chmorgan__esp-libhelix-mp3/CMakeFiles/__idf_chmorgan__esp-libhelix-mp3.dir/libhelix-mp3/real/hufftabs.c.obj
[1872/2138] Building C object esp-idf/chmorgan__esp-libhelix-mp3/CMakeFiles/__idf_chmorgan__esp-libhelix-mp3.dir/libhelix-mp3/real/imdct.c.obj
[1873/2138] Building C object esp-idf/chmorgan__esp-libhelix-mp3/CMakeFiles/__idf_chmorgan__esp-libhelix-mp3.dir/libhelix-mp3/real/polyphase.c.obj
[1874/2138] Building C object esp-idf/chmorgan__esp-libhelix-mp3/CMakeFiles/__idf_chmorgan__esp-libhelix-mp3.dir/libhelix-mp3/real/scalfact.c.obj
[1875/2138] Building C object esp-idf/chmorgan__esp-libhelix-mp3/CMakeFiles/__idf_chmorgan__esp-libhelix-mp3.dir/libhelix-mp3/real/stproc.c.obj
[1876/2138] Building C object esp-idf/chmorgan__esp-libhelix-mp3/CMakeFiles/__idf_chmorgan__esp-libhelix-mp3.dir/libhelix-mp3/real/subband.c.obj
[1877/2138] Building C object esp-idf/chmorgan__esp-libhelix-mp3/CMakeFiles/__idf_chmorgan__esp-libhelix-mp3.dir/libhelix-mp3/real/trigtabs.c.obj
[1878/2138] Building C object esp-idf/espressif__esp_video/CMakeFiles/__idf_espressif__esp_video.dir/src/device/esp_video_isp_device.c.obj
C:/Users/BEAST MODE/Desktop/Modulus Convert to ZIG/firmware/tab5/managed_components/espressif__esp_video/src/device/esp_video_isp_device.c: In function 'isp_init_awb_param':
C:/Users/BEAST MODE/Desktop/Modulus Convert to ZIG/firmware/tab5/managed_components/espressif__esp_video/src/device/esp_video_isp_device.c:686:5: warning: 'ISP_AWB_SAMPLE_POINT_BEFORE_CCM' is deprecated: Use ISP_AWB_SAMPLE_POINT_0 instead [-Wdeprecated-declarations]
  686 |     awb_config->sample_point = ISP_AWB_SAMPLE_POINT_BEFORE_CCM;
      |     ^~~~~~~~~~
In file included from C:/Espressif/frameworks/esp-idf-v6.0.1/components/esp_hal_cam/esp32p4/include/hal/isp_ll.h:16,
                 from C:/Users/BEAST MODE/Desktop/Modulus Convert to ZIG/firmware/tab5/managed_components/espressif__esp_video/src/device/esp_video_isp_device.c:16:
C:/Espressif/frameworks/esp-idf-v6.0.1/components/esp_hal_cam/include/hal/isp_types.h:144:5: note: declared here
  144 |     ISP_AWB_SAMPLE_POINT_BEFORE_CCM __attribute__((deprecated("Use ISP_AWB_SAMPLE_POINT_0 instead"))) = ISP_AWB_SAMPLE_POINT_0,    ///< Deprecated alias of `ISP_AWB_SAMPLE_POINT_0`
      |     ^~~~~~~~~~~~~~~~~~~~~~~~~~~~~~~
C:/Users/BEAST MODE/Desktop/Modulus Convert to ZIG/firmware/tab5/managed_components/espressif__esp_video/src/device/esp_video_isp_device.c: In function 'isp_start_ae':
C:/Users/BEAST MODE/Desktop/Modulus Convert to ZIG/firmware/tab5/managed_components/espressif__esp_video/src/device/esp_video_isp_device.c:909:9: warning: 'ISP_AE_SAMPLE_POINT_AFTER_DEMOSAIC' is deprecated: Use ISP_AE_SAMPLE_POINT_0 instead [-Wdeprecated-declarations]
  909 |         .sample_point = ISP_AE_SAMPLE_POINT_AFTER_DEMOSAIC,
      |         ^
C:/Espressif/frameworks/esp-idf-v6.0.1/components/esp_hal_cam/include/hal/isp_types.h:113:5: note: declared here
  113 |     ISP_AE_SAMPLE_POINT_AFTER_DEMOSAIC __attribute__((deprecated("Use ISP_AE_SAMPLE_POINT_0 instead"))) = ISP_AE_SAMPLE_POINT_0,    ///< Deprecated alias of `ISP_AE_SAMPLE_POINT_0`
      |     ^~~~~~~~~~~~~~~~~~~~~~~~~~~~~~~~~~
[1879/2138] Building C object esp-idf/esp_driver_tsens/CMakeFiles/__idf_esp_driver_tsens.dir/src/temperature_sensor.c.obj
[1880/2138] Building C object esp-idf/esp_driver_tsens/CMakeFiles/__idf_esp_driver_tsens.dir/src/temperature_sensor_etm.c.obj
[1881/2138] Building C object esp-idf/esp_driver_twai/CMakeFiles/__idf_esp_driver_twai.dir/esp_twai.c.obj
[1882/2138] Building C object esp-idf/esp_driver_twai/CMakeFiles/__idf_esp_driver_twai.dir/esp_twai_onchip.c.obj
[1883/2138] Linking C static library esp-idf\espressif__esp_h264\libespressif__esp_h264.a
[1884/2138] Linking C static library esp-idf\espressif__bmi270\libespressif__bmi270.a
[1885/2138] Linking C static library esp-idf\espressif__esp_io_expander_pi4ioe5v6408\libespressif__esp_io_expander_pi4ioe5v6408.a
[1886/2138] Linking C static library esp-idf\espressif__esp_lcd_ili9881c\libespressif__esp_lcd_ili9881c.a
[1887/2138] Linking C static library esp-idf\espressif__esp_lcd_st7123\libespressif__esp_lcd_st7123.a
[1888/2138] Linking C static library esp-idf\espressif__esp_lcd_touch_gt911\libespressif__esp_lcd_touch_gt911.a
[1889/2138] Linking C static library esp-idf\espressif__esp_lcd_touch_st7123\libespressif__esp_lcd_touch_st7123.a
[1890/2138] Building C object esp-idf/espressif__m5stack_tab5/CMakeFiles/__idf_espressif__m5stack_tab5.dir/src/bsp_audio.c.obj
[1891/2138] Building C object esp-idf/espressif__m5stack_tab5/CMakeFiles/__idf_espressif__m5stack_tab5.dir/src/bsp_camera.c.obj
[1892/2138] Building C object esp-idf/espressif__m5stack_tab5/CMakeFiles/__idf_espressif__m5stack_tab5.dir/src/bsp_display.c.obj
[1893/2138] Building C object esp-idf/espressif__m5stack_tab5/CMakeFiles/__idf_espressif__m5stack_tab5.dir/src/bsp_feature_en.c.obj
[1894/2138] Building C object esp-idf/espressif__m5stack_tab5/CMakeFiles/__idf_espressif__m5stack_tab5.dir/src/bsp_i2c.c.obj
[1895/2138] Building C object esp-idf/espressif__m5stack_tab5/CMakeFiles/__idf_espressif__m5stack_tab5.dir/src/bsp_io_expander.c.obj
[1896/2138] Building C object esp-idf/espressif__m5stack_tab5/CMakeFiles/__idf_espressif__m5stack_tab5.dir/src/bsp_sensors.c.obj
[1897/2138] Building C object esp-idf/espressif__m5stack_tab5/CMakeFiles/__idf_espressif__m5stack_tab5.dir/src/bsp_storage.c.obj
[1898/2138] Building C object esp-idf/espressif__m5stack_tab5/CMakeFiles/__idf_espressif__m5stack_tab5.dir/src/bsp_usb.c.obj
[1899/2138] Building C object esp-idf/espressif__esp_hosted/CMakeFiles/__idf_espressif__esp_hosted.dir/host/api/src/esp_wifi_weak.c.obj
[1900/2138] Building C object esp-idf/espressif__esp_hosted/CMakeFiles/__idf_espressif__esp_hosted.dir/host/api/src/esp_hosted_api.c.obj
[1901/2138] Building C object esp-idf/espressif__esp_hosted/CMakeFiles/__idf_espressif__esp_hosted.dir/host/api/src/esp_hosted_transport_config.c.obj
[1902/2138] Building C object esp-idf/espressif__esp_hosted/CMakeFiles/__idf_espressif__esp_hosted.dir/host/api/src/esp_hosted_ota_api.c.obj
[1903/2138] Building C object esp-idf/espressif__esp_hosted/CMakeFiles/__idf_espressif__esp_hosted.dir/host/drivers/transport/transport_drv.c.obj
[1904/2138] Linking C static library esp-idf\spiffs\libspiffs.a
[1905/2138] Building C object esp-idf/espressif__esp_hosted/CMakeFiles/__idf_espressif__esp_hosted.dir/host/drivers/serial/serial_ll_if.c.obj
[1906/2138] Building C object esp-idf/espressif__esp_hosted/CMakeFiles/__idf_espressif__esp_hosted.dir/host/utils/stats.c.obj
[1907/2138] Building C object esp-idf/espressif__esp_hosted/CMakeFiles/__idf_espressif__esp_hosted.dir/host/drivers/serial/serial_drv.c.obj
[1908/2138] Building C object esp-idf/espressif__esp_hosted/CMakeFiles/__idf_espressif__esp_hosted.dir/host/drivers/rpc/core/rpc_core.c.obj
[1909/2138] Linking C static library esp-idf\fatfs\libfatfs.a
[1910/2138] Building C object esp-idf/espressif__esp_hosted/CMakeFiles/__idf_espressif__esp_hosted.dir/host/drivers/rpc/core/rpc_req.c.obj
[1911/2138] Building C object esp-idf/espressif__esp_hosted/CMakeFiles/__idf_espressif__esp_hosted.dir/host/drivers/rpc/core/rpc_rsp.c.obj
[1912/2138] Building C object esp-idf/espressif__esp_hosted/CMakeFiles/__idf_espressif__esp_hosted.dir/host/drivers/rpc/core/rpc_evt.c.obj
[1913/2138] Building C object esp-idf/espressif__esp_hosted/CMakeFiles/__idf_espressif__esp_hosted.dir/host/drivers/rpc/core/rpc_utils.c.obj
[1914/2138] Building C object esp-idf/espressif__esp_hosted/CMakeFiles/__idf_espressif__esp_hosted.dir/host/drivers/rpc/slaveif/rpc_slave_if.c.obj
[1915/2138] Building C object esp-idf/espressif__esp_hosted/CMakeFiles/__idf_espressif__esp_hosted.dir/host/drivers/rpc/wrap/rpc_wrap.c.obj
[1916/2138] Linking C static library esp-idf\console\libconsole.a
[1917/2138] Building C object esp-idf/espressif__esp_hosted/CMakeFiles/__idf_espressif__esp_hosted.dir/host/drivers/virtual_serial_if/serial_if.c.obj
[1918/2138] Building C object esp-idf/espressif__esp_hosted/CMakeFiles/__idf_espressif__esp_hosted.dir/host/drivers/mempool/mempool.c.obj
[1919/2138] Building C object esp-idf/espressif__esp_hosted/CMakeFiles/__idf_espressif__esp_hosted.dir/common/protobuf-c/protobuf-c/protobuf-c.c.obj
[1920/2138] Building C object esp-idf/espressif__esp_hosted/CMakeFiles/__idf_espressif__esp_hosted.dir/common/proto/esp_hosted_rpc.pb-c.c.obj
[1921/2138] Linking C static library esp-idf\espressif__esp_codec_dev\libespressif__esp_codec_dev.a
[1922/2138] Building C object esp-idf/espressif__esp_hosted/CMakeFiles/__idf_espressif__esp_hosted.dir/common/utils/esp_hosted_cli.c.obj
[1923/2138] Building C object esp-idf/espressif__esp_hosted/CMakeFiles/__idf_espressif__esp_hosted.dir/host/drivers/bt/hci_stub_drv.c.obj
[1924/2138] Building C object esp-idf/espressif__esp_hosted/CMakeFiles/__idf_espressif__esp_hosted.dir/host/drivers/power_save/power_save_drv.c.obj
[1925/2138] Building C object esp-idf/espressif__esp_hosted/CMakeFiles/__idf_espressif__esp_hosted.dir/host/drivers/transport/sdio/sdio_drv.c.obj
[1926/2138] Building C object esp-idf/espressif__esp_hosted/CMakeFiles/__idf_espressif__esp_hosted.dir/host/port/esp/freertos/src/port_esp_hosted_host_init.c.obj
[1927/2138] Building C object esp-idf/espressif__esp_hosted/CMakeFiles/__idf_espressif__esp_hosted.dir/host/port/esp/freertos/src/port_esp_hosted_host_os.c.obj
[1928/2138] Building C object esp-idf/espressif__esp_hosted/CMakeFiles/__idf_espressif__esp_hosted.dir/host/port/esp/freertos/src/port_esp_hosted_host_transport_defaults.c.obj
[1929/2138] Building C object esp-idf/espressif__esp_hosted/CMakeFiles/__idf_espressif__esp_hosted.dir/host/port/esp/freertos/src/port_esp_hosted_host_sdio.c.obj
[1930/2138] Building CXX object esp-idf/chmorgan__esp-audio-player/CMakeFiles/__idf_chmorgan__esp-audio-player.dir/audio_player.cpp.obj
[1931/2138] Building CXX object esp-idf/chmorgan__esp-audio-player/CMakeFiles/__idf_chmorgan__esp-audio-player.dir/audio_mp3.cpp.obj
[1932/2138] Building CXX object esp-idf/chmorgan__esp-audio-player/CMakeFiles/__idf_chmorgan__esp-audio-player.dir/audio_wav.cpp.obj
[1933/2138] Linking C static library esp-idf\esp_driver_tsens\libesp_driver_tsens.a
[1934/2138] Linking C static library esp-idf\esp_driver_twai\libesp_driver_twai.a
[1935/2138] Linking C static library esp-idf\espressif__esp_video\libespressif__esp_video.a
[1936/2138] Building C object esp-idf/protobuf-c/CMakeFiles/__idf_protobuf-c.dir/protobuf-c/protobuf-c/protobuf-c.c.obj
[1937/2138] Building C object esp-idf/unity/CMakeFiles/__idf_unity.dir/unity/src/unity.c.obj
[1938/2138] Building C object esp-idf/unity/CMakeFiles/__idf_unity.dir/unity_compat.c.obj
[1939/2138] Building C object esp-idf/unity/CMakeFiles/__idf_unity.dir/unity_runner.c.obj
[1940/2138] Building C object esp-idf/unity/CMakeFiles/__idf_unity.dir/unity_utils_freertos.c.obj
[1941/2138] Building C object esp-idf/unity/CMakeFiles/__idf_unity.dir/unity_utils_cache.c.obj
[1942/2138] Building C object esp-idf/unity/CMakeFiles/__idf_unity.dir/unity_utils_memory.c.obj
[1943/2138] Building C object esp-idf/unity/CMakeFiles/__idf_unity.dir/unity_port_esp32.c.obj
[1944/2138] Building C object esp-idf/unity/CMakeFiles/__idf_unity.dir/port/esp/unity_utils_memory_esp.c.obj
[1945/2138] Building C object esp-idf/esp_hal_ana_cmpr/CMakeFiles/__idf_esp_hal_ana_cmpr.dir/esp32p4/ana_cmpr_periph.c.obj
[1946/2138] Building C object esp-idf/esp_hal_i3c/CMakeFiles/__idf_esp_hal_i3c.dir/i3c_master_hal.c.obj
[1947/2138] Building C object esp-idf/esp_hal_i3c/CMakeFiles/__idf_esp_hal_i3c.dir/esp32p4/i3c_master_periph.c.obj
[1948/2138] Building C object esp-idf/esp_hal_jpeg/CMakeFiles/__idf_esp_hal_jpeg.dir/jpeg_hal.c.obj
[1949/2138] Building C object esp-idf/esp_hal_jpeg/CMakeFiles/__idf_esp_hal_jpeg.dir/esp32p4/jpeg_periph.c.obj
[1950/2138] Building C object esp-idf/esp_hal_mcpwm/CMakeFiles/__idf_esp_hal_mcpwm.dir/mcpwm_hal.c.obj
[1951/2138] Building C object esp-idf/esp_hal_mcpwm/CMakeFiles/__idf_esp_hal_mcpwm.dir/esp32p4/mcpwm_periph.c.obj
[1952/2138] Building C object esp-idf/esp_hal_pcnt/CMakeFiles/__idf_esp_hal_pcnt.dir/pcnt_hal.c.obj
[1953/2138] Building C object esp-idf/esp_hal_pcnt/CMakeFiles/__idf_esp_hal_pcnt.dir/esp32p4/pcnt_periph.c.obj
[1954/2138] Building C object esp-idf/esp_hal_rmt/CMakeFiles/__idf_esp_hal_rmt.dir/rmt_hal.c.obj
[1955/2138] Building C object esp-idf/esp_hal_rmt/CMakeFiles/__idf_esp_hal_rmt.dir/esp32p4/rmt_periph.c.obj
[1956/2138] Building C object esp-idf/esp_hal_emac/CMakeFiles/__idf_esp_hal_emac.dir/emac_hal.c.obj
[1957/2138] Building C object esp-idf/esp_hal_emac/CMakeFiles/__idf_esp_hal_emac.dir/esp32p4/emac_periph.c.obj
[1958/2138] Building C object esp-idf/esp_hal_emac/CMakeFiles/__idf_esp_hal_emac.dir/esp32p4/emac_clk.c.obj
[1959/2138] Building C object esp-idf/esp_https_server/CMakeFiles/__idf_esp_https_server.dir/src/https_server.c.obj
[1960/2138] Linking C static library esp-idf\protobuf-c\libprotobuf-c.a
[1961/2138] Building C object esp-idf/protocomm/CMakeFiles/__idf_protocomm.dir/src/common/protocomm.c.obj
[1962/2138] Building C object esp-idf/protocomm/CMakeFiles/__idf_protocomm.dir/proto-c/constants.pb-c.c.obj
[1963/2138] Building C object esp-idf/protocomm/CMakeFiles/__idf_protocomm.dir/proto-c/sec0.pb-c.c.obj
[1964/2138] Building C object esp-idf/protocomm/CMakeFiles/__idf_protocomm.dir/proto-c/sec1.pb-c.c.obj
[1965/2138] Building C object esp-idf/protocomm/CMakeFiles/__idf_protocomm.dir/proto-c/sec2.pb-c.c.obj
[1966/2138] Linking C static library esp-idf\chmorgan__esp-libhelix-mp3\libchmorgan__esp-libhelix-mp3.a
[1967/2138] Building C object esp-idf/protocomm/CMakeFiles/__idf_protocomm.dir/proto-c/session.pb-c.c.obj
[1968/2138] Building C object esp-idf/protocomm/CMakeFiles/__idf_protocomm.dir/src/transports/protocomm_console.c.obj
[1969/2138] Building C object esp-idf/protocomm/CMakeFiles/__idf_protocomm.dir/src/transports/protocomm_httpd.c.obj
[1970/2138] Building C object esp-idf/protocomm/CMakeFiles/__idf_protocomm.dir/src/security/security2.c.obj
[1971/2138] Building C object esp-idf/protocomm/CMakeFiles/__idf_protocomm.dir/src/crypto/srp6a/esp_srp.c.obj
[1972/2138] Building C object esp-idf/protocomm/CMakeFiles/__idf_protocomm.dir/src/crypto/srp6a/esp_srp_mpi.c.obj
[1973/2138] Building C object esp-idf/chmorgan__esp-file-iterator/CMakeFiles/__idf_chmorgan__esp-file-iterator.dir/file_iterator.c.obj
[1974/2138] Building C object esp-idf/esp_driver_gptimer/CMakeFiles/__idf_esp_driver_gptimer.dir/src/gptimer.c.obj
[1975/2138] Building C object esp-idf/esp_driver_gptimer/CMakeFiles/__idf_esp_driver_gptimer.dir/src/gptimer_common.c.obj
[1976/2138] Building C object esp-idf/esp_driver_gptimer/CMakeFiles/__idf_esp_driver_gptimer.dir/esp32p4/timer_retention.c.obj
[1977/2138] Building C object esp-idf/esp_driver_gptimer/CMakeFiles/__idf_esp_driver_gptimer.dir/src/gptimer_etm.c.obj
[1978/2138] Building C object esp-idf/cmock/CMakeFiles/__idf_cmock.dir/CMock/src/cmock.c.obj
[1979/2138] Building C object esp-idf/esp_blockdev_util/CMakeFiles/__idf_esp_blockdev_util.dir/generic_partition.c.obj
[1980/2138] Building C object esp-idf/esp_blockdev_util/CMakeFiles/__idf_esp_blockdev_util.dir/memory.c.obj
[1981/2138] Linking C static library esp-idf\esp_hal_ana_cmpr\libesp_hal_ana_cmpr.a
[1982/2138] Building C object esp-idf/esp_driver_ana_cmpr/CMakeFiles/__idf_esp_driver_ana_cmpr.dir/ana_cmpr.c.obj
[1983/2138] Building C object esp-idf/esp_driver_ana_cmpr/CMakeFiles/__idf_esp_driver_ana_cmpr.dir/ana_cmpr_etm.c.obj
[1984/2138] Linking C static library esp-idf\esp_hal_i3c\libesp_hal_i3c.a
[1985/2138] Building C object esp-idf/esp_driver_i3c/CMakeFiles/__idf_esp_driver_i3c.dir/i3c_master.c.obj
[1986/2138] Linking C static library esp-idf\esp_hal_jpeg\libesp_hal_jpeg.a
[1987/2138] Building C object esp-idf/esp_driver_jpeg/CMakeFiles/__idf_esp_driver_jpeg.dir/jpeg_common.c.obj
[1988/2138] Linking C static library esp-idf\chmorgan__esp-audio-player\libchmorgan__esp-audio-player.a
[1989/2138] Building C object esp-idf/esp_driver_jpeg/CMakeFiles/__idf_esp_driver_jpeg.dir/jpeg_param.c.obj
[1990/2138] Building C object esp-idf/esp_driver_jpeg/CMakeFiles/__idf_esp_driver_jpeg.dir/jpeg_parse_marker.c.obj
[1991/2138] Building C object esp-idf/esp_driver_jpeg/CMakeFiles/__idf_esp_driver_jpeg.dir/jpeg_decode.c.obj
[1992/2138] Building C object esp-idf/esp_driver_jpeg/CMakeFiles/__idf_esp_driver_jpeg.dir/jpeg_emit_marker.c.obj
[1993/2138] Building C object esp-idf/esp_driver_jpeg/CMakeFiles/__idf_esp_driver_jpeg.dir/jpeg_encode.c.obj
[1994/2138] Linking C static library esp-idf\esp_hal_mcpwm\libesp_hal_mcpwm.a
[1995/2138] Building C object esp-idf/esp_driver_mcpwm/CMakeFiles/__idf_esp_driver_mcpwm.dir/src/mcpwm_cap.c.obj
[1996/2138] Building C object esp-idf/esp_driver_mcpwm/CMakeFiles/__idf_esp_driver_mcpwm.dir/src/mcpwm_cmpr.c.obj
[1997/2138] Building C object esp-idf/esp_driver_mcpwm/CMakeFiles/__idf_esp_driver_mcpwm.dir/src/mcpwm_com.c.obj
[1998/2138] Building C object esp-idf/esp_driver_mcpwm/CMakeFiles/__idf_esp_driver_mcpwm.dir/src/mcpwm_fault.c.obj
[1999/2138] Building C object esp-idf/esp_driver_mcpwm/CMakeFiles/__idf_esp_driver_mcpwm.dir/src/mcpwm_gen.c.obj
[2000/2138] Building C object esp-idf/esp_driver_mcpwm/CMakeFiles/__idf_esp_driver_mcpwm.dir/src/mcpwm_oper.c.obj
[2001/2138] Building C object esp-idf/esp_driver_mcpwm/CMakeFiles/__idf_esp_driver_mcpwm.dir/src/mcpwm_sync.c.obj
[2002/2138] Building C object esp-idf/esp_driver_mcpwm/CMakeFiles/__idf_esp_driver_mcpwm.dir/src/mcpwm_timer.c.obj
[2003/2138] Linking C static library esp-idf\unity\libunity.a
[2004/2138] Building C object esp-idf/esp_driver_mcpwm/CMakeFiles/__idf_esp_driver_mcpwm.dir/esp32p4/mcpwm_retention.c.obj
[2005/2138] Building C object esp-idf/esp_driver_mcpwm/CMakeFiles/__idf_esp_driver_mcpwm.dir/src/mcpwm_etm.c.obj
[2006/2138] Linking C static library esp-idf\esp_hal_pcnt\libesp_hal_pcnt.a
[2007/2138] Building C object esp-idf/esp_driver_pcnt/CMakeFiles/__idf_esp_driver_pcnt.dir/src/pulse_cnt.c.obj
[2008/2138] Linking C static library esp-idf\esp_hal_rmt\libesp_hal_rmt.a
[2009/2138] Building C object esp-idf/esp_driver_rmt/CMakeFiles/__idf_esp_driver_rmt.dir/src/rmt_common.c.obj
[2010/2138] Building C object esp-idf/esp_driver_rmt/CMakeFiles/__idf_esp_driver_rmt.dir/src/rmt_encoder.c.obj
[2011/2138] Building C object esp-idf/esp_driver_rmt/CMakeFiles/__idf_esp_driver_rmt.dir/src/rmt_encoder_bytes.c.obj
[2012/2138] Building C object esp-idf/esp_driver_rmt/CMakeFiles/__idf_esp_driver_rmt.dir/src/rmt_encoder_copy.c.obj
[2013/2138] Building C object esp-idf/esp_driver_rmt/CMakeFiles/__idf_esp_driver_rmt.dir/src/rmt_encoder_simple.c.obj
[2014/2138] Building C object esp-idf/esp_driver_rmt/CMakeFiles/__idf_esp_driver_rmt.dir/src/rmt_rx.c.obj
[2015/2138] Building C object esp-idf/esp_driver_rmt/CMakeFiles/__idf_esp_driver_rmt.dir/src/rmt_tx.c.obj
[2016/2138] Building C object esp-idf/esp_driver_rmt/CMakeFiles/__idf_esp_driver_rmt.dir/esp32p4/rmt_retention.c.obj
[2017/2138] Building C object esp-idf/esp_driver_rmt/CMakeFiles/__idf_esp_driver_rmt.dir/src/rmt_encoder_bs.c.obj
[2018/2138] Building C object esp-idf/esp_driver_sdm/CMakeFiles/__idf_esp_driver_sdm.dir/src/sdm.c.obj
[2019/2138] Linking C static library esp-idf\espressif__esp_hosted\libespressif__esp_hosted.a
[2020/2138] Building C object esp-idf/esp_driver_touch_sens/CMakeFiles/__idf_esp_driver_touch_sens.dir/common/touch_sens_common.c.obj
[2021/2138] Building C object esp-idf/esp_driver_touch_sens/CMakeFiles/__idf_esp_driver_touch_sens.dir/hw_ver3/touch_version_specific.c.obj
[2022/2138] Linking C static library esp-idf\esp_hal_emac\libesp_hal_emac.a
[2023/2138] Building C object esp-idf/esp_eth/CMakeFiles/__idf_esp_eth.dir/src/esp_eth.c.obj
[2024/2138] Building C object esp-idf/esp_eth/CMakeFiles/__idf_esp_eth.dir/src/phy/esp_eth_phy_802_3.c.obj
[2025/2138] Building C object esp-idf/esp_eth/CMakeFiles/__idf_esp_eth.dir/src/esp_eth_netif_glue.c.obj
[2026/2138] Building C object esp-idf/esp_eth/CMakeFiles/__idf_esp_eth.dir/src/mac/esp_eth_mac_esp.c.obj
[2027/2138] Building C object esp-idf/esp_eth/CMakeFiles/__idf_esp_eth.dir/src/mac/esp_eth_mac_esp_dma.c.obj
[2028/2138] Building C object esp-idf/esp_eth/CMakeFiles/__idf_esp_eth.dir/src/mac/esp_eth_mac_esp_gpio.c.obj
[2029/2138] Building C object esp-idf/esp_eth/CMakeFiles/__idf_esp_eth.dir/src/phy/esp_eth_phy_generic.c.obj
[2030/2138] Building C object esp-idf/esp_eth/CMakeFiles/__idf_esp_eth.dir/src/eth_clock/esp_eth_clock.c.obj
[2031/2138] Building C object esp-idf/esp_hid/CMakeFiles/__idf_esp_hid.dir/src/esp_hidd.c.obj
[2032/2138] Building C object esp-idf/esp_hid/CMakeFiles/__idf_esp_hid.dir/src/esp_hidh.c.obj
[2033/2138] Building C object esp-idf/esp_hid/CMakeFiles/__idf_esp_hid.dir/src/esp_hid_common.c.obj
[2034/2138] Linking C static library esp-idf\esp_https_server\libesp_https_server.a
[2035/2138] Building C object esp-idf/esp_local_ctrl/CMakeFiles/__idf_esp_local_ctrl.dir/src/esp_local_ctrl.c.obj
[2036/2138] Building C object esp-idf/esp_local_ctrl/CMakeFiles/__idf_esp_local_ctrl.dir/src/esp_local_ctrl_handler.c.obj
[2037/2138] Building C object esp-idf/esp_local_ctrl/CMakeFiles/__idf_esp_local_ctrl.dir/proto-c/esp_local_ctrl.pb-c.c.obj
[2038/2138] Building C object esp-idf/esp_local_ctrl/CMakeFiles/__idf_esp_local_ctrl.dir/src/esp_local_ctrl_transport_httpd.c.obj
[2039/2138] Building C object esp-idf/rt/CMakeFiles/__idf_rt.dir/FreeRTOS_POSIX_mqueue.c.obj
[2040/2138] Building C object esp-idf/rt/CMakeFiles/__idf_rt.dir/FreeRTOS_POSIX_utils.c.obj
[2041/2138] Linking C static library esp-idf\chmorgan__esp-file-iterator\libchmorgan__esp-file-iterator.a
[2042/2138] Linking C static library esp-idf\cmock\libcmock.a
[2043/2138] Linking C static library esp-idf\esp_blockdev_util\libesp_blockdev_util.a
[2044/2138] Linking C static library esp-idf\protocomm\libprotocomm.a
[2045/2138] Linking C static library esp-idf\esp_driver_i3c\libesp_driver_i3c.a
[2046/2138] Linking C static library esp-idf\esp_driver_gptimer\libesp_driver_gptimer.a
[2047/2138] Linking C static library esp-idf\esp_driver_ana_cmpr\libesp_driver_ana_cmpr.a
[2048/2138] Linking C static library esp-idf\esp_driver_pcnt\libesp_driver_pcnt.a
[2049/2138] Linking C static library esp-idf\esp_driver_sdm\libesp_driver_sdm.a
[2050/2138] Linking C static library esp-idf\esp_driver_touch_sens\libesp_driver_touch_sens.a
[2051/2138] Linking C static library esp-idf\esp_driver_jpeg\libesp_driver_jpeg.a
[2052/2138] Linking C static library esp-idf\rt\librt.a
[2053/2138] Linking C static library esp-idf\esp_hid\libesp_hid.a
[2054/2138] Linking C static library esp-idf\esp_driver_rmt\libesp_driver_rmt.a
[2055/2138] Linking C static library esp-idf\esp_driver_mcpwm\libesp_driver_mcpwm.a
[2056/2138] Linking C static library esp-idf\esp_local_ctrl\libesp_local_ctrl.a
[2057/2138] Linking C static library esp-idf\esp_eth\libesp_eth.a
[2058/2138] Performing configure step for 'bootloader'
-- Found Git: C:/Program Files/Git/cmd/git.exe (found version "2.53.0.windows.1")
-- Component directory C:/Espressif/frameworks/esp-idf-v6.0.1/components/idf_test does not contain a CMakeLists.txt file. No component will be added
-- Minimal build - OFF
-- The C compiler identification is GNU 15.2.0
-- The CXX compiler identification is GNU 15.2.0
-- The ASM compiler identification is GNU
-- Found assembler: C:/Espressif/tools/riscv32-esp-elf/esp-15.2.0_20251204/riscv32-esp-elf/bin/riscv32-esp-elf-gcc.exe
-- Detecting C compiler ABI info
-- Detecting C compiler ABI info - done
-- Check for working C compiler: C:/Espressif/tools/riscv32-esp-elf/esp-15.2.0_20251204/riscv32-esp-elf/bin/riscv32-esp-elf-gcc.exe - skipped
-- Detecting C compile features
-- Detecting C compile features - done
-- Detecting CXX compiler ABI info
-- Detecting CXX compiler ABI info - done
-- Check for working CXX compiler: C:/Espressif/tools/riscv32-esp-elf/esp-15.2.0_20251204/riscv32-esp-elf/bin/riscv32-esp-elf-g++.exe - skipped
-- Detecting CXX compile features
-- Detecting CXX compile features - done
-- Building ESP-IDF components for target esp32p4
-- ESP-TEE is currently supported only on the esp32c6;esp32h2;esp32c5;esp32c61 SoCs
-- KCONFIG_REPORT_VERBOSITY not set, using default
-- Project sdkconfig file C:/Users/BEAST MODE/Desktop/Modulus Convert to ZIG/firmware/tab5/sdkconfig
Configuration Report                                                            
 ╬ô├╢├ç╬ô├╢├ç╬ô├╢├ç╬ô├╢├ç╬ô├╢├ç╬ô├╢├ç╬ô├╢├ç╬ô├╢├ç╬ô├╢├ç╬ô├╢├ç╬ô├╢├ç╬ô├╢├ç╬ô├╢├ç╬ô├╢├ç╬ô├╢├ç╬ô├╢├ç╬ô├╢├ç╬ô├╢├ç╬ô├╢├ç╬ô├╢├ç╬ô├╢├ç╬ô├╢├ç╬ô├╢├ç╬ô├╢├ç╬ô├╢├ç╬ô├╢├ç╬ô├╢├ç╬ô├╢├ç╬ô├╢├ç╬ô├╢├ç╬ô├╢├ç╬ô├╢├ç╬ô├╢├ç╬ô├╢├ç╬ô├╢├ç╬ô├╢├ç╬ô├╢├ç╬ô├╢├ç╬ô├╢├ç╬ô├╢├ç╬ô├╢├ç╬ô├╢├ç╬ô├╢├ç╬ô├╢├ç╬ô├╢├ç╬ô├╢├ç╬ô├╢├ç╬ô├╢├ç╬ô├╢├ç╬ô├╢├ç╬ô├╢├ç╬ô├╢├ç╬ô├╢├ç╬ô├╢├ç╬ô├╢├ç╬ô├╢├ç╬ô├╢├ç╬ô├╢├ç╬ô├╢├ç╬ô├╢├ç╬ô├╢├ç╬ô├╢├ç╬ô├╢├ç╬ô├╢├ç╬ô├╢├ç╬ô├╢├ç╬ô├╢├ç╬ô├╢├ç╬ô├╢├ç╬ô├╢├ç╬ô├╢├ç╬ô├╢├ç╬ô├╢├ç╬ô├╢├ç╬ô├╢├ç╬ô├╢├ç╬ô├╢├ç╬ô├╢├ç 
   Parser Version: 1                                                            
   Verbosity: default                                                           
   Defaults policy: sdkconfig                                                   
   Status: Finished with notifications                                          
                                                                                
  Disabled Symbols/Choices With User-Set Value                                  
   ╬ô├╢├ç╬ô├╢├ç╬ô├╢├ç╬ô├╢├ç╬ô├╢├ç╬ô├╢├ç╬ô├╢├ç╬ô├╢├ç╬ô├╢├ç╬ô├╢├ç╬ô├╢├ç╬ô├╢├ç╬ô├╢├ç╬ô├╢├ç╬ô├╢├ç╬ô├╢├ç╬ô├╢├ç╬ô├╢├ç╬ô├╢├ç╬ô├╢├ç╬ô├╢├ç╬ô├╢├ç╬ô├╢├ç╬ô├╢├ç╬ô├╢├ç╬ô├╢├ç╬ô├╢├ç╬ô├╢├ç╬ô├╢├ç╬ô├╢├ç╬ô├╢├ç╬ô├╢├ç╬ô├╢├ç╬ô├╢├ç╬ô├╢├ç╬ô├╢├ç╬ô├╢├ç╬ô├╢├ç╬ô├╢├ç╬ô├╢├ç╬ô├╢├ç╬ô├╢├ç╬ô├╢├ç╬ô├╢├ç╬ô├╢├ç╬ô├╢├ç╬ô├╢├ç╬ô├╢├ç╬ô├╢├ç╬ô├╢├ç╬ô├╢├ç╬ô├╢├ç╬ô├╢├ç╬ô├╢├ç╬ô├╢├ç╬ô├╢├ç╬ô├╢├ç╬ô├╢├ç╬ô├╢├ç╬ô├╢├ç╬ô├╢├ç╬ô├╢├ç╬ô├╢├ç╬ô├╢├ç╬ô├╢├ç╬ô├╢├ç╬ô├╢├ç╬ô├╢├ç╬ô├╢├ç╬ô├╢├ç╬ô├╢├ç╬ô├╢├ç╬ô├╢├ç╬ô├╢├ç   
    * FREERTOS_TASK_CREATE_ALLOW_EXT_MEM (defined at                            
    C:/Espressif/frameworks/esp-idf-v6.0.1/components/freertos/Kconfig:573)     
    with user-set value y from C:/Users/BEAST MODE/Desktop/Modulus Convert      
    to ZIG/firmware/tab5/sdkconfig                                              
   ╬ô├╢├ç╬ô├╢├ç╬ô├╢├ç╬ô├╢├ç╬ô├╢├ç╬ô├╢├ç╬ô├╢├ç╬ô├╢├ç╬ô├╢├ç╬ô├╢├ç╬ô├╢├ç╬ô├╢├ç╬ô├╢├ç╬ô├╢├ç╬ô├╢├ç╬ô├╢├ç╬ô├╢├ç╬ô├╢├ç╬ô├╢├ç╬ô├╢├ç╬ô├╢├ç╬ô├╢├ç╬ô├╢├ç╬ô├╢├ç╬ô├╢├ç╬ô├╢├ç╬ô├╢├ç╬ô├╢├ç╬ô├╢├ç╬ô├╢├ç╬ô├╢├ç╬ô├╢├ç╬ô├╢├ç╬ô├╢├ç╬ô├╢├ç╬ô├╢├ç╬ô├╢├ç╬ô├╢├ç╬ô├╢├ç╬ô├╢├ç╬ô├╢├ç╬ô├╢├ç╬ô├╢├ç╬ô├╢├ç╬ô├╢├ç╬ô├╢├ç╬ô├╢├ç╬ô├╢├ç╬ô├╢├ç╬ô├╢├ç╬ô├╢├ç╬ô├╢├ç╬ô├╢├ç╬ô├╢├ç╬ô├╢├ç╬ô├╢├ç╬ô├╢├ç╬ô├╢├ç╬ô├╢├ç╬ô├╢├ç╬ô├╢├ç╬ô├╢├ç╬ô├╢├ç╬ô├╢├ç╬ô├╢├ç╬ô├╢├ç╬ô├╢├ç╬ô├╢├ç╬ô├╢├ç╬ô├╢├ç╬ô├╢├ç╬ô├╢├ç╬ô├╢├ç╬ô├╢├ç   
 ╬ô├╢├ç╬ô├╢├ç╬ô├╢├ç╬ô├╢├ç╬ô├╢├ç╬ô├╢├ç╬ô├╢├ç╬ô├╢├ç╬ô├╢├ç╬ô├╢├ç╬ô├╢├ç╬ô├╢├ç╬ô├╢├ç╬ô├╢├ç╬ô├╢├ç╬ô├╢├ç╬ô├╢├ç╬ô├╢├ç╬ô├╢├ç╬ô├╢├ç╬ô├╢├ç╬ô├╢├ç╬ô├╢├ç╬ô├╢├ç╬ô├╢├ç╬ô├╢├ç╬ô├╢├ç╬ô├╢├ç╬ô├╢├ç╬ô├╢├ç╬ô├╢├ç╬ô├╢├ç╬ô├╢├ç╬ô├╢├ç╬ô├╢├ç╬ô├╢├ç╬ô├╢├ç╬ô├╢├ç╬ô├╢├ç╬ô├╢├ç╬ô├╢├ç╬ô├╢├ç╬ô├╢├ç╬ô├╢├ç╬ô├╢├ç╬ô├╢├ç╬ô├╢├ç╬ô├╢├ç╬ô├╢├ç╬ô├╢├ç╬ô├╢├ç╬ô├╢├ç╬ô├╢├ç╬ô├╢├ç╬ô├╢├ç╬ô├╢├ç╬ô├╢├ç╬ô├╢├ç╬ô├╢├ç╬ô├╢├ç╬ô├╢├ç╬ô├╢├ç╬ô├╢├ç╬ô├╢├ç╬ô├╢├ç╬ô├╢├ç╬ô├╢├ç╬ô├╢├ç╬ô├╢├ç╬ô├╢├ç╬ô├╢├ç╬ô├╢├ç╬ô├╢├ç╬ô├╢├ç╬ô├╢├ç╬ô├╢├ç╬ô├╢├ç╬ô├╢├ç 
-- Detecting C compiler ABI info
-- Detecting C compiler ABI info - done
-- Detecting CXX compiler ABI info
-- Detecting CXX compiler ABI info - done
-- Detecting C compiler ABI info
-- Detecting C compiler ABI info - done
-- Detecting CXX compiler ABI info
-- Detecting CXX compiler ABI info - done
-- Detecting C compiler ABI info
-- Detecting C compiler ABI info - done
-- Detecting CXX compiler ABI info
-- Detecting CXX compiler ABI info - done
-- Adding linker script C:/Espressif/frameworks/esp-idf-v6.0.1/components/riscv/ld/rom.api.ld
-- Adding linker script C:/Espressif/frameworks/esp-idf-v6.0.1/components/soc/esp32p4/ld/esp32p4.peripherals.ld
-- Bootloader project name: "bootloader" version: 1
-- Adding linker script C:/Espressif/frameworks/esp-idf-v6.0.1/components/esp_hal_wdt/esp32p4/rom.wdt.ld
-- Adding linker script C:/Espressif/frameworks/esp-idf-v6.0.1/components/esp_hal_systimer/esp32p4/rom.systimer.ld
-- Adding linker script C:/Espressif/frameworks/esp-idf-v6.0.1/components/esp_rom/esp32p4/ld/esp32p4.rom.eco0_4.ld
-- Adding linker script C:/Espressif/frameworks/esp-idf-v6.0.1/components/esp_rom/esp32p4/ld/esp32p4.rom.api.ld
-- Adding linker script C:/Espressif/frameworks/esp-idf-v6.0.1/components/esp_rom/esp32p4/ld/esp32p4.rom.eco0_4.rvfp.ld
-- Adding linker script C:/Espressif/frameworks/esp-idf-v6.0.1/components/esp_rom/esp32p4/ld/esp32p4.rom.version.ld
-- Adding linker script C:/Espressif/frameworks/esp-idf-v6.0.1/components/esp_rom/esp32p4/ld/esp32p4.rom.eco0_4.libc.ld
-- Adding linker script C:/Espressif/frameworks/esp-idf-v6.0.1/components/esp_rom/esp32p4/ld/esp32p4.rom.libc-suboptimal_for_misaligned_mem.ld
-- Components: bootloader bootloader_support efuse esp_app_format esp_blockdev esp_bootloader_format esp_common esp_hal_ana_conv esp_hal_cam esp_hal_clock esp_hal_dma esp_hal_gpio esp_hal_gpspi esp_hal_mspi esp_hal_pmu esp_hal_regi2c esp_hal_rtc_timer esp_hal_security esp_hal_systimer esp_hal_timg esp_hal_uart esp_hal_usb esp_hal_wdt esp_hw_support esp_libc esp_rom esp_security esp_stdio esp_system esptool_py freertos hal log main micro-ecc partition_table riscv soc spi_flash
-- Component paths: C:/Espressif/frameworks/esp-idf-v6.0.1/components/bootloader C:/Espressif/frameworks/esp-idf-v6.0.1/components/bootloader_support C:/Espressif/frameworks/esp-idf-v6.0.1/components/efuse C:/Espressif/frameworks/esp-idf-v6.0.1/components/esp_app_format C:/Espressif/frameworks/esp-idf-v6.0.1/components/esp_blockdev C:/Espressif/frameworks/esp-idf-v6.0.1/components/esp_bootloader_format C:/Espressif/frameworks/esp-idf-v6.0.1/components/esp_common C:/Espressif/frameworks/esp-idf-v6.0.1/components/esp_hal_ana_conv C:/Espressif/frameworks/esp-idf-v6.0.1/components/esp_hal_cam C:/Espressif/frameworks/esp-idf-v6.0.1/components/esp_hal_clock C:/Espressif/frameworks/esp-idf-v6.0.1/components/esp_hal_dma C:/Espressif/frameworks/esp-idf-v6.0.1/components/esp_hal_gpio C:/Espressif/frameworks/esp-idf-v6.0.1/components/esp_hal_gpspi C:/Espressif/frameworks/esp-idf-v6.0.1/components/esp_hal_mspi C:/Espressif/frameworks/esp-idf-v6.0.1/components/esp_hal_pmu C:/Espressif/frameworks/esp-idf-v6.0.1/components/esp_hal_regi2c C:/Espressif/frameworks/esp-idf-v6.0.1/components/esp_hal_rtc_timer C:/Espressif/frameworks/esp-idf-v6.0.1/components/esp_hal_security C:/Espressif/frameworks/esp-idf-v6.0.1/components/esp_hal_systimer C:/Espressif/frameworks/esp-idf-v6.0.1/components/esp_hal_timg C:/Espressif/frameworks/esp-idf-v6.0.1/components/esp_hal_uart C:/Espressif/frameworks/esp-idf-v6.0.1/components/esp_hal_usb C:/Espressif/frameworks/esp-idf-v6.0.1/components/esp_hal_wdt C:/Espressif/frameworks/esp-idf-v6.0.1/components/esp_hw_support C:/Espressif/frameworks/esp-idf-v6.0.1/components/esp_libc C:/Espressif/frameworks/esp-idf-v6.0.1/components/esp_rom C:/Espressif/frameworks/esp-idf-v6.0.1/components/esp_security C:/Espressif/frameworks/esp-idf-v6.0.1/components/esp_stdio C:/Espressif/frameworks/esp-idf-v6.0.1/components/esp_system C:/Espressif/frameworks/esp-idf-v6.0.1/components/esptool_py C:/Espressif/frameworks/esp-idf-v6.0.1/components/freertos C:/Espressif/frameworks/esp-idf-v6.0.1/components/hal C:/Espressif/frameworks/esp-idf-v6.0.1/components/log C:/Espressif/frameworks/esp-idf-v6.0.1/components/bootloader/subproject/main C:/Espressif/frameworks/esp-idf-v6.0.1/components/bootloader/subproject/components/micro-ecc C:/Espressif/frameworks/esp-idf-v6.0.1/components/partition_table C:/Espressif/frameworks/esp-idf-v6.0.1/components/riscv C:/Espressif/frameworks/esp-idf-v6.0.1/components/soc C:/Espressif/frameworks/esp-idf-v6.0.1/components/spi_flash
-- Adding linker script C:/Espressif/frameworks/esp-idf-v6.0.1/components/bootloader/subproject/main/ld/esp32p4/bootloader.memory.ld.in
--   -> Preprocessing .in script: C:/Espressif/frameworks/esp-idf-v6.0.1/components/bootloader/subproject/main/ld/esp32p4/bootloader.memory.ld.in
-- Adding linker script C:/Espressif/frameworks/esp-idf-v6.0.1/components/bootloader/subproject/main/ld/esp32p4/bootloader.sections.ld.in
--   -> Preprocessing .in script: C:/Espressif/frameworks/esp-idf-v6.0.1/components/bootloader/subproject/main/ld/esp32p4/bootloader.sections.ld.in
-- Configuring done (15.9s)
-- Generating done (0.4s)
-- Build files have been written to: C:/Users/BEAST MODE/Desktop/Modulus Convert to ZIG/firmware/tab5/build/bootloader
[2059/2138] Linking C static library esp-idf\lvgl__lvgl\liblvgl__lvgl.a
[2060/2138] Linking CXX static library esp-idf\espressif__esp_lvgl_port\liblvgl_port_lib.a
[2061/2138] Linking C static library esp-idf\espressif__m5stack_tab5\libespressif__m5stack_tab5.a
[2062/2138] Generating ../../shutdown_sfx.mp3.S
[2063/2138] Generating ../../boot_sound.mp3.S
[2064/2138] Building C object esp-idf/modulus_zig/CMakeFiles/__idf_modulus_zig.dir/nvs_shim.c.obj
[2065/2138] Building C object esp-idf/modulus_zig/CMakeFiles/__idf_modulus_zig.dir/i2c_coex_shim.c.obj
[2066/2138] Building C object esp-idf/modulus_zig/CMakeFiles/__idf_modulus_zig.dir/tab5_pi4ioe.c.obj
[2067/2138] Building C object esp-idf/modulus_zig/CMakeFiles/__idf_modulus_zig.dir/serial_shim.c.obj
[2068/2138] Building C object esp-idf/modulus_zig/CMakeFiles/__idf_modulus_zig.dir/tcp_transport_shim.c.obj
[2069/2138] Building C object esp-idf/modulus_zig/CMakeFiles/__idf_modulus_zig.dir/i2c_transport_shim.c.obj
[2070/2138] Building C object esp-idf/modulus_zig/CMakeFiles/__idf_modulus_zig.dir/canbus_shim.c.obj
[2071/2138] Building C object esp-idf/modulus_zig/CMakeFiles/__idf_modulus_zig.dir/espnow_transport_shim.c.obj
[2072/2138] Building C object esp-idf/modulus_zig/CMakeFiles/__idf_modulus_zig.dir/ble_transport_shim.c.obj
[2073/2138] Building C object esp-idf/modulus_zig/CMakeFiles/__idf_modulus_zig.dir/event_shim.c.obj
[2074/2138] Building C object esp-idf/modulus_zig/CMakeFiles/__idf_modulus_zig.dir/display_shim.c.obj
[2075/2138] Building C object esp-idf/modulus_zig/CMakeFiles/__idf_modulus_zig.dir/security_shim.c.obj
[2076/2138] Building C object esp-idf/modulus_zig/CMakeFiles/__idf_modulus_zig.dir/imu_shim.c.obj
[2077/2138] Building C object esp-idf/modulus_zig/CMakeFiles/__idf_modulus_zig.dir/wakeup_shim.c.obj
[2078/2138] Building C object esp-idf/modulus_zig/CMakeFiles/__idf_modulus_zig.dir/i18n_shim.c.obj
[2079/2138] Building C object esp-idf/modulus_zig/CMakeFiles/__idf_modulus_zig.dir/audio_shim.c.obj
[2080/2138] Building C object esp-idf/modulus_zig/CMakeFiles/__idf_modulus_zig.dir/battery_shim.c.obj
[2081/2138] Building C object esp-idf/modulus_zig/CMakeFiles/__idf_modulus_zig.dir/rx8130.c.obj
[2082/2138] Building C object esp-idf/modulus_zig/CMakeFiles/__idf_modulus_zig.dir/rtc_shim.c.obj
[2083/2138] Building C object esp-idf/modulus_zig/CMakeFiles/__idf_modulus_zig.dir/power_shim.c.obj
[2084/2138] Building C object esp-idf/modulus_zig/CMakeFiles/__idf_modulus_zig.dir/wireless_shim.c.obj
[2085/2138] Building C object esp-idf/modulus_zig/CMakeFiles/__idf_modulus_zig.dir/ui_theme.c.obj
[2086/2138] Building C object esp-idf/modulus_zig/CMakeFiles/__idf_modulus_zig.dir/ui_icons.c.obj
[2087/2138] Building C object esp-idf/modulus_zig/CMakeFiles/__idf_modulus_zig.dir/ui_icons_battery.c.obj
[2088/2138] Building C object esp-idf/modulus_zig/CMakeFiles/__idf_modulus_zig.dir/assets/icons/generated/icon_assets_24.c.obj
[2089/2138] Building C object esp-idf/modulus_zig/CMakeFiles/__idf_modulus_zig.dir/assets/icons/generated/icon_assets_32.c.obj
[2090/2138] Building C object esp-idf/modulus_zig/CMakeFiles/__idf_modulus_zig.dir/assets/icons/generated/icon_assets_40.c.obj
[2091/2138] Building C object esp-idf/modulus_zig/CMakeFiles/__idf_modulus_zig.dir/ui_boot.c.obj
[2092/2138] Building C object esp-idf/modulus_zig/CMakeFiles/__idf_modulus_zig.dir/ui_dashboard.c.obj
[2093/2138] Building C object esp-idf/modulus_zig/CMakeFiles/__idf_modulus_zig.dir/ui_status_bar.c.obj
[2094/2138] Building C object esp-idf/modulus_zig/CMakeFiles/__idf_modulus_zig.dir/ui_status_bar_helpers.c.obj
[2095/2138] Building C object esp-idf/modulus_zig/CMakeFiles/__idf_modulus_zig.dir/ui_status_bar_data.c.obj
[2096/2138] Building C object esp-idf/modulus_zig/CMakeFiles/__idf_modulus_zig.dir/ui_status_bar_build.c.obj
[2097/2138] Building C object esp-idf/modulus_zig/CMakeFiles/__idf_modulus_zig.dir/ui_widget_jog.c.obj
[2098/2138] Building C object esp-idf/modulus_zig/CMakeFiles/__idf_modulus_zig.dir/ui_widget_actions.c.obj
[2099/2138] Building C object esp-idf/modulus_zig/CMakeFiles/__idf_modulus_zig.dir/ui_quick_grid.c.obj
[2100/2138] Building C object esp-idf/modulus_zig/CMakeFiles/__idf_modulus_zig.dir/ui_widget_dro.c.obj
[2101/2138] Building C object esp-idf/modulus_zig/CMakeFiles/__idf_modulus_zig.dir/ui_widget_dro_build.c.obj
[2102/2138] Building C object esp-idf/modulus_zig/CMakeFiles/__idf_modulus_zig.dir/ui_zero_confirm.c.obj
[2103/2138] Building C object esp-idf/modulus_zig/CMakeFiles/__idf_modulus_zig.dir/ui_widget_overrides.c.obj
[2104/2138] Building C object esp-idf/modulus_zig/CMakeFiles/__idf_modulus_zig.dir/ui_quick_settings.c.obj
[2105/2138] Building C object esp-idf/modulus_zig/CMakeFiles/__idf_modulus_zig.dir/ui_power_menu.c.obj
[2106/2138] Building C object esp-idf/modulus_zig/CMakeFiles/__idf_modulus_zig.dir/ui_power_menu_build.c.obj
[2107/2138] Building C object esp-idf/modulus_zig/CMakeFiles/__idf_modulus_zig.dir/ui_power_menu_shell.c.obj
[2108/2138] Building C object esp-idf/modulus_zig/CMakeFiles/__idf_modulus_zig.dir/ui_power_menu_confirm.c.obj
[2109/2138] Building C object esp-idf/modulus_zig/CMakeFiles/__idf_modulus_zig.dir/ui_settings.c.obj
[2110/2138] Building C object esp-idf/modulus_zig/CMakeFiles/__idf_modulus_zig.dir/ui_settings_common.c.obj
[2111/2138] Building C object esp-idf/modulus_zig/CMakeFiles/__idf_modulus_zig.dir/ui_settings_modals.c.obj
[2112/2138] Building C object esp-idf/modulus_zig/CMakeFiles/__idf_modulus_zig.dir/ui_settings_wireless.c.obj
[2113/2138] Building C object esp-idf/modulus_zig/CMakeFiles/__idf_modulus_zig.dir/ui_settings_widgets.c.obj
[2114/2138] Building C object esp-idf/modulus_zig/CMakeFiles/__idf_modulus_zig.dir/ui_settings_widgets_ctl.c.obj
[2115/2138] Building C object esp-idf/modulus_zig/CMakeFiles/__idf_modulus_zig.dir/ui_settings_tab_cnc.c.obj
[2116/2138] Building C object esp-idf/modulus_zig/CMakeFiles/__idf_modulus_zig.dir/ui_settings_tab_system.c.obj
[2117/2138] Building C object esp-idf/modulus_zig/CMakeFiles/__idf_modulus_zig.dir/ui_settings_time.c.obj
[2118/2138] Building C object esp-idf/modulus_zig/CMakeFiles/__idf_modulus_zig.dir/ui_settings_tabs.c.obj
[2119/2138] Building C object esp-idf/modulus_zig/CMakeFiles/__idf_modulus_zig.dir/ui_pin_lock.c.obj
[2120/2138] Building C object esp-idf/modulus_zig/CMakeFiles/__idf_modulus_zig.dir/ui_shim.c.obj
[2121/2138] Building ASM object esp-idf/modulus_zig/CMakeFiles/__idf_modulus_zig.dir/__/__/boot_sound.mp3.S.obj
[2122/2138] Building C object esp-idf/modulus_zig/CMakeFiles/__idf_modulus_zig.dir/ui_touch_sound.c.obj
[2123/2138] Building ASM object esp-idf/modulus_zig/CMakeFiles/__idf_modulus_zig.dir/__/__/shutdown_sfx.mp3.S.obj
[2124/2138] Building C object esp-idf/main/CMakeFiles/__idf_main.dir/main.c.obj
[2125/2138] Building C object esp-idf/modulus_zig/CMakeFiles/__idf_modulus_zig.dir/i2c_scan_shim.c.obj
[2126/2138] Performing build step for 'bootloader'
[1/176] Building C object esp-idf/log/CMakeFiles/__idf_log.dir/src/noos/util.c.obj
[2/176] Building C object esp-idf/log/CMakeFiles/__idf_log.dir/src/noos/log_lock.c.obj
[3/176] Building C object esp-idf/log/CMakeFiles/__idf_log.dir/src/util.c.obj
[4/176] Building C object esp-idf/log/CMakeFiles/__idf_log.dir/src/log_timestamp_common.c.obj
[5/176] Building C object esp-idf/log/CMakeFiles/__idf_log.dir/src/log.c.obj
[6/176] Building C object esp-idf/log/CMakeFiles/__idf_log.dir/src/log_format_text.c.obj
[7/176] Building C object esp-idf/log/CMakeFiles/__idf_log.dir/src/noos/log_timestamp.c.obj
[8/176] Building C object esp-idf/esp_rom/CMakeFiles/__idf_esp_rom.dir/patches/esp_rom_crc.c.obj
[9/176] Building C object esp-idf/esp_rom/CMakeFiles/__idf_esp_rom.dir/patches/esp_rom_sys.c.obj
[10/176] Building C object esp-idf/log/CMakeFiles/__idf_log.dir/src/log_print.c.obj
[11/176] Building C object esp-idf/esp_rom/CMakeFiles/__idf_esp_rom.dir/patches/esp_rom_efuse.c.obj
[12/176] Building C object esp-idf/esp_rom/CMakeFiles/__idf_esp_rom.dir/patches/esp_rom_gpio.c.obj
[13/176] Building C object esp-idf/esp_rom/CMakeFiles/__idf_esp_rom.dir/patches/esp_rom_clic.c.obj
[14/176] Building C object esp-idf/log/CMakeFiles/__idf_log.dir/src/buffer/log_buffers.c.obj
[15/176] Building C object esp-idf/esp_rom/CMakeFiles/__idf_esp_rom.dir/patches/esp_rom_spiflash.c.obj
[16/176] Building C object esp-idf/esp_rom/CMakeFiles/__idf_esp_rom.dir/patches/esp_rom_serial_output.c.obj
[17/176] Building C object esp-idf/esp_rom/CMakeFiles/__idf_esp_rom.dir/patches/esp_rom_cache_writeback_esp32p4_esp32s31.c.obj
[18/176] Building C object esp-idf/esp_rom/CMakeFiles/__idf_esp_rom.dir/patches/esp_rom_print.c.obj
[19/176] Building C object esp-idf/esp_hw_support/CMakeFiles/__idf_esp_hw_support.dir/esp_memory_utils.c.obj
[20/176] Building C object esp-idf/esp_common/CMakeFiles/__idf_esp_common.dir/src/esp_err_to_name.c.obj
[21/176] Building C object esp-idf/esp_hw_support/CMakeFiles/__idf_esp_hw_support.dir/port/esp32p4/esp_cpu_intr.c.obj
[22/176] Building C object esp-idf/esp_hw_support/CMakeFiles/__idf_esp_hw_support.dir/port/esp32p4/cpu_region_protect.c.obj
[23/176] Building C object esp-idf/esp_hw_support/CMakeFiles/__idf_esp_hw_support.dir/cpu.c.obj
[24/176] Building C object esp-idf/esp_hal_cam/CMakeFiles/__idf_esp_hal_cam.dir/esp32p4/mipi_csi_periph.c.obj
[25/176] Building C object esp-idf/esp_hw_support/CMakeFiles/__idf_esp_hw_support.dir/port/esp32p4/pmu_param.c.obj
[26/176] Building C object esp-idf/esp_hw_support/CMakeFiles/__idf_esp_hw_support.dir/port/esp32p4/chip_info.c.obj
[27/176] Building C object esp-idf/esp_hal_cam/CMakeFiles/__idf_esp_hal_cam.dir/cam_hal.c.obj
[28/176] Building C object esp-idf/esp_hal_systimer/CMakeFiles/__idf_esp_hal_systimer.dir/rom_patch.c.obj
[29/176] Building C object esp-idf/esp_hal_cam/CMakeFiles/__idf_esp_hal_cam.dir/esp32p4/cam_periph.c.obj
[30/176] Building C object esp-idf/esp_hw_support/CMakeFiles/__idf_esp_hw_support.dir/port/esp32p4/rtc_time.c.obj
[31/176] Building C object esp-idf/esp_hw_support/CMakeFiles/__idf_esp_hw_support.dir/port/esp32p4/pmu_init.c.obj
[32/176] Building C object esp-idf/esp_hal_cam/CMakeFiles/__idf_esp_hal_cam.dir/esp32p4/isp_periph.c.obj
[33/176] Building C object esp-idf/esp_hw_support/CMakeFiles/__idf_esp_hw_support.dir/port/esp32p4/rtc_clk_init.c.obj
[34/176] Building C object esp-idf/esp_hal_cam/CMakeFiles/__idf_esp_hal_cam.dir/mipi_csi_hal.c.obj
[35/176] Linking C static library esp-idf\log\liblog.a
[36/176] Building C object esp-idf/esp_system/CMakeFiles/__idf_esp_system.dir/esp_err.c.obj
[37/176] Building C object esp-idf/efuse/CMakeFiles/__idf_efuse.dir/esp32p4/esp_efuse_table.c.obj
[38/176] Building C object esp-idf/efuse/CMakeFiles/__idf_efuse.dir/esp32p4/esp_efuse_fields.c.obj
[39/176] Building C object esp-idf/esp_hal_cam/CMakeFiles/__idf_esp_hal_cam.dir/isp_hal.c.obj
[40/176] Building C object esp-idf/esp_hw_support/CMakeFiles/__idf_esp_hw_support.dir/port/esp32p4/rtc_clk.c.obj
[41/176] Building C object esp-idf/efuse/CMakeFiles/__idf_efuse.dir/esp32p4/esp_efuse_rtc_calib.c.obj
[42/176] Building C object esp-idf/efuse/CMakeFiles/__idf_efuse.dir/esp32p4/esp_efuse_utility.c.obj
[43/176] Building C object esp-idf/efuse/CMakeFiles/__idf_efuse.dir/src/esp_efuse_api.c.obj
[44/176] Building C object esp-idf/efuse/CMakeFiles/__idf_efuse.dir/src/esp_efuse_fields.c.obj
[45/176] Building C object esp-idf/esp_hw_support/CMakeFiles/__idf_esp_hw_support.dir/port/esp32p4/pmu_sleep.c.obj
[46/176] Building C object esp-idf/bootloader_support/CMakeFiles/__idf_bootloader_support.dir/src/bootloader_clock_init.c.obj
[47/176] Building C object esp-idf/efuse/CMakeFiles/__idf_efuse.dir/src/efuse_controller/keys/with_key_purposes/esp_efuse_api_key.c.obj
[48/176] Building C object esp-idf/bootloader_support/CMakeFiles/__idf_bootloader_support.dir/src/bootloader_efuse.c.obj
[49/176] Building C object esp-idf/bootloader_support/CMakeFiles/__idf_bootloader_support.dir/src/bootloader_mem.c.obj
[50/176] Building C object esp-idf/efuse/CMakeFiles/__idf_efuse.dir/src/esp_efuse_utility.c.obj
[51/176] Building C object esp-idf/bootloader_support/CMakeFiles/__idf_bootloader_support.dir/src/secure_boot.c.obj
[52/176] Building C object esp-idf/bootloader_support/CMakeFiles/__idf_bootloader_support.dir/src/bootloader_common_loader.c.obj
[53/176] Building C object esp-idf/bootloader_support/CMakeFiles/__idf_bootloader_support.dir/src/bootloader_reset_common.c.obj
[54/176] Linking C static library esp-idf\esp_rom\libesp_rom.a
[55/176] Building C object esp-idf/bootloader_support/CMakeFiles/__idf_bootloader_support.dir/src/bootloader_random.c.obj
[56/176] Building C object esp-idf/bootloader_support/CMakeFiles/__idf_bootloader_support.dir/src/bootloader_sha.c.obj
[57/176] Building C object esp-idf/bootloader_support/CMakeFiles/__idf_bootloader_support.dir/src/flash_encrypt.c.obj
[58/176] Building C object esp-idf/bootloader_support/CMakeFiles/__idf_bootloader_support.dir/src/bootloader_random_esp32p4.c.obj
[59/176] Building C object esp-idf/bootloader_support/CMakeFiles/__idf_bootloader_support.dir/src/bootloader_clock_loader.c.obj
[60/176] Building C object esp-idf/bootloader_support/CMakeFiles/__idf_bootloader_support.dir/src/flash_partitions.c.obj
[61/176] Building C object esp-idf/bootloader_support/CMakeFiles/__idf_bootloader_support.dir/src/bootloader_common.c.obj
[62/176] Building C object esp-idf/bootloader_support/CMakeFiles/__idf_bootloader_support.dir/src/bootloader_console_loader.c.obj
[63/176] Building C object esp-idf/bootloader_support/CMakeFiles/__idf_bootloader_support.dir/bootloader_flash/src/flash_qio_mode.c.obj
[64/176] Building C object esp-idf/bootloader_support/CMakeFiles/__idf_bootloader_support.dir/src/esp32p4/bootloader_soc.c.obj
[65/176] Building C object esp-idf/esp_security/CMakeFiles/__idf_esp_security.dir/src/esp_crypto_lock.c.obj
[66/176] Building C object esp-idf/bootloader_support/CMakeFiles/__idf_bootloader_support.dir/src/bootloader_console.c.obj
[67/176] Building C object esp-idf/bootloader_support/CMakeFiles/__idf_bootloader_support.dir/bootloader_flash/src/bootloader_flash_config_esp32p4.c.obj
[68/176] Building C object esp-idf/bootloader_support/CMakeFiles/__idf_bootloader_support.dir/src/bootloader_panic.c.obj
[69/176] Linking C static library esp-idf\esp_common\libesp_common.a
[70/176] Building C object esp-idf/esp_hal_ana_conv/CMakeFiles/__idf_esp_hal_ana_conv.dir/esp32p4/temperature_sensor_periph.c.obj
[71/176] Building C object esp-idf/esp_hal_security/CMakeFiles/__idf_esp_hal_security.dir/key_mgr_hal.c.obj
[72/176] Building C object esp-idf/esp_hal_security/CMakeFiles/__idf_esp_hal_security.dir/huk_hal.c.obj
[73/176] Building C object esp-idf/bootloader_support/CMakeFiles/__idf_bootloader_support.dir/bootloader_flash/src/bootloader_flash.c.obj
[74/176] Building C object esp-idf/esp_hal_ana_conv/CMakeFiles/__idf_esp_hal_ana_conv.dir/esp32p4/adc_periph.c.obj
[75/176] Building C object esp-idf/esp_security/CMakeFiles/__idf_esp_security.dir/src/esp_key_mgr.c.obj
[76/176] Building C object esp-idf/bootloader_support/CMakeFiles/__idf_bootloader_support.dir/src/bootloader_init.c.obj
[77/176] Building C object esp-idf/esp_hal_ana_conv/CMakeFiles/__idf_esp_hal_ana_conv.dir/adc_hal_common.c.obj
[78/176] Building C object esp-idf/esp_hal_uart/CMakeFiles/__idf_esp_hal_uart.dir/esp32p4/uart_periph.c.obj
[79/176] Building C object esp-idf/esp_security/CMakeFiles/__idf_esp_security.dir/src/esp_crypto_periph_clk.c.obj
[80/176] Building C object esp-idf/esp_hal_uart/CMakeFiles/__idf_esp_hal_uart.dir/uhci_hal.c.obj
[81/176] Building C object esp-idf/esp_hal_uart/CMakeFiles/__idf_esp_hal_uart.dir/uart_hal_iram.c.obj
[82/176] Building C object esp-idf/esp_hal_ana_conv/CMakeFiles/__idf_esp_hal_ana_conv.dir/temperature_sensor_hal.c.obj
[83/176] Building C object esp-idf/esp_hal_ana_conv/CMakeFiles/__idf_esp_hal_ana_conv.dir/adc_oneshot_hal.c.obj
[84/176] Building C object esp-idf/bootloader_support/CMakeFiles/__idf_bootloader_support.dir/src/esp_image_format.c.obj
[85/176] Building C object esp-idf/esp_hal_ana_conv/CMakeFiles/__idf_esp_hal_ana_conv.dir/adc_hal.c.obj
[86/176] Building C object esp-idf/esp_hal_wdt/CMakeFiles/__idf_esp_hal_wdt.dir/esp32p4/mwdt_periph.c.obj
[87/176] Building C object esp-idf/esp_hal_timg/CMakeFiles/__idf_esp_hal_timg.dir/esp32p4/timer_periph.c.obj
[88/176] Building C object esp-idf/bootloader_support/CMakeFiles/__idf_bootloader_support.dir/src/bootloader_utility.c.obj
[89/176] Building C object esp-idf/bootloader_support/CMakeFiles/__idf_bootloader_support.dir/src/esp32p4/bootloader_esp32p4.c.obj
[90/176] Building C object esp-idf/esp_bootloader_format/CMakeFiles/__idf_esp_bootloader_format.dir/esp_bootloader_desc.c.obj
[91/176] Building C object esp-idf/esp_hal_uart/CMakeFiles/__idf_esp_hal_uart.dir/uart_hal.c.obj
[92/176] Linking C static library esp-idf\esp_hw_support\libesp_hw_support.a
[93/176] Building C object esp-idf/esp_hal_timg/CMakeFiles/__idf_esp_hal_timg.dir/timer_hal.c.obj
[94/176] Building C object esp-idf/esp_hal_wdt/CMakeFiles/__idf_esp_hal_wdt.dir/rom_patch.c.obj
[95/176] Building C object esp-idf/esp_hal_gpspi/CMakeFiles/__idf_esp_hal_gpspi.dir/esp32p4/spi_periph.c.obj
[96/176] Building C object esp-idf/esp_hal_mspi/CMakeFiles/__idf_esp_hal_mspi.dir/esp32p4/mspi_periph.c.obj
[97/176] Building C object esp-idf/esp_hal_gpspi/CMakeFiles/__idf_esp_hal_gpspi.dir/spi_hal.c.obj
[98/176] Building C object esp-idf/spi_flash/CMakeFiles/__idf_spi_flash.dir/spi_flash_wrap.c.obj
[99/176] Building C object esp-idf/esp_hal_gpspi/CMakeFiles/__idf_esp_hal_gpspi.dir/spi_slave_hal.c.obj
[100/176] Building C object esp-idf/esp_hal_clock/CMakeFiles/__idf_esp_hal_clock.dir/esp32p4/clk_tree_hal.c.obj
[101/176] Building C object esp-idf/esp_hal_dma/CMakeFiles/__idf_esp_hal_dma.dir/esp32p4/gdma_periph.c.obj
[102/176] Building C object esp-idf/esp_hal_dma/CMakeFiles/__idf_esp_hal_dma.dir/gdma_hal_top.c.obj
[103/176] Building C object esp-idf/esp_hal_gpspi/CMakeFiles/__idf_esp_hal_gpspi.dir/spi_hal_iram.c.obj
[104/176] Building C object esp-idf/esp_hal_gpspi/CMakeFiles/__idf_esp_hal_gpspi.dir/spi_slave_hal_iram.c.obj
[105/176] Building C object esp-idf/esp_hal_dma/CMakeFiles/__idf_esp_hal_dma.dir/gdma_hal_crc_gen.c.obj
[106/176] Building C object esp-idf/esp_hal_dma/CMakeFiles/__idf_esp_hal_dma.dir/esp32p4/dma2d_periph.c.obj
[107/176] Building C object esp-idf/esp_hal_dma/CMakeFiles/__idf_esp_hal_dma.dir/dw_gdma_hal.c.obj
[108/176] Linking C static library esp-idf\esp_hal_cam\libesp_hal_cam.a
[109/176] Building C object esp-idf/esp_hal_gpspi/CMakeFiles/__idf_esp_hal_gpspi.dir/spi_slave_hd_hal.c.obj
[110/176] Building C object esp-idf/esp_hal_dma/CMakeFiles/__idf_esp_hal_dma.dir/dma2d_hal.c.obj
[111/176] Building C object esp-idf/esp_hal_regi2c/CMakeFiles/__idf_esp_hal_regi2c.dir/esp32p4/regi2c_impl.c.obj
[112/176] Building C object esp-idf/esp_hal_gpio/CMakeFiles/__idf_esp_hal_gpio.dir/esp32p4/rtc_io_periph.c.obj
[113/176] Building C object esp-idf/esp_hal_gpio/CMakeFiles/__idf_esp_hal_gpio.dir/esp32p4/dedic_gpio_periph.c.obj
[114/176] Building C object esp-idf/esp_hal_pmu/CMakeFiles/__idf_esp_hal_pmu.dir/esp32p4/pmu_hal.c.obj
[115/176] Building C object esp-idf/esp_hal_pmu/CMakeFiles/__idf_esp_hal_pmu.dir/brownout_hal.c.obj
[116/176] Building C object esp-idf/esp_hal_pmu/CMakeFiles/__idf_esp_hal_pmu.dir/vbat_hal.c.obj
[117/176] Building C object esp-idf/esp_hal_pmu/CMakeFiles/__idf_esp_hal_pmu.dir/esp32p4/pau_hal.c.obj
[118/176] Building C object esp-idf/esp_hal_usb/CMakeFiles/__idf_esp_hal_usb.dir/esp32p4/usb_dwc_periph.c.obj
[119/176] Building C object esp-idf/esp_hal_dma/CMakeFiles/__idf_esp_hal_dma.dir/gdma_hal_ahb_v2.c.obj
[120/176] Building C object esp-idf/esp_hal_gpio/CMakeFiles/__idf_esp_hal_gpio.dir/rtc_io_hal.c.obj
[121/176] Building C object esp-idf/esp_hal_usb/CMakeFiles/__idf_esp_hal_usb.dir/usb_serial_jtag_hal.c.obj
[122/176] Building C object esp-idf/soc/CMakeFiles/__idf_soc.dir/lldesc.c.obj
[123/176] Building C object esp-idf/esp_hal_gpio/CMakeFiles/__idf_esp_hal_gpio.dir/esp32p4/sdm_periph.c.obj
[124/176] Building C object esp-idf/esp_hal_usb/CMakeFiles/__idf_esp_hal_usb.dir/usb_utmi_hal.c.obj
[125/176] Building C object esp-idf/esp_hal_gpio/CMakeFiles/__idf_esp_hal_gpio.dir/sdm_hal.c.obj
[126/176] Building C object esp-idf/esp_hal_gpio/CMakeFiles/__idf_esp_hal_gpio.dir/gpio_hal.c.obj
[127/176] Building C object esp-idf/esp_hal_dma/CMakeFiles/__idf_esp_hal_dma.dir/gdma_hal_axi.c.obj
[128/176] Building C object esp-idf/esp_hal_usb/CMakeFiles/__idf_esp_hal_usb.dir/usb_wrap_hal.c.obj
[129/176] Building C object esp-idf/micro-ecc/CMakeFiles/__idf_micro-ecc.dir/uECC_verify_antifault.c.obj
[130/176] Building C object esp-idf/esp_hal_usb/CMakeFiles/__idf_esp_hal_usb.dir/usb_dwc_hal.c.obj
[131/176] Building C object esp-idf/soc/CMakeFiles/__idf_soc.dir/esp32p4/interrupts.c.obj
[132/176] Linking C static library esp-idf\esp_system\libesp_system.a
[133/176] Building C object esp-idf/soc/CMakeFiles/__idf_soc.dir/dport_access_common.c.obj
[134/176] Building C object esp-idf/soc/CMakeFiles/__idf_soc.dir/esp32p4/gpio_periph.c.obj
[135/176] Generating project_elf_src_esp32p4.c
[136/176] Building C object esp-idf/soc/CMakeFiles/__idf_soc.dir/esp32p4/debug_probe_periph.c.obj
[137/176] Building C object esp-idf/soc/CMakeFiles/__idf_soc.dir/esp32p4/mpi_periph.c.obj
[138/176] Building C object esp-idf/soc/CMakeFiles/__idf_soc.dir/esp32p4/power_supply_periph.c.obj
[139/176] Preprocessing linker script C:/Espressif/frameworks/esp-idf-v6.0.1/components/bootloader/subproject/main/ld/esp32p4/bootloader.memory.ld.in -> C:/Users/BEAST MODE/Desktop/Modulus Convert to ZIG/firmware/tab5/build/bootloader/ld/bootloader.memory.ld
[140/176] Building C object esp-idf/soc/CMakeFiles/__idf_soc.dir/esp32p4/system_retention_periph.c.obj
[141/176] Preprocessing linker script C:/Espressif/frameworks/esp-idf-v6.0.1/components/bootloader/subproject/main/ld/esp32p4/bootloader.sections.ld.in -> C:/Users/BEAST MODE/Desktop/Modulus Convert to ZIG/firmware/tab5/build/bootloader/ld/bootloader.sections.ld
[142/176] Building C object esp-idf/riscv/CMakeFiles/__idf_riscv.dir/rv_utils.c.obj
[143/176] Building C object esp-idf/hal/CMakeFiles/__idf_hal.dir/hal_utils.c.obj
[144/176] Linking C static library esp-idf\esp_hal_systimer\libesp_hal_systimer.a
[145/176] Building C object esp-idf/hal/CMakeFiles/__idf_hal.dir/esp32p4/efuse_hal.c.obj
[146/176] Building C object esp-idf/hal/CMakeFiles/__idf_hal.dir/efuse_hal.c.obj
[147/176] Building C object CMakeFiles/bootloader.elf.dir/project_elf_src_esp32p4.c.obj
[148/176] Building C object esp-idf/hal/CMakeFiles/__idf_hal.dir/mmu_hal.c.obj
[149/176] Building C object esp-idf/main/CMakeFiles/__idf_main.dir/bootloader_start.c.obj
[150/176] Linking C static library esp-idf\efuse\libefuse.a
[151/176] Building C object esp-idf/hal/CMakeFiles/__idf_hal.dir/cache_hal.c.obj
[152/176] Linking C static library esp-idf\bootloader_support\libbootloader_support.a
[153/176] Linking C static library esp-idf\esp_security\libesp_security.a
[154/176] Linking C static library esp-idf\esp_hal_security\libesp_hal_security.a
[155/176] Linking C static library esp-idf\esp_hal_ana_conv\libesp_hal_ana_conv.a
[156/176] Linking C static library esp-idf\esp_hal_uart\libesp_hal_uart.a
[157/176] Linking C static library esp-idf\esp_hal_wdt\libesp_hal_wdt.a
[158/176] Linking C static library esp-idf\esp_hal_timg\libesp_hal_timg.a
[159/176] Linking C static library esp-idf\micro-ecc\libmicro-ecc.a
[160/176] Linking C static library esp-idf\esp_bootloader_format\libesp_bootloader_format.a
[161/176] Linking C static library esp-idf\spi_flash\libspi_flash.a
[162/176] Linking C static library esp-idf\esp_hal_mspi\libesp_hal_mspi.a
[163/176] Linking C static library esp-idf\esp_hal_clock\libesp_hal_clock.a
[164/176] Linking C static library esp-idf\esp_hal_gpspi\libesp_hal_gpspi.a
[165/176] Linking C static library esp-idf\esp_hal_dma\libesp_hal_dma.a
[166/176] Linking C static library esp-idf\esp_hal_regi2c\libesp_hal_regi2c.a
[167/176] Linking C static library esp-idf\esp_hal_pmu\libesp_hal_pmu.a
[168/176] Linking C static library esp-idf\esp_hal_usb\libesp_hal_usb.a
[169/176] Linking C static library esp-idf\esp_hal_gpio\libesp_hal_gpio.a
[170/176] Linking C static library esp-idf\soc\libsoc.a
[171/176] Linking C static library esp-idf\riscv\libriscv.a
[172/176] Linking C static library esp-idf\hal\libhal.a
[173/176] Linking C static library esp-idf\main\libmain.a
[174/176] Linking C executable bootloader.elf
[175/176] Generating binary image from built executable
esptool v5.3.dev3

Creating ESP32-P4 image...

Merged 2 ELF sections.

Successfully created ESP32-P4 image.

Generated C:/Users/BEAST MODE/Desktop/Modulus Convert to ZIG/firmware/tab5/build/bootloader/bootloader.bin
[176/176] C:\WINDOWS\system32\cmd.exe /C "cd /D "C:\Users\BEAST MODE\Desktop\Modulus Convert to ZIG\firmware\tab5\build\bootloader" && C:\Espressif\python_env\idf6.2_py3.15_env\Scripts\python.exe C:/Espressif/frameworks/esp-idf-v6.0.1/components/partition_table/check_sizes.py --offset 0x8000 bootloader 0x2000 "C:/Users/BEAST MODE/Desktop/Modulus Convert to ZIG/firmware/tab5/build/bootloader/bootloader.bin""

Bootloader binary size 0x59e0 bytes. 0x620 bytes (6%) free.


[2127/2138] No install step for 'bootloader'
[2128/2138] Building C object esp-idf/modulus_zig/CMakeFiles/__idf_modulus_zig.dir/mbus_shim.c.obj
[2129/2138] Building C object esp-idf/modulus_zig/CMakeFiles/__idf_modulus_zig.dir/ui_settings_tabs_extra.c.obj
[2130/2138] Building C object esp-idf/modulus_zig/CMakeFiles/__idf_modulus_zig.dir/storage_shim.c.obj
[2131/2138] Completed 'bootloader'
[2132/2138] Linking C static library esp-idf\modulus_zig\libmodulus_zig.a
[2133/2138] Linking C static library esp-idf\main\libmain.a
[2134/2138] Generating esp-idf/esp_system/ld/sections.ld
[2135/2138] Building C object CMakeFiles/modulus_tab5.elf.dir/project_elf_src_esp32p4.c.obj
[2136/2138] Linking CXX executable modulus_tab5.elf
[2137/2138] Generating binary image from built executable
esptool v5.3.dev3

Creating ESP32-P4 image...

Merged 4 ELF sections.

Successfully created ESP32-P4 image.

Generated C:/Users/BEAST MODE/Desktop/Modulus Convert to ZIG/firmware/tab5/build/modulus_tab5.bin
[2138/2138] C:\WINDOWS\system32\cmd.exe /C "cd /D "C:\Users\BEAST MODE\Desktop\Modulus Convert to ZIG\firmware\tab5\build" && C:\Espressif\python_env\idf6.2_py3.15_env\Scripts\python.exe C:/Espressif/frameworks/esp-idf-v6.0.1/components/partition_table/check_sizes.py --offset 0x8000 partition --type app "C:/Users/BEAST MODE/Desktop/Modulus Convert to ZIG/firmware/tab5/build/partition_table/partition-table.bin" "C:/Users/BEAST MODE/Desktop/Modulus Convert to ZIG/firmware/tab5/build/modulus_tab5.bin""
modulus_tab5.bin binary size 0x270fb0 bytes. Smallest app partition is 0x300000 bytes. 0x8f050 bytes (19%) free.

Executing action: all (aliases: build)
Running cmake in directory 'C:\Users\BEAST MODE\Desktop\Modulus Convert to ZIG\firmware\tab5\build'
Executing "cmake -G Ninja -B 'C:\Users\BEAST MODE\Desktop\Modulus Convert to ZIG\firmware\tab5\build' -DPYTHON_DEPS_CHECKED=1 -DPYTHON=C:\Espressif\python_env\idf6.2_py3.15_env\Scripts\python.exe -DESP_PLATFORM=1 -DCCACHE_ENABLE=True 'C:\Users\BEAST MODE\Desktop\Modulus Convert to ZIG\firmware\tab5'"...
Running ninja in directory 'C:\Users\BEAST MODE\Desktop\Modulus Convert to ZIG\firmware\tab5\build'
Executing "ninja all"...


Project build complete. To flash, run:
 idf.py flash
or
 idf.py -p PORT flash
or
 python -m esptool --chip esp32p4 -b 460800 --before default-reset --after hard-reset write-flash --flash-mode dio --flash-size 16MB --flash-freq 40m 0x2000 build\bootloader\bootloader.bin 0x8000 build\partition_table\partition-table.bin 0x10000 build\modulus_tab5.bin
or from the "C:\Users\BEAST MODE\Desktop\Modulus Convert to ZIG\firmware\tab5\build" directory
 python -m esptool --chip esp32p4 -b 460800 --before default-reset --after hard-reset write-flash "@flash_args"
